section,key,english,hindi_reference,translation,reviewer_ok (Y/N),reviewer_suggestion,notes
strings,brand,MoSJE Scholarships,MoSJE छात्रवृत्ति,MoSJE বৃত্তি,,,
strings,appSub,Official · Free · Govt. of India,सरकारी · मुफ़्त · भारत सरकार,সরকারি · বিনামূল্যে · ভারত সরকার,,,
strings,typingS,typing…,लिख रहे हैं…,লিখছে…,,,
strings,typeAnswer,Type your answer,अपना जवाब लिखें,আপনার উত্তর লিখুন,,,
strings,tapOption,Tap an option or type,विकल्प चुनें या लिखें,একটি বিকল্প বাছুন বা লিখুন,,,
strings,chooseLang,Choose your language,अपनी भाषा चुनें,আপনার ভাষা বাছুন,,,
strings,noName,✗ No name,✗ नाम नहीं,✗ নাম লাগবে না,,,
strings,noAadhaar,✗ No Aadhaar,✗ आधार नहीं,✗ আধার লাগবে না,,,
strings,noBank,✗ No bank details,✗ बैंक जानकारी नहीं,✗ ব্যাংকের তথ্য লাগবে না,,,
strings,agree,Agree,सहमत हूँ,সম্মত,,,
strings,ageQ,How old are you?,आपकी उम्र कितनी है?,আপনার বয়স কত?,,,
strings,age_u18,Under 18,18 से कम,18-র কম,,,
strings,age_18,18 or above,18 या उससे ज़्यादा,18 বা তার বেশি,,,
strings,qOf,Question {n} of 5,सवाल {n} / 5,প্রশ্ন {n} / 5,,,
strings,qShort,{n} of 5,{n} / 5,{n} / 5,,,
strings,ph_state,Type your State,अपना राज्य लिखें,আপনার রাজ্যের নাম লিখুন,,,
strings,noState,No State found – check the spelling,कोई राज्य नहीं मिला – स्पेलिंग जाँचें,কোনো রাজ্য পাওয়া যায়নি – বানান দেখুন,,,
strings,youMean,"You mean “{x}”, right?","आपका मतलब “{x}” है, सही?","আপনি “{x}” বলতে চাইছেন, তাই তো?",,,
strings,yes,Yes,हाँ,হ্যাঁ,,,
strings,no,No,नहीं,না,,,
strings,notSure,Not sure,पता नहीं,নিশ্চিত নই,,,
strings,pickAbove,Okay. Please tap one of the options below.,ठीक है। कृपया नीचे दिए विकल्पों में से एक चुनें।,ঠিক আছে। নিচের একটি বিকল্পে ট্যাপ করুন।,,,
strings,reviewQ,Please check your answers,कृपया अपने जवाब जाँचें,আপনার উত্তরগুলি দেখে নিন,,,
strings,reviewSub,Tap Edit to change anything.,कुछ बदलना हो तो “बदलें” दबाएँ।,"কিছু বদলাতে ""বদলান""-এ ট্যাপ করুন।",,,
strings,edit,Edit,बदलें,বদলান,,,
strings,editDetails,Edit details,जानकारी बदलें,তথ্য বদলান,,,
strings,lblState,State,राज्य,রাজ্য,,,
strings,lblEdu,Studying,पढ़ाई,পড়াশোনা,,,
strings,lblGender,Gender,लिंग,লিঙ্গ,,,
strings,lblIncome,Family income / year,परिवार की सालाना आय,পারিবারিক আয় / বছর,,,
strings,lblCat,Category,श्रेणी,শ্রেণি (ক্যাটাগরি),,,
strings,showSchemes,Show my scholarships,मेरी छात्रवृत्तियाँ दिखाएँ,আমার বৃত্তি দেখান,,,
strings,finding,🔎 Finding scholarships for you…,🔎 आपके लिए छात्रवृत्तियाँ खोज रहे हैं…,🔎 আপনার জন্য বৃত্তি খোঁজা হচ্ছে…,,,
strings,myDetails,My details,मेरी जानकारी,আমার তথ্য,,,
strings,namasteAnon,Namaste!,नमस्ते!,নমস্কার!,,,
strings,canApply,You can apply for,आप आवेदन कर सकते हैं,আপনি আবেদন করতে পারেন,,,
strings,nSch,{n} scholarships,{n} छात्रवृत्तियाँ,{n}টি বৃত্তিতে,,,
strings,nSch1,1 scholarship,1 छात्रवृत्ति,1টি বৃত্তিতে,,,
strings,perYear,/ year,/ साल,/ বছর,,,
strings,inTotal,in total,कुल,মোট,,,
strings,nEligible,{n} Eligible,{n} योग्य,{n}টি যোগ্য,,,
strings,nCheck,{n} to check,{n} जाँचें,{n}টি যাচাই করুন,,,
strings,eligible,Eligible,योग्य,যোগ্য,,,
strings,check1,Check 1 detail,1 बात जाँचें,1টি তথ্য যাচাই করুন,,,
strings,notElig,Not for you,आपके लिए नहीं,আপনার জন্য নয়,,,
strings,trustLine,Free · No agent needed,मुफ़्त · कोई एजेंट नहीं,বিনামূল্যে · দালালের দরকার নেই,,,
strings,official,Official,सरकारी,সরকারি,,,
strings,closest,Closest last date,सबसे नज़दीकी अंतिम तिथि,সবচেয়ে কাছের শেষ তারিখ,,,
strings,closesOn,closes on,की अंतिम तिथि,শেষ তারিখ,,,
strings,daysLeft,{n} days left,{n} दिन बाकी,আর {n} দিন বাকি,,,
strings,dayLeft1,1 day left,1 दिन बाकी,আর 1 দিন বাকি,,,
strings,amount,Amount,राशि,টাকার পরিমাণ,,,
strings,lastDate,Last date,अंतिम तिथि,শেষ তারিখ,,,
strings,docsNeeded,{n} documents needed,{n} दस्तावेज़ चाहिए,{n}টি নথি লাগবে,,,
strings,docsShort,{n} documents,{n} दस्तावेज़,{n}টি নথি,,,
strings,seeSteps,See steps,कदम देखें,ধাপগুলি দেখুন,,,
strings,applyNow,Apply now,आवेदन करें,এখনই আবেদন,,,
strings,f_all,All {n},सभी {n},সব {n},,,
strings,f_ok,Eligible,योग्य,যোগ্য,,,
strings,f_chk,To check,जाँचें,যাচাই করুন,,,
strings,f_soon,Closing soon,जल्द बंद,শীঘ্রই শেষ,,,
strings,noneHere,Nothing in this filter.,इस फ़िल्टर में कुछ नहीं।,এই ফিল্টারে কিছু নেই।,,,
strings,notForYou,Not for you (based on your answer),आपके लिए नहीं (आपके जवाब के आधार पर),আপনার জন্য নয় (আপনার উত্তর অনুযায়ী),,,
strings,undo,Undo,वापस लें,ফিরিয়ে আনুন,,,
strings,saveWa,Save on WhatsApp,WhatsApp पर सेव करें,WhatsApp-এ সেভ করুন,,,
strings,saveWaSub,Get reminders before every last date,हर अंतिम तिथि से पहले रिमाइंडर पाएँ,প্রতিটি শেষ তারিখের আগে রিমাইন্ডার পান,,,
strings,savedWa,Saved on WhatsApp,WhatsApp पर सेव है,WhatsApp-এ সেভ হয়েছে,,,
strings,savedWaSub,Open My schemes · tracker & reminders,मेरी योजनाएँ खोलें · ट्रैकर और रिमाइंडर,আমার প্রকল্প খুলুন · ট্র্যাকার ও রিমাইন্ডার,,,
strings,central,Central,केंद्र,কেন্দ্রীয়,,,
strings,state,State,राज्य,রাজ্য,,,
strings,noMatch,No exact match right now. Save on WhatsApp and we'll tell you when a new scheme fits you.,"अभी कोई सटीक मेल नहीं। WhatsApp पर सेव करें, नई योजना मिलने पर हम बताएँगे।",এখন কোনো ঠিকঠাক মিল নেই। WhatsApp-এ সেভ করুন – নতুন প্রকল্প আপনার সঙ্গে মিললে আমরা জানাব।,,,
strings,checkYesAck,Great – you're eligible!,बढ़िया – आप योग्य हैं!,দারুণ – আপনি যোগ্য!,,,
strings,whyMatch,Why you match,आप क्यों योग्य हैं,কেন আপনার সঙ্গে মেলে,,,
strings,wState,You live in {x},आप {x} में रहते हैं,আপনি {x}-এ থাকেন,,,
strings,wCat,Category: {x},श्रेणी: {x},শ্রেণি: {x},,,
strings,wGirl,Only for girl students,सिर्फ़ छात्राओं के लिए,শুধু ছাত্রীদের জন্য,,,
strings,oneCheck,One thing to check,एक बात जाँचनी है,একটি বিষয় যাচাই করুন,,,
strings,docsTitle,Documents checklist,दस्तावेज़ चेकलिस्ट,নথির তালিকা,,,
strings,docsReady,{a} of {b} ready,{b} में से {a} तैयार,{b}টির মধ্যে {a}টি তৈরি,,,
strings,docsTick,Tick the ones you already have.,"जो आपके पास हैं, उन पर टिक करें।","যেগুলি আগে থেকেই আছে, টিক দিন।",,,
strings,howGet,How to get it,कैसे बनवाएँ,কীভাবে পাবেন,,,
strings,where,Where,कहाँ,কোথায়,,,
strings,cost,Cost,ख़र्च,খরচ,,,
strings,time,Time,समय,সময়,,,
strings,stepsTitle,3 steps to apply,आवेदन के 3 कदम,আবেদনের 3টি ধাপ,,,
strings,step1,Register once on {p} with your Aadhaar and mobile number.,{p} पर आधार और मोबाइल नंबर से एक बार रजिस्टर करें।,আধার ও মোবাইল নম্বর দিয়ে {p}-এ একবার রেজিস্টার করুন।,,,
strings,step2,Fill the form and upload your documents – clear phone photos are OK.,फ़ॉर्म भरें और दस्तावेज़ अपलोड करें – फ़ोन की साफ़ फ़ोटो चलेगी।,ফর্ম পূরণ করে নথি আপলোড করুন – ফোনে তোলা পরিষ্কার ছবি চলবে।,,,
strings,step3,"Submit, then ask your college to verify it before the last date.","सबमिट करें, फिर अंतिम तिथि से पहले कॉलेज से वेरिफ़ाई करवाएँ।","জমা দিন, তারপর শেষ তারিখের আগে কলেজকে যাচাই করতে বলুন।",,,
strings,neverPay,Applying is always free. Never pay any agent or cyber café. Money comes only to your own bank account.,आवेदन हमेशा मुफ़्त है। किसी एजेंट या साइबर कैफ़े को पैसे न दें। पैसा सिर्फ़ आपके अपने बैंक खाते में आता है।,আবেদন সবসময় বিনামূল্যে। কোনো দালাল বা সাইবার ক্যাফেকে টাকা দেবেন না। টাকা আসে শুধু আপনার নিজের ব্যাংক অ্যাকাউন্টে।,,,
strings,listen,Listen,सुनें,শুনুন,,,
strings,shareParent,Share with parent,माता-पिता को भेजें,অভিভাবককে পাঠান,,,
strings,save,Save,सेव,সেভ,,,
strings,saved,Saved,सेव है,সেভ হয়েছে,,,
strings,applyOfficial,Apply on official site,सरकारी साइट पर आवेदन,সরকারি সাইটে আবেদন করুন,,,
strings,savedToast,★ Saved to My schemes,★ मेरी योजनाओं में सेव हुआ,★ আমার প্রকল্প-এ সেভ হয়েছে,,,
strings,removedToast,Removed from My schemes,मेरी योजनाओं से हटाया,আমার প্রকল্প থেকে সরানো হয়েছে,,,
strings,leaving,You're going to the official portal,आप सरकारी पोर्टल पर जा रहे हैं,আপনি সরকারি পোর্টালে যাচ্ছেন,,,
strings,keepReady,Keep these ready: {a} of {b} documents ticked,ये तैयार रखें: {b} में से {a} दस्तावेज़ टिक हैं,এগুলি তৈরি রাখুন: {b}টির মধ্যে {a}টি নথিতে টিক,,,
strings,continueTo,Continue to {d},{d} पर जाएँ,{d}-এ যান,,,
strings,notReady,Not ready yet – back to checklist,अभी तैयार नहीं – चेकलिस्ट पर वापस,এখনও তৈরি নই – তালিকায় ফিরুন,,,
strings,previewLbl,Message preview,मैसेज का नमूना,বার্তার নমুনা,,,
strings,parentMsg,Namaste! I can apply for “{s}” – {a}. Last date: {d}. Please help me get: {docs}.,नमस्ते! मुझे “{s}” छात्रवृत्ति मिल सकती है – {a}। अंतिम तिथि: {d}। कृपया ये दस्तावेज़ बनवाने में मदद करें: {docs}।,নমস্কার! আমি “{s}”-এর জন্য আবেদন করতে পারি – {a}। শেষ তারিখ: {d}। এগুলি জোগাড় করতে সাহায্য করো: {docs}।,,,
strings,sendWa,Send on WhatsApp,WhatsApp पर भेजें,WhatsApp-এ পাঠান,,,
strings,saveTitle,Save on WhatsApp,WhatsApp पर सेव करें,WhatsApp-এ সেভ করুন,,,
strings,saveSub,Free. One tap. Reply STOP anytime.,मुफ़्त। एक टैप। कभी भी STOP लिखें।,বিনামূল্যে। এক ট্যাপে। যেকোনো সময় STOP লিখুন।,,,
strings,savingAll,Saving your {n} scholarships,आपकी {n} छात्रवृत्तियाँ सेव हो रही हैं,আপনার {n}টি বৃত্তি সেভ হচ্ছে,,,
strings,savingOne,Saving: {s},सेव हो रहा है: {s},সেভ হচ্ছে: {s},,,
strings,youGet,You'll unlock,आपको मिलेगा,আপনি পাবেন,,,
strings,ft1,My schemes,मेरी योजनाएँ,আমার প্রকল্প,,,
strings,ft1s,Saved schemes in one place,सेव की गई योजनाएँ एक जगह,সেভ করা প্রকল্প এক জায়গায়,,,
strings,ft2,Last-date reminders,अंतिम तिथि रिमाइंडर,শেষ তারিখের রিমাইন্ডার,,,
strings,ft2s,"7 and 2 days before, on WhatsApp","7 और 2 दिन पहले, WhatsApp पर","7 ও 2 দিন আগে, WhatsApp-এ",,,
strings,ft3,New-scheme alerts,नई योजना अलर्ट,নতুন প্রকল্পের খবর,,,
strings,ft3s,When a new scheme fits you,जब कोई नई योजना आपके लायक हो,নতুন প্রকল্প আপনার সঙ্গে মিললে,,,
strings,ft4,Application tracker,आवेदन ट्रैकर,আবেদন ট্র্যাকার,,,
strings,ft4s,Saved → Applied → Approved,सेव → आवेदन → मंज़ूर,সেভ → আবেদন → অনুমোদন,,,
strings,ft5,Renewal reminders,रिन्यूअल रिमाइंडर,রিনিউয়ালের রিমাইন্ডার,,,
strings,ft5s,Don't miss next year's renewal,अगले साल का रिन्यूअल न छूटे,পরের বছরের রিনিউয়াল মিস করবেন না,,,
strings,yourWa,Your WhatsApp,आपका WhatsApp,আপনার WhatsApp,,,
strings,fromChat,"from this chat – no typing, no OTP","इसी चैट से – कुछ लिखना नहीं, OTP नहीं",এই চ্যাট থেকে – টাইপ বা OTP লাগবে না,,,
strings,oneTap,Save on WhatsApp,WhatsApp पर सेव करें,WhatsApp-এ সেভ করুন,,,
strings,stepOf,Step {n} of 2,कदम {n} / 2,ধাপ {n} / 2,,,
strings,enterPhone,Your WhatsApp number,आपका WhatsApp नंबर,আপনার WhatsApp নম্বর,,,
strings,phonePh,10-digit mobile number,10 अंकों का मोबाइल नंबर,10 অঙ্কের মোবাইল নম্বর,,,
strings,invalidPhone,Please enter a valid 10-digit mobile number,कृपया सही 10 अंकों का मोबाइल नंबर डालें,সঠিক 10 অঙ্কের মোবাইল নম্বর দিন,,,
strings,next,Next,आगे,পরবর্তী,,,
strings,confirmHi,Confirm by sending Hi on WhatsApp,WhatsApp पर Hi भेजकर पुष्टि करें,WhatsApp-এ Hi পাঠিয়ে নিশ্চিত করুন,,,
strings,confirmHiSub,"This proves the number is yours. No OTP, no SMS.",इससे पता चलता है कि नंबर आपका है। कोई OTP या SMS नहीं।,এতে বোঝা যায় নম্বরটি আপনার। OTP বা SMS লাগবে না।,,,
strings,hiReady,WhatsApp opens with this message ready:,WhatsApp में यह मैसेज पहले से लिखा होगा:,এই বার্তা তৈরি অবস্থায় WhatsApp খুলবে:,,,
strings,openWaHi,Open WhatsApp & send Hi,WhatsApp खोलें और Hi भेजें,WhatsApp খুলে Hi পাঠান,,,
strings,parentTitle,"You're under 18, so a parent confirms on WhatsApp","आप 18 से कम हैं, इसलिए माता-पिता WhatsApp पर पुष्टि करेंगे","আপনার বয়স 18-র কম, তাই অভিভাবক WhatsApp-এ নিশ্চিত করবেন",,,
strings,waitingParent,Waiting for your parent to reply YES on WhatsApp…,माता-पिता के WhatsApp पर YES जवाब का इंतज़ार…,অভিভাবকের WhatsApp-এ YES উত্তরের অপেক্ষা…,,,
strings,savedOk,Saved on WhatsApp!,WhatsApp पर सेव हो गया!,WhatsApp-এ সেভ হয়েছে!,,,
strings,goMy,Go to My schemes,मेरी योजनाएँ देखें,আমার প্রকল্প-এ যান,,,
strings,keepBrowsing,Keep browsing,और देखें,আরও দেখুন,,,
strings,tglDeadline,Last-date reminders,अंतिम तिथि रिमाइंडर,শেষ তারিখের রিমাইন্ডার,,,
strings,tglNew,New-scheme alerts,नई योजना अलर्ट,নতুন প্রকল্পের খবর,,,
strings,tglRenew,Renewal reminders,रिन्यूअल रिमाइंडर,রিনিউয়ালের রিমাইন্ডার,,,
strings,myTitle,My schemes,मेरी योजनाएँ,আমার প্রকল্প,,,
strings,mySub,Saved on WhatsApp,WhatsApp पर सेव,WhatsApp-এ সেভ করা,,,
strings,remTo,Reminders go to WhatsApp,रिमाइंडर WhatsApp पर जाएँगे,রিমাইন্ডার যাবে WhatsApp-এ,,,
strings,stSaved,Saved,सेव,সেভ,,,
strings,stDocs,Documents,दस्तावेज़,নথি,,,
strings,stApplied,Applied,आवेदन किया,আবেদন,,,
strings,stResult,Result,नतीजा,ফল,,,
strings,stApproved,Approved,मंज़ूर,অনুমোদিত,,,
strings,stRejected,Rejected,अस्वीकार,বাতিল,,,
strings,statDocs,Docs pending,दस्तावेज़ बाकी,নথি বাকি,,,
strings,tapStep,Tap a step to update,अपडेट करने के लिए कदम पर टैप करें,আপডেট করতে একটি ধাপে ট্যাপ করুন,,,
strings,pickRes,What was the result?,नतीजा क्या रहा?,ফল কী হলো?,,,
strings,nextRem,Next reminder: {d},अगला रिमाइंडर: {d},পরের রিমাইন্ডার: {d},,,
strings,docsMeter,{a} of {b} documents ready,{b} में से {a} दस्तावेज़ तैयार,{b}টির মধ্যে {a}টি নথি তৈরি,,,
strings,openChecklist,Checklist,चेकलिस्ट,তালিকা,,,
strings,appliedNote,We'll ask about your result on WhatsApp after 30 days.,30 दिन बाद हम WhatsApp पर नतीजा पूछेंगे।,30 দিন পরে WhatsApp-এ আপনার ফলের কথা জিজ্ঞেস করব।,,,
strings,approvedMsg,🎉 Congratulations!,🎉 बधाई हो!,🎉 অভিনন্দন!,,,
strings,renewQ,Does it need yearly renewal?,क्या इसे हर साल रिन्यू करना होता है?,প্রতি বছর রিনিউ করতে হয়?,,,
strings,renewSet,🔁 Renewal reminder set for {d},🔁 रिन्यूअल रिमाइंडर {d} के लिए सेट,🔁 {d}-এর জন্য রিনিউয়াল রিমাইন্ডার সেট হয়েছে,,,
strings,noRenew,No renewal needed,रिन्यूअल की ज़रूरत नहीं,রিনিউ লাগবে না,,,
strings,rejectedTip,Don't lose hope – check the reason on the portal. We'll remind you when it opens next year.,हिम्मत न हारें – पोर्टल पर कारण देखें। अगले साल खुलने पर हम याद दिलाएँगे।,হতাশ হবেন না – পোর্টালে কারণ দেখুন। পরের বছর খুললে আমরা মনে করিয়ে দেব।,,,
strings,upcoming,Upcoming on WhatsApp,WhatsApp पर आने वाले,আসছে WhatsApp-এ,,,
strings,rem7,7 days before last date,अंतिम तिथि से 7 दिन पहले,শেষ তারিখের 7 দিন আগে,,,
strings,rem2,2 days before last date,अंतिम तिथि से 2 दिन पहले,শেষ তারিখের 2 দিন আগে,,,
strings,remResult,We'll ask about your result,हम नतीजा पूछेंगे,আপনার ফল জানতে চাইব,,,
strings,remDocs,Documents reminder,दस्तावेज़ रिमाइंडर,নথির রিমাইন্ডার,,,
strings,remRenew,Renewal reminder,रिन्यूअल रिमाइंडर,রিনিউয়ালের রিমাইন্ডার,,,
strings,newAlertT,New-scheme alerts are on,नई योजना अलर्ट चालू हैं,নতুন প্রকল্পের খবর চালু আছে,,,
strings,newAlertS,We check every week and message you when a new scheme fits your profile.,हम हर हफ़्ते जाँचते हैं और नई योजना मिलने पर मैसेज करते हैं।,আমরা প্রতি সপ্তাহে দেখি এবং নতুন প্রকল্প আপনার সঙ্গে মিললে বার্তা পাঠাই।,,,
strings,seeWa,See your WhatsApp reminders,अपने WhatsApp रिमाइंडर देखें,WhatsApp-এ রিমাইন্ডার দেখুন,,,
strings,findMore,Back to all scholarships,सभी छात्रवृत्तियों पर वापस,সব বৃত্তিতে ফিরুন,,,
strings,feedback,Give feedback,अपनी राय दें,মতামত দিন,,,
strings,deleteData,Delete my data,मेरा डेटा मिटाएँ,আমার তথ্য মুছুন,,,
strings,deleteQ,Delete all your data?,आपका सारा डेटा मिटा दें?,আপনার সব তথ্য মুছবেন?,,,
strings,deleteSub,"Your number, answers and saved schemes will be removed. Reminders will stop.","आपका नंबर, जवाब और सेव की गई योजनाएँ हटा दी जाएँगी। रिमाइंडर बंद हो जाएँगे।","আপনার নম্বর, উত্তর ও সেভ করা প্রকল্প মুছে যাবে। রিমাইন্ডার বন্ধ হবে।",,,
strings,cancel,Cancel,रद्द करें,বাতিল,,,
strings,del,Delete,मिटाएँ,মুছুন,,,
strings,deleted,All your data is deleted,आपका सारा डेटा मिटा दिया गया,আপনার সব তথ্য মুছে ফেলা হয়েছে,,,
strings,emptyMy,Nothing saved yet. Tap ☆ on any scholarship.,अभी कुछ सेव नहीं है। किसी भी छात्रवृत्ति पर ☆ दबाएँ।,এখনও কিছু সেভ করা নেই। যেকোনো বৃত্তিতে ☆ ট্যাপ করুন।,,,
strings,rSaved,✅ Saved! {n} scholarships are in My schemes. I'll remind you here before each last date. Reply STOP anytime.,✅ सेव हो गया! {n} छात्रवृत्तियाँ मेरी योजनाओं में हैं। हर अंतिम तिथि से पहले मैं यहीं याद दिलाऊँगा। कभी भी STOP लिखें।,✅ সেভ হয়েছে! {n}টি বৃত্তি আমার প্রকল্প-এ আছে। প্রতিটি শেষ তারিখের আগে এখানে মনে করিয়ে দেব। যেকোনো সময় STOP লিখুন।,,,
strings,fbTitle,How easy was this for you?,यह आपके लिए कितना आसान था?,এটি আপনার কাছে কতটা সহজ ছিল?,,,
strings,fb1,Very hard,बहुत मुश्किल,খুব কঠিন,,,
strings,fb2,Hard,मुश्किल,কঠিন,,,
strings,fb3,Okay,ठीक,মোটামুটি,,,
strings,fb4,Easy,आसान,সহজ,,,
strings,fb5,Very easy,बहुत आसान,খুব সহজ,,,
strings,fbThanks,Thank you! This helps us make it better.,धन्यवाद! इससे हमें इसे बेहतर बनाने में मदद मिलेगी।,ধন্যবাদ! এতে আমরা আরও ভালো করতে পারব।,,,
strings,shareFriends,Share with friends,दोस्तों को भेजें,বন্ধুদের পাঠান,,,
strings,done,Done,हो गया,হয়ে গেছে,,,
strings,close,Close,बंद करें,বন্ধ করুন,,,
strings,back,Back,वापस,পিছনে,,,
strings,todayTest,Today · Test data,आज · टेस्ट डेटा,আজ · টেস্ট ডেটা,,,
strings,waking,Waking up the server… the first time can take up to a minute.,सर्वर चालू हो रहा है… पहली बार इसमें एक मिनट तक लग सकता है।,সার্ভার চালু হচ্ছে… প্রথমবার এক মিনিট পর্যন্ত লাগতে পারে।,,,
strings,netErr,Network problem. Please try again.,नेटवर्क समस्या। कृपया फिर से कोशिश करें।,নেটওয়ার্কে সমস্যা। আবার চেষ্টা করুন।,,,
strings,showAll,All States,सभी राज्य,সব রাজ্য,,,
strings,amountUnknown,See details,विवरण देखें,বিস্তারিত দেখুন,,,
strings,once,one-time,एक बार,এককালীন,,,
strings,lastDateUnknown,Check portal,पोर्टल पर देखें,পোর্টাল দেখুন,,,
strings,noDatesYet,Last dates are not in our data yet – please check the official portal. Saved schemes get reminders once a date is added.,अंतिम तिथियाँ अभी हमारे डेटा में नहीं हैं – कृपया आधिकारिक पोर्टल देखें। तिथि जुड़ने पर सेव की गई योजनाओं के रिमाइंडर आएँगे।,শেষ তারিখগুলি এখনও আমাদের ডেটায় নেই – সরকারি পোর্টাল দেখুন। তারিখ যোগ হলে সেভ করা প্রকল্পে রিমাইন্ডার আসবে।,,,
strings,chk_income,Is your family income under ₹{x} a year?,क्या आपके परिवार की सालाना आय ₹{x} से कम है?,আপনার পারিবারিক আয় কি বছরে ₹{x}-এর কম?,,,
strings,chk_group,This scheme is only for {g}. Is that you?,यह योजना केवल {g} के लिए है। क्या आप इनमें हैं?,এই প্রকল্প শুধু {g}-এর জন্য। আপনি কি তাদের একজন?,,,
strings,askOffice,Ask your college office. You can still save it now.,अपने कॉलेज ऑफ़िस से पूछें। आप इसे अभी सेव कर सकते हैं।,কলেজ অফিসে জিজ্ঞেস করুন। এখনই সেভ করে রাখতে পারেন।,,,
strings,g_disability,students with disabilities,दिव्यांग विद्यार्थियों,প্রতিবন্ধী ছাত্রছাত্রী,,,
strings,g_farmer,farmer families,किसान परिवारों,কৃষক পরিবার,,,
strings,g_workers,children of specific workers,कुछ खास कामगारों के बच्चों,নির্দিষ্ট শ্রমিকদের সন্তান,,,
strings,g_defence,armed forces / police families,सेना / पुलिस परिवारों,সেনা / পুলিশ পরিবার,,,
strings,g_school,students of specific schools,कुछ खास स्कूलों के विद्यार्थियों,নির্দিষ্ট স্কুলের ছাত্রছাত্রী,,,
strings,g_orphan,orphans / PM CARES children,अनाथ / PM CARES बच्चों,অনাথ / PM CARES শিশু,,,
strings,g_bpl,BPL families,BPL परिवारों,BPL পরিবার,,,
strings,g_teachers,children of teachers,शिक्षकों के बच्चों,শিক্ষকদের সন্তান,,,
strings,g_other,a specific group,एक खास समूह,একটি নির্দিষ্ট গোষ্ঠী,,,
strings,wRegion,For students of {x},{x} के विद्यार्थियों के लिए,{x}-এর ছাত্রছাত্রীদের জন্য,,,
strings,wEduL,Studying: {x},पढ़ाई: {x},পড়াশোনা: {x},,,
strings,wIncY,Family income under ₹{x} a year,परिवार की आय ₹{x} सालाना से कम,পারিবারিক আয় বছরে ₹{x}-এর কম,,,
strings,wIncChk,Income limit ₹{x} a year – please check,आय सीमा ₹{x} सालाना – कृपया जाँचें,আয়ের সীমা বছরে ₹{x} – যাচাই করুন,,,
strings,wAge,Age rule: {x} – please check,आयु नियम: {x} – कृपया जाँचें,বয়সের নিয়ম: {x} – যাচাই করুন,,,
strings,wOpen,Open to students who meet the basic rules,बुनियादी नियम पूरे करने वाले विद्यार्थियों के लिए,মূল নিয়ম মানা সব ছাত্রছাত্রীর জন্য খোলা,,,
strings,lv_PRE,School (Class 1–10),स्कूल (कक्षा 1–10),স্কুল (শ্রেণি 1–10),,,
strings,lv_X,Class 11–12,कक्षा 11–12,শ্রেণি 11–12,,,
strings,lv_XII,College / diploma / ITI,कॉलेज / डिप्लोमा / ITI,কলেজ / ডিপ্লোমা / ITI,,,
strings,lv_UG,Graduation (UG),स्नातक (UG),স্নাতক (UG),,,
strings,lv_PG,Post Graduation (PG),स्नातकोत्तर (PG),স্নাতকোত্তর (PG),,,
strings,listenDevice,🔊 Reading aloud with your phone's voice,🔊 आपके फ़ोन की आवाज़ में पढ़ रहे हैं,🔊 আপনার ফোনের কণ্ঠে পড়ে শোনানো হচ্ছে,,,
strings,listenSoon,🔊 Listen is coming soon,🔊 सुनने की सुविधा जल्द आ रही है,🔊 শোনার সুবিধা শীঘ্রই আসছে,,,
strings,micSoon,🎤 Voice typing is coming soon – please type for now,🎤 बोलकर लिखना जल्द आ रहा है – अभी कृपया टाइप करें,🎤 বলে লেখার সুবিধা শীঘ্রই আসছে – এখন টাইপ করুন,,,
strings,micListening,🎤 Listening… tap the red button to stop,🎤 सुन रहे हैं… रोकने के लिए लाल बटन दबाएँ,🎤 শুনছি… থামাতে লাল বোতামে ট্যাপ করুন,,,
strings,micFail,Couldn't hear that. Please type.,सुनाई नहीं दिया। कृपया टाइप करें।,শোনা গেল না। টাইপ করুন।,,,
strings,fbComment,Anything we can do better? (optional),हम क्या बेहतर कर सकते हैं? (वैकल्पिक),আমরা কী আরও ভালো করতে পারি? (ঐচ্ছিক),,,
strings,fbSend,Send feedback,फीडबैक भेजें,মতামত পাঠান,,,
strings,referTitle,Refer a friend,दोस्त को बताएं,বন্ধুকে জানান,,,
strings,referSub,Know a student who could use this? Share your personal link – it's free for them too.,किसी विद्यार्थी को इसकी ज़रूरत हो सकती है? अपना निजी लिंक शेयर करें – उनके लिए भी मुफ़्त है।,কোনো ছাত্রছাত্রীর কাজে লাগবে? আপনার নিজস্ব লিংক পাঠান – তাদের জন্যও বিনামূল্যে।,,,
strings,referCode,Your referral code,आपका रेफ़रल कोड,আপনার রেফারেল কোড,,,
strings,copyLink,Copy link,लिंक कॉपी करें,লিংক কপি করুন,,,
strings,copied,Copied ✓,कॉपी हो गया ✓,কপি হয়েছে ✓,,,
strings,moreShare,More options…,और विकल्प…,আরও বিকল্প…,,,
strings,menuTitle,Menu,मेनू,মেনু,,,
strings,restart,Start again,फिर से शुरू करें,আবার শুরু করুন,,,
strings,language,Language,भाषा,ভাষা,,,
strings,classic,Classic chat view,पुराना चैट व्यू,পুরনো চ্যাট ভিউ,,,
strings,yourPhone,Your WhatsApp number (reminders come here),आपका WhatsApp नंबर (रिमाइंडर यहाँ आएँगे),আপনার WhatsApp নম্বর (রিমাইন্ডার এখানে আসবে),,,
strings,askParentWa,Ask parent on WhatsApp,माता-पिता से WhatsApp पर पूछें,WhatsApp-এ অভিভাবককে বলুন,,,
strings,parentHow,"Your parent gets a message with a link. When they send it from their WhatsApp, your schemes are saved.","आपके माता-पिता को एक लिंक वाला संदेश मिलेगा। जब वे इसे अपने WhatsApp से भेजेंगे, तब आपकी योजनाएँ सेव होंगी।",আপনার অভিভাবক একটি লিংকসহ বার্তা পাবেন। তিনি নিজের WhatsApp থেকে পাঠালেই আপনার প্রকল্প সেভ হবে।,,,
strings,waNotSet,"Our WhatsApp number is not set up yet, so saving can't be confirmed right now. Please try again later.","हमारा WhatsApp नंबर अभी सेट नहीं है, इसलिए अभी सेव की पुष्टि नहीं हो सकती। कृपया बाद में कोशिश करें।","আমাদের WhatsApp নম্বর এখনও চালু হয়নি, তাই এখন সেভ নিশ্চিত করা যাচ্ছে না। পরে আবার চেষ্টা করুন।",,,
strings,codeExpired,This code expired. Please try again.,यह कोड समाप्त हो गया। कृपया फिर से कोशिश करें।,এই কোডের মেয়াদ শেষ। আবার চেষ্টা করুন।,,,
strings,waitingSave,Waiting for your WhatsApp message…,आपके WhatsApp संदेश का इंतज़ार…,আপনার WhatsApp বার্তার অপেক্ষা…,,,
strings,linkUsed,"This one-time link was already used or has expired, so nothing personal is shown. You can still find scholarships here.","यह एक-बार का लिंक पहले ही इस्तेमाल हो चुका है या समाप्त हो गया है, इसलिए कोई निजी जानकारी नहीं दिखाई गई। आप यहाँ छात्रवृत्ति खोज सकते हैं।","এই এককালীন লিংক আগেই ব্যবহার হয়েছে বা মেয়াদ শেষ, তাই কোনো ব্যক্তিগত তথ্য দেখানো হচ্ছে না। আপনি এখানে বৃত্তি খুঁজতে পারেন।",,,
strings,linkedNum,Linked to your WhatsApp {p},आपके WhatsApp {p} से जुड़ा,আপনার WhatsApp {p}-এর সঙ্গে যুক্ত,,,
strings,addDate,Add last date,अंतिम तिथि जोड़ें,শেষ তারিখ যোগ করুন,,,
strings,dateSaved,Last date saved – reminders set,अंतिम तिथि सेव – रिमाइंडर सेट,শেষ তারিখ সেভ হয়েছে – রিমাইন্ডার সেট,,,
strings,noUpcoming,No reminders yet. Add the last date of a saved scheme to get reminders.,अभी कोई रिमाइंडर नहीं। रिमाइंडर के लिए सेव की गई योजना की अंतिम तिथि जोड़ें।,এখনও কোনো রিমাইন্ডার নেই। রিমাইন্ডার পেতে সেভ করা প্রকল্পের শেষ তারিখ যোগ করুন।,,,
strings,remNew,New schemes that fit you,आपके लिए नई योजनाएँ,আপনার সঙ্গে মেলে এমন নতুন প্রকল্প,,,
strings,loading,Loading…,लोड हो रहा है…,লোড হচ্ছে…,,,
strings,testData,Test data – scheme amounts and rules are synthetic.,टेस्ट डेटा – योजनाओं की राशि और नियम सिंथेटिक हैं।,টেস্ট ডেটা – প্রকল্পের টাকা ও নিয়ম কাল্পনিক।,,,
strings,neverPayShort,Applying is free. Never pay anyone.,आवेदन मुफ़्त है। किसी को पैसे न दें।,আবেদন বিনামূল্যে। কাউকে টাকা দেবেন না।,,,
strings,sendThis,Send this message to our WhatsApp number:,यह संदेश हमारे WhatsApp नंबर पर भेजें:,এই বার্তাটি আমাদের WhatsApp নম্বরে পাঠান:,,,
strings,schemeLink,Find yours:,अपनी खोजें:,আপনারটা খুঁজুন:,,,
strings,consentSave,"We'll keep your number, your answers and saved schemes to send reminders. Reply STOP anytime.","रिमाइंडर भेजने के लिए हम आपका नंबर, आपके जवाब और सेव की गई योजनाएँ रखेंगे। कभी भी STOP लिखें।","রিমাইন্ডার পাঠাতে আমরা আপনার নম্বর, উত্তর ও সেভ করা প্রকল্প রাখব। যেকোনো সময় STOP লিখুন।",,,
strings,needAgree,Please tick “I agree” to save.,सेव करने के लिए “मैं सहमत हूँ” पर टिक करें।,সেভ করতে “আমি সম্মত”-তে টিক দিন।,,,
strings,stateFirst,Your State's schemes first,पहले आपके राज्य की योजनाएँ,আগে আপনার রাজ্যের প্রকল্প,,,
strings,remove,Remove,हटाएँ,সরান,,,
strings,renewDue,Renewal date,नवीनीकरण तिथि,রিনিউয়ালের তারিখ,,,
strings,couldGet,You could get,आपको मिल सकता है,আপনি পেতে পারেন,,,
strings,upTo,Up to {x} a year,हर साल {x} तक,বছরে {x} পর্যন্ত,,,
strings,maxNote,The biggest single scholarship in your list,आपकी सूची की सबसे बड़ी एक छात्रवृत्ति,আপনার তালিকার সবচেয়ে বড় একটি বৃত্তি,,,
strings,send,Send,भेजें,পাঠান,,,
strings,schemeEnNote,"Scheme names and details are in English, as on the official portal.","योजनाओं के नाम और विवरण अंग्रेज़ी में हैं, जैसे आधिकारिक पोर्टल पर हैं।","প্রকল্পের নাম ও বিবরণ ইংরেজিতে, সরকারি পোর্টালে যেমন আছে।",,,
docs,aadhaar.n,Aadhaar card,आधार कार्ड,আধার কার্ড,,,
docs,aadhaar.p,You'll need it when you apply,आवेदन करते समय इसकी ज़रूरत होगी,আবেদনের সময় লাগবে,,,
docs,aadhaar.w,"Aadhaar Seva Kendra, bank or post office","आधार सेवा केंद्र, बैंक या डाकघर","আধার সেবা কেন্দ্র, ব্যাংক বা ডাকঘর",,,
docs,aadhaar.c,Free (update ₹50),मुफ़्त (अपडेट ₹50),বিনামূল্যে (আপডেট ₹50),,,
docs,aadhaar.t,Up to 30 days if new,नया बनवाने में 30 दिन तक,নতুন হলে 30 দিন পর্যন্ত,,,
docs,domicile.n,Domicile / residence certificate,मूल निवास प्रमाण पत्र,বাসস্থান / ডোমিসাইল সার্টিফিকেট,,,
docs,domicile.p,Shows the State you live in,"आप किस राज्य में रहते हैं, यह बताता है",আপনি কোন রাজ্যে থাকেন তা দেখায়,,,
docs,domicile.w,"Tehsil office, CSC centre or State e-district portal","तहसील कार्यालय, CSC केंद्र या राज्य ई-डिस्ट्रिक्ट पोर्टल","তহসিল / BDO অফিস, CSC কেন্দ্র বা রাজ্যের ই-ডিস্ট্রিক্ট পোর্টাল",,,
docs,domicile.c,₹10–50,₹10–50,₹10–50,,,
docs,domicile.t,7–15 days,7–15 दिन,7–15 দিন,,,
docs,caste.n,Caste certificate,जाति प्रमाण पत्र,জাতি শংসাপত্র,,,
docs,caste.p,Shows your category (SC/ST/OBC),आपकी श्रेणी (SC/ST/OBC) बताता है,আপনার শ্রেণি (SC/ST/OBC) দেখায়,,,
docs,caste.w,Tehsil office or CSC centre,तहसील कार्यालय या CSC केंद्र,তহসিল / BDO অফিস বা CSC কেন্দ্র,,,
docs,caste.c,₹25–50,₹25–50,₹25–50,,,
docs,caste.t,15–30 days,15–30 दिन,15–30 দিন,,,
docs,income.n,Income certificate,आय प्रमाण पत्र,আয়ের শংসাপত্র,,,
docs,income.p,Shows your family's yearly income,परिवार की सालाना आय बताता है,পরিবারের বার্ষিক আয় দেখায়,,,
docs,income.w,"Tehsil office, CSC centre or State portal","तहसील कार्यालय, CSC केंद्र या राज्य पोर्टल","তহসিল / BDO অফিস, CSC কেন্দ্র বা রাজ্যের পোর্টাল",,,
docs,income.c,₹25–50,₹25–50,₹25–50,,,
docs,income.t,7–15 days,7–15 दिन,7–15 দিন,,,
docs,marks.n,Last exam marksheet,पिछली परीक्षा की मार्कशीट,শেষ পরীক্ষার মার্কশিট,,,
docs,marks.p,Marks card of your last class,पिछली कक्षा का अंक पत्र,আগের শ্রেণির মার্কশিট,,,
docs,marks.w,Your school or college office,आपके स्कूल या कॉलेज का कार्यालय,আপনার স্কুল বা কলেজের অফিস,,,
docs,marks.c,Free,मुफ़्त,বিনামূল্যে,,,
docs,marks.t,Same day,उसी दिन,সেদিনই,,,
docs,fee.n,Fee receipt / admission letter,फ़ीस रसीद / एडमिशन पत्र,ফি-র রসিদ / ভর্তির চিঠি,,,
docs,fee.p,Proof that you study this year,इस साल पढ़ाई का सबूत,এ বছর পড়াশোনার প্রমাণ,,,
docs,fee.w,College accounts office,कॉलेज का अकाउंट्स ऑफिस,কলেজের অ্যাকাউন্টস অফিস,,,
docs,fee.c,Free,मुफ़्त,বিনামূল্যে,,,
docs,fee.t,1–2 days,1–2 दिन,1–2 দিন,,,
docs,bank.n,Bank passbook (Aadhaar-linked),बैंक पासबुक (आधार से जुड़ी),ব্যাংক পাসবই (আধার-যুক্ত),,,
docs,bank.p,"Your own account, linked to Aadhaar","आपका अपना खाता, आधार से जुड़ा","আপনার নিজের অ্যাকাউন্ট, আধারের সঙ্গে যুক্ত",,,
docs,bank.w,Any bank or India Post Payments Bank,कोई भी बैंक या इंडिया पोस्ट पेमेंट्स बैंक,যেকোনো ব্যাংক বা ইন্ডিয়া পোস্ট পেমেন্টস ব্যাংক,,,
docs,bank.c,Free (zero-balance account),मुफ़्त (ज़ीरो बैलेंस खाता),বিনামূল্যে (জিরো-ব্যালান্স অ্যাকাউন্ট),,,
docs,bank.t,1–7 days,1–7 दिन,1–7 দিন,,,
docs,class12.n,Class 12 marksheet,कक्षा 12 की मार्कशीट,দ্বাদশ শ্রেণির মার্কশিট,,,
docs,class12.p,From your board / school,आपके बोर्ड / स्कूल से,আপনার বোর্ড / স্কুল থেকে,,,
docs,class12.w,Your school or board website,आपका स्कूल या बोर्ड की वेबसाइट,আপনার স্কুল বা বোর্ডের ওয়েবসাইট,,,
docs,class12.c,Free,मुफ़्त,বিনামূল্যে,,,
docs,class12.t,Same day,उसी दिन,সেদিনই,,,
docs,degree.n,UG / PG certificates,UG / PG प्रमाण पत्र,UG / PG সার্টিফিকেট,,,
docs,degree.p,Your earlier degree marksheets,आपकी पिछली डिग्री की मार्कशीट,আগের ডিগ্রির মার্কশিট,,,
docs,degree.w,Your university office,आपके विश्वविद्यालय का कार्यालय,আপনার বিশ্ববিদ্যালয়ের অফিস,,,
docs,degree.c,Free,मुफ़्त,বিনামূল্যে,,,
docs,degree.t,1–7 days,1–7 दिन,1–7 দিন,,,
docs,research.n,Research / admission letter,शोध / प्रवेश पत्र,গবেষণা / ভর্তির চিঠি,,,
docs,research.p,From your guide or department,आपके गाइड या विभाग से,আপনার গাইড বা বিভাগ থেকে,,,
docs,research.w,Your department office,आपके विभाग का कार्यालय,আপনার বিভাগের অফিস,,,
docs,research.c,Free,मुफ़्त,বিনামূল্যে,,,
docs,research.t,1–7 days,1–7 दिन,1–7 দিন,,,
docs,photo.n,Passport-size photo,पासपोर्ट साइज़ फ़ोटो,পাসপোর্ট সাইজ ছবি,,,
docs,photo.p,"Recent photo, light background","हाल की फ़ोटो, हल्का बैकग्राउंड","সাম্প্রতিক ছবি, হালকা পটভূমি",,,
docs,photo.w,Any photo studio,किसी भी फ़ोटो स्टूडियो में,যেকোনো ফটো স্টুডিও,,,
docs,photo.c,₹30–60,₹30–60,₹30–60,,,
docs,photo.t,Same day,उसी दिन,সেদিনই,,,
docs,disability.n,Disability certificate (UDID),दिव्यांगता प्रमाण पत्र (UDID),প্রতিবন্ধী শংসাপত্র (UDID),,,
docs,disability.p,Only if the scheme asks for it,केवल अगर योजना माँगे,শুধু প্রকল্প চাইলে,,,
docs,disability.w,District hospital / swavlambancard.gov.in,ज़िला अस्पताल / swavlambancard.gov.in,জেলা হাসপাতাল / swavlambancard.gov.in,,,
docs,disability.c,Free,मुफ़्त,বিনামূল্যে,,,
docs,disability.t,15–60 days,15–60 दिन,15–60 দিন,,,
months,months,"Jan,Feb,Mar,Apr,May,Jun,Jul,Aug,Sep,Oct,Nov,Dec",,"জানু,ফেব্রু,মার্চ,এপ্রি,মে,জুন,জুলাই,আগ,সেপ্টে,অক্টো,নভে,ডিসে",,,"12 short month names, comma separated"
states,Andaman and Nicobar Islands,Andaman and Nicobar Islands,,আন্দামান ও নিকোবর দ্বীপপুঞ্জ,,,
states,Andhra Pradesh,Andhra Pradesh,,অন্ধ্রপ্রদেশ,,,
states,Arunachal Pradesh,Arunachal Pradesh,,অরুণাচল প্রদেশ,,,
states,Assam,Assam,,অসম,,,
states,Bihar,Bihar,,বিহার,,,
states,Chandigarh,Chandigarh,,চণ্ডীগড়,,,
states,Chhattisgarh,Chhattisgarh,,ছত্তিশগড়,,,
states,Dadra & Nagar Haveli and Daman & Diu,Dadra & Nagar Haveli and Daman & Diu,,দাদরা ও নগর হাভেলি এবং দমন ও দিউ,,,
states,Delhi,Delhi,,দিল্লি,,,
states,Goa,Goa,,গোয়া,,,
states,Gujarat,Gujarat,,গুজরাট,,,
states,Haryana,Haryana,,হরিয়ানা,,,
states,Himachal Pradesh,Himachal Pradesh,,হিমাচল প্রদেশ,,,
states,Jammu and Kashmir,Jammu and Kashmir,,জম্মু ও কাশ্মীর,,,
states,Jharkhand,Jharkhand,,ঝাড়খণ্ড,,,
states,Karnataka,Karnataka,,কর্ণাটক,,,
states,Kerala,Kerala,,কেরালা,,,
states,Ladakh,Ladakh,,লাদাখ,,,
states,Lakshadweep,Lakshadweep,,লাক্ষাদ্বীপ,,,
states,Madhya Pradesh,Madhya Pradesh,,মধ্যপ্রদেশ,,,
states,Maharashtra,Maharashtra,,মহারাষ্ট্র,,,
states,Manipur,Manipur,,মণিপুর,,,
states,Meghalaya,Meghalaya,,মেঘালয়,,,
states,Mizoram,Mizoram,,মিজোরাম,,,
states,Nagaland,Nagaland,,নাগাল্যান্ড,,,
states,Odisha,Odisha,,ওড়িশা,,,
states,Puducherry,Puducherry,,পুদুচেরি,,,
states,Punjab,Punjab,,পাঞ্জাব,,,
states,Rajasthan,Rajasthan,,রাজস্থান,,,
states,Sikkim,Sikkim,,সিকিম,,,
states,Tamil Nadu,Tamil Nadu,,তামিলনাড়ু,,,
states,Telangana,Telangana,,তেলেঙ্গানা,,,
states,Tripura,Tripura,,ত্রিপুরা,,,
states,Uttar Pradesh,Uttar Pradesh,,উত্তরপ্রদেশ,,,
states,Uttarakhand,Uttarakhand,,উত্তরাখণ্ড,,,
states,West Bengal,West Bengal,,পশ্চিমবঙ্গ,,,
