key,english,translation_gu,max_chars,length,within_limit,reviewer_correction,reviewer_comment
welcome_named,Namaste {name}! 👋 I am the MoSJE Scholarship Discovery Assistant.,નમસ્તે {name}! 👋 હું MoSJE શિષ્યવૃત્તિ શોધ સહાયક છું.,,53,,,
welcome,Namaste! 👋 I am the MoSJE Scholarship Discovery Assistant.,નમસ્તે! 👋 હું MoSJE શિષ્યવૃત્તિ શોધ સહાયક છું.,,46,,,
intro,Answer a few quick questions (about 2 minutes) and I will show scholarships you can explore.,"થોડા સરળ પ્રશ્નોના જવાબ આપો (લગભગ 2 મિનિટ), અને હું તમને એવી શિષ્યવૃત્તિઓ બતાવીશ જેના વિશે તમે જાણી શકો.",,104,,,
choose_lang,Please choose your language / कृपया भाषा चुनें:,Please choose your language / તમારી ભાષા પસંદ કરો:,,50,,,
lang_set,✅ Language: {language},✅ ભાષા: {language},,18,,,
q_step,({n}/{total}),({n}/{total}),,13,,,
q_class_passed,What is your current education level?,તમારું હાલનું શિક્ષણ સ્તર શું છે?,,33,,,
q_state,Which state's scholarships would you like to see?,તમે કયા રાજ્યની શિષ્યવૃત્તિઓ જોવા માંગો છો?,,43,,,
q_category,What is your social category?,તમારી સામાજિક શ્રેણી કઈ છે?,,27,,,
q_gender,What is your gender?,તમારું લિંગ શું છે?,,19,,,
q_annual_family_income,Which range best describes your family's total *monthly* income?,તમારા પરિવારની કુલ *માસિક* આવક કઈ મર્યાદામાં છે?,,48,,,
current_answer,(Your current answer: {v}),(તમારો હાલનો જવાબ: {v}),,23,,,
cls_X,Class 10 passed,ધોરણ 10 પાસ,,11,,,
cls_XII,Class 12 passed,ધોરણ 12 પાસ,,11,,,
cls_PRE,Class 1–10 (Pre-Matric),ધોરણ 1–10 (પ્રી-મેટ્રિક),,24,,,
cls_UG,Graduation (UG),સ્નાતક (UG),,11,,,
cls_PG,Post Graduation (PG),અનુસ્નાતક (PG),,14,,,
cls_OTHER,Other / not studying,અન્ય / અભ્યાસ નથી,,17,,,
o_edu_PRE,Class 1–10 (school),ધોરણ 1–10 (શાળા),20,16,yes,,
o_edu_X,Class 10 passed,ધોરણ 10 પાસ,20,11,yes,,
o_edu_XII,Class 12 passed,ધોરણ 12 પાસ,20,11,yes,,
o_edu_UG,Graduation (UG),સ્નાતક (UG),20,11,yes,,
o_edu_PG,Post Graduation (PG),અનુસ્નાતક (PG),20,14,yes,,
o_edu_OTHER,Other / not studying,અન્ય / અભ્યાસ નથી,20,17,yes,,
edu_d_PRE,Studying in school – Pre-Matric,શાળામાં અભ્યાસ – પ્રી-મેટ્રિક,,29,,,
edu_d_X,Matric – now in Class 11/12 (Post-Matric),મેટ્રિક – હવે ધોરણ 11/12માં (પોસ્ટ-મેટ્રિક),,43,,,
edu_d_XII,"Post-Matric – college, diploma or ITI","પોસ્ટ-મેટ્રિક – કૉલેજ, ડિપ્લોમા કે ITI",,38,,,
edu_d_UG,Studying for a bachelor's degree,સ્નાતક ડિગ્રીનો અભ્યાસ,,22,,,
edu_d_PG,"Master's degree, M.Phil or PhD","માસ્ટર્સ, M.Phil કે PhD",,23,,,
edu_d_OTHER,None of the above,ઉપરમાંથી કોઈ નહીં,,17,,,
o_dont_know,Don't know,ખબર નથી,20,7,yes,,
o_skip,Skip,છોડો,20,4,yes,,
o_yes,Yes,હા,20,2,yes,,
o_no,No,ના,20,2,yes,,
o_prefer_not,Prefer not to say,જણાવવું નથી,20,11,yes,,
cat_SC,SC,SC,20,2,yes,,
cat_ST,ST,ST,20,2,yes,,
cat_OBC,OBC,OBC,20,3,yes,,
cat_General,General,સામાન્ય,20,7,yes,,
cat_Minority,Minority,લઘુમતી,20,6,yes,,
g_Female,Female,સ્ત્રી,20,6,yes,,
g_Male,Male,પુરુષ,20,5,yes,,
g_Transgender,Transgender,ટ્રાન્સજેન્ડર,20,13,yes,,
inc_m10k,"Up to ₹10,000","₹10,000 સુધી",24,12,yes,,
inc_m30k,"₹10,001–₹30,000","₹10,001–₹30,000",24,15,yes,,
inc_gt30k,"Above ₹30,000","₹30,000થી વધુ",24,13,yes,,
per_month,{v} a month,મહિને {v},,9,,,
per_year,{v} a year,વર્ષે {v},,9,,,
consent,"🔒 To find scholarships that may be relevant, I need to use the details you share in this chat (education level, gender, family income, social category and State). They are used only to suggest schemes. I will not ask for your name, Aadhaar or bank details. Is that okay?","🔒 તમારા માટે યોગ્ય શિષ્યવૃત્તિ શોધવા માટે, આ ચેટમાં તમે આપેલી વિગતો (શિક્ષણ સ્તર, લિંગ, કૌટુંબિક આવક, સામાજિક શ્રેણી અને રાજ્ય) વાપરવી પડશે. તેનો ઉપયોગ માત્ર યોજનાઓ સૂચવવા માટે થશે. તમારું નામ, આધાર કે બેંક વિગતો પૂછવામાં નહીં આવે. શું આ બરાબર છે?",,247,,,
o_agree,Agree,સંમત છું,20,8,yes,,
o_disagree,Don't agree,સંમત નથી,20,8,yes,,
o_agree_now,I agree now,હવે સંમત છું,20,12,yes,,
consent_declined,"Understood 🙏 I won't ask for or keep any personal details. You can still explore all scholarships at https://scholarships.gov.in/ . If you change your mind, tap below or reply HI.",સમજાયું 🙏 કોઈ અંગત વિગતો પૂછવામાં કે રાખવામાં નહીં આવે. બધી શિષ્યવૃત્તિઓ https://scholarships.gov.in/ પર જોઈ શકો છો. વિચાર બદલાય તો નીચે ટૅપ કરો અથવા HI લખો.,,157,,,
summary_title,"📋 Please check your details:
{facts}

Shall I look for scholarships now?","📋 કૃપા કરીને તમારી વિગતો તપાસો:
{facts}

હવે શિષ્યવૃત્તિ શોધીએ?",,63,,,
records_note,📁 = from your records,📁 = તમારા રેકોર્ડમાંથી,,22,,,
o_proceed,Proceed,આગળ વધો,20,7,yes,,
o_edit,Edit details,વિગતો બદલો,20,10,yes,,
edit_restart,"OK, let's go through the questions again.","ઠીક છે, પ્રશ્નો ફરીથી શરૂ કરીએ.",,31,,,
fallback,"I didn't get that 🙂 Please tap an option below or type its number. You can also type MENU, BACK or HELP.","હું સમજી શક્યો નહીં 🙂 નીચે કોઈ વિકલ્પ પર ટૅપ કરો અથવા તેનો નંબર લખો. તમે MENU, BACK અથવા HELP પણ લખી શકો છો.",,108,,,
nothing_back,You are at the first step.,તમે પહેલા પગલા પર છો.,,21,,,
updated,✅ Updated {f}: {v},✅ {f} બદલાયું: {v},,18,,,
class_other,"Right now I can help students from Class 1 up to Post Graduation. You can explore all scholarships at https://scholarships.gov.in/ .
Reply HI any time to start again.","હાલ આ સેવા ધોરણ 1 થી અનુસ્નાતક સુધીના વિદ્યાર્થીઓ માટે છે. બધી શિષ્યવૃત્તિઓ https://scholarships.gov.in/ પર જુઓ.
ફરી શરૂ કરવા ગમે ત્યારે HI લખો.",,144,,,
summary,Your answers: {facts},તમારા જવાબો: {facts},,20,,,
results_head,"Based on your answers, here are {n} scholarship(s) you can explore (showing {a}–{b} of {total}):",તમારા જવાબોના આધારે તમે જોઈ શકો તેવી {n} શિષ્યવૃત્તિ(ઓ) ({total} માંથી {a}–{b}):,,80,,,
results_head_check_only,No scheme matched all your answers for certain. These {n} scheme(s) are only for specific groups – check if one applies to you (showing {a}–{b} of {total}):,કોઈ યોજના તમારા બધા જવાબો સાથે ચોક્કસ મેળ ખાતી નથી. આ {n} યોજના(ઓ) ફક્ત ચોક્કસ જૂથો માટે છે – તમને લાગુ પડે છે કે નહીં તે જુઓ ({total} માંથી {a}–{b}):,,150,,,
results_none,I could not find a scheme in our list that matches all your answers. You can change your answers or explore https://scholarships.gov.in/ .,તમારા બધા જવાબો સાથે મેળ ખાતી કોઈ યોજના અમારી યાદીમાં મળી નથી. તમે જવાબો બદલી શકો છો અથવા https://scholarships.gov.in/ જોઈ શકો છો.,,130,,,
list_tap,Tap a scheme (or type its number) to see details.,વિગતો જોવા માટે યોજના પર ટૅપ કરો (અથવા તેનો નંબર લખો).,,54,,,
check_section,Only for specific groups – check eligibility,ફક્ત ચોક્કસ જૂથો માટે – પાત્રતા તપાસો,,37,,,
only_for,Only for: {groups},ફક્ત: {groups},,14,,,
check_elig,check eligibility,પાત્રતા તપાસો,,13,,,
central,Central,કેન્દ્રીય,,9,,,
results_foot,ℹ️ This list is based only on your answers and the Scholarship Eligibility Rule V3.0. Final eligibility is decided by the scheme's department when you apply.,ℹ️ આ યાદી ફક્ત તમારા જવાબો અને શિષ્યવૃત્તિ પાત્રતા નિયમ V3.0 પર આધારિત છે. અરજી કર્યા પછી અંતિમ પાત્રતા યોજનાનો વિભાગ નક્કી કરશે.,,129,,,
no_more,That was the full list.,આખી યાદી બતાવી દીધી છે.,,23,,,
grp_disability,students with disabilities,દિવ્યાંગ વિદ્યાર્થીઓ,,20,,,
grp_farmer,farmer families,ખેડૂત પરિવારો,,13,,,
grp_workers,children of specific workers,ચોક્કસ કામદારોના બાળકો,,22,,,
grp_defence,armed forces / police families,સેના / પોલીસ પરિવારો,,20,,,
grp_school,students of specific schools,ચોક્કસ શાળાઓના વિદ્યાર્થીઓ,,26,,,
grp_orphan,orphans / PM CARES children,અનાથ / PM CARES બાળકો,,21,,,
grp_bpl,BPL families,BPL પરિવારો,,11,,,
grp_teachers,children of teachers,શિક્ષકોના બાળકો,,15,,,
grp_other,a specific group,એક ચોક્કસ જૂથ,,13,,,
grp_income,family income up to {amt} a year,વર્ષે {amt} સુધીની કૌટુંબિક આવક,,31,,,
d_type,Type,પ્રકાર,,6,,,
d_benefit,Benefit,લાભ,,3,,,
d_stage,Education stage,શિક્ષણ સ્તર,,11,,,
d_category,Category,શ્રેણી,,6,,,
d_gender,Gender,લિંગ,,4,,,
d_income,Family income,પારિવારિક આવક,,13,,,
d_income_upto,up to {amt} a year,વાર્ષિક {amt} સુધી,,18,,,
d_age,Age,ઉંમર,,4,,,
d_domicile,State / domicile,રાજ્ય / રહેઠાણ,,14,,,
d_only_for,Only for,ફક્ત આમના માટે,,14,,,
d_other,Other conditions,અન્ય શરતો,,9,,,
d_deadline,Last date,છેલ્લી તારીખ,,12,,,
d_link,More info / apply,વધુ માહિતી / અરજી,,17,,,
d_inferred,from scheme name – please verify,યોજનાના નામ પરથી – કૃપા કરી તપાસો,,33,,,
d_description,Description,વર્ણન,,5,,,
d_eligibility,Eligibility,પાત્રતા,,7,,,
d_docs_short,Required documents,જરૂરી દસ્તાવેજો,,15,,,
d_apply,Application,અરજી,,4,,,
see_site,See official site,સત્તાવાર સાઇટ જુઓ,,17,,,
more_details,More details,વધુ વિગતો,,9,,,
na,Not available – check official site,ઉપલબ્ધ નથી – સત્તાવાર સાઇટ જુઓ,,30,,,
link_unverified,link not verified – search the scheme name on the official site,લિંક ચકાસાયેલ નથી – સત્તાવાર સાઇટ પર યોજનાનું નામ શોધો,,54,,,
guidance,ℹ️ This is guidance only – verify on the official site before applying.,ℹ️ આ ફક્ત માર્ગદર્શન છે – અરજી કરતા પહેલા સત્તાવાર સાઇટ પર ચકાસો.,,65,,,
o_more,More schemes,વધુ યોજનાઓ,20,10,yes,,
o_back,Go back,પાછળ જાઓ,20,8,yes,,
o_back_list,Back to list,યાદી પર પાછા,20,12,yes,,
o_menu,Main menu,મુખ્ય મેનુ,20,10,yes,,
o_find,Find scholarships,શિષ્યવૃત્તિ શોધો,20,16,yes,,
o_my_schemes,See my schemes,મારી યોજનાઓ,20,11,yes,,
o_lang,Language,ભાષા,20,4,yes,,
o_help,Help,મદદ,20,3,yes,,
o_feedback,Share feedback,પ્રતિસાદ આપો,20,12,yes,,
o_share_scheme,Share scheme,યોજના શેર કરો,20,13,yes,,
o_view,View details,વિગતો જુઓ,20,9,yes,,
menu_title,🏠 Main menu – what would you like to do?,🏠 મુખ્ય મેનુ – તમે શું કરવા માંગો છો?,,37,,,
help,"I help you find government scholarships in 2 minutes.
• Tap an option or type its number.
• BACK – previous step · MENU – main menu · HI – start again
• LANGUAGE – change language · STOP – stop messages
Your answers are used only to suggest schemes. Official portal: https://scholarships.gov.in/","હું 2 મિનિટમાં સરકારી શિષ્યવૃત્તિઓ શોધવામાં તમારી મદદ કરું છું.
• કોઈ વિકલ્પ પર ટૅપ કરો અથવા તેનો નંબર લખો.
• BACK – પાછલું પગલું · MENU – મુખ્ય મેનુ · HI – ફરી શરૂ
• LANGUAGE – ભાષા બદલો · STOP – સંદેશા બંધ
તમારા જવાબો ફક્ત યોજનાઓ સૂચવવા માટે વપરાય છે. સત્તાવાર પોર્ટલ: https://scholarships.gov.in/",,299,,,
stopped,You will not get more messages from us. Reply HI any time to start again.,હવે તમને અમારા સંદેશા નહીં મળે. ફરી શરૂ કરવા માટે ક્યારેય પણ HI લખો.,,68,,,
reply_number,Reply with a number:,નંબર મોકલો:,,11,,,
why,"Sorry if the list looked wrong 🙏 I only show schemes that match your answers:
{facts}
Schemes marked ""Only for…"" are for specific groups (for example farmer families) – check before applying. If an answer is wrong, change it below.","યાદી ખોટી લાગી હોય તો માફ કરશો 🙏 હું ફક્ત તમારા જવાબો સાથે મેળ ખાતી યોજનાઓ બતાવું છું:
{facts}
""ફક્ત…"" લખેલી યોજનાઓ ચોક્કસ જૂથો (દા.ત. ખેડૂત પરિવારો) માટે છે – અરજી પહેલા તપાસો. કોઈ જવાબ ખોટો હોય તો નીચે બદલો.",,209,,,
why_cat_same,"Your saved category is {cat}, so schemes only for other categories are not shown.","તમારી સાચવેલી શ્રેણી {cat} છે, તેથી ફક્ત અન્ય શ્રેણીઓની યોજનાઓ બતાવવામાં આવતી નથી.",,82,,,
why_cat_diff,"You mentioned {said}, but your saved category is {cat}. Tap below to update it.","તમે {said} કહ્યું, પણ સાચવેલી શ્રેણી {cat} છે. બદલવા માટે નીચે ટૅપ કરો.",,71,,,
why_early,"I show schemes after a few quick questions. Please answer the question, or change your answers any time.","થોડા સરળ પ્રશ્નો પછી હું યોજનાઓ બતાવું છું. પ્રશ્નનો જવાબ આપો, અથવા ક્યારેય પણ જવાબો બદલો.",,90,,,
q_rating,"How would you rate this service? 1 ⭐ = lowest, 5 ⭐ = highest.","આ સેવાને તમે કેટલા ગુણ આપશો? 1 ⭐ = સૌથી ઓછું, 5 ⭐ = સૌથી સારું.",,63,,,
r_1,Very poor,ખૂબ ખરાબ,,8,,,
r_2,Poor,ખરાબ,,4,,,
r_3,Okay,ઠીક,,3,,,
r_4,Good,સારું,,5,,,
r_5,Excellent,ઉત્તમ,,5,,,
q_comment,"Thank you! Any comment or suggestion? Type it, or reply SKIP.","આભાર! કોઈ ટિપ્પણી કે સૂચન? લખો, અથવા SKIP મોકલો.",,48,,,
share,"🙏 Thanks for your feedback!
Know a student who could use this? Share your personal link:
WhatsApp: {wa}
Web: {web}
Or ask them to send the code *{code}* to this number.","🙏 પ્રતિસાદ માટે આભાર!
કોઈ વિદ્યાર્થીને આની જરૂર હોઈ શકે? તમારી અંગત લિંક શેર કરો:
WhatsApp: {wa}
વેબ: {web}
અથવા તેમને આ નંબર પર કોડ *{code}* મોકલવા કહો.",,153,,,
share_no_wa,(WhatsApp link available once the WhatsApp number is set up),(WhatsApp નંબર સેટ થયા પછી લિંક મળશે),,37,,,
share_scheme_intro,"📤 Forward this message to friends on WhatsApp, email or social media:","📤 આ સંદેશ મિત્રોને WhatsApp, ઇમેઇલ કે સોશિયલ મીડિયા પર મોકલો:",,61,,,
share_scheme_msg,"🎓 I found this scholarship: *{name}* ({tag})
{desc}
Apply: {url}

Find scholarships for you in 2 minutes:
WhatsApp: {wa}
Web: {web}","🎓 મને આ શિષ્યવૃત્તિ મળી: *{name}* ({tag})
{desc}
અરજી: {url}

2 મિનિટમાં તમારા માટે શિષ્યવૃત્તિ શોધો:
WhatsApp: {wa}
વેબ: {web}",,127,,,
share_subject,A scholarship you may be eligible for,તમને કામ લાગી શકે એવી એક શિષ્યવૃત્તિ,,36,,,
share_fwd_hint,☝️ Long-press the message above and tap Forward to share it.,☝️ ઉપરના સંદેશને દબાવી રાખો અને Forward ટૅપ કરો.,,48,,,
sh_whatsapp,WhatsApp,WhatsApp,,8,,,
sh_email,Email,ઇમેઇલ,,5,,,
sh_copy,Copy message,સંદેશ કૉપિ કરો,,14,,,
sh_more,Share…,શેર…,,4,,,
sh_copied,Copied ✓,કૉપિ થયું ✓,,11,,,
menu_hint,Type MENU for the main menu.,મુખ્ય મેનુ માટે MENU લખો.,,25,,,
lang_continue,Continue,આગળ વધો,,7,,,
f_class_passed,Education level,શિક્ષણ સ્તર,24,11,yes,,
f_state,State/UT,રાજ્ય/UT,24,8,yes,,
f_category,Category,શ્રેણી,24,6,yes,,
f_gender,Gender,લિંગ,24,4,yes,,
f_annual_family_income,Family income,પારિવારિક આવક,24,13,yes,,
wa_choose,Choose,પસંદ કરો,20,8,yes,,
wa_options,Options,વિકલ્પો,24,7,yes,,
wa_nav,Navigate,આગળ-પાછળ,24,8,yes,,
wa_next,More options ▶,વધુ વિકલ્પો ▶,24,13,yes,,
wa_prev,◀ Previous,◀ પાછલા,24,7,yes,,
wa_page,Page {p} of {n} – choose an option:,પાનું {p} / {n} – કોઈ વિકલ્પ પસંદ કરો:,,38,,,
choose_next,What would you like to do next?,હવે તમે શું કરવા માંગો છો?,,26,,,
unsupported,Please reply with text (a number or a word).,કૃપા કરી ટેક્સ્ટમાં જવાબ આપો (નંબર અથવા શબ્દ).,,46,,,
