key,english,translation_hi,max_chars,length,within_limit,reviewer_correction,reviewer_comment
welcome_named,Namaste {name}! 👋 I am the MoSJE Scholarship Discovery Assistant.,नमस्ते {name}! 👋 मैं MoSJE छात्रवृत्ति खोज सहायक हूँ।,,53,,,
welcome,Namaste! 👋 I am the MoSJE Scholarship Discovery Assistant.,नमस्ते! 👋 मैं MoSJE छात्रवृत्ति खोज सहायक हूँ।,,46,,,
intro,Answer a few quick questions (about 2 minutes) and I will show scholarships you can explore.,"कुछ आसान सवालों के जवाब दीजिए (लगभग 2 मिनट), और मैं आपको वे छात्रवृत्तियाँ दिखाऊँगा जिनके बारे में आप जानकारी ले सकते हैं।",,122,,,
choose_lang,Please choose your language / कृपया भाषा चुनें:,Please choose your language / कृपया भाषा चुनें:,,47,,,
lang_set,✅ Language: {language},✅ भाषा: {language},,18,,,
q_step,({n}/{total}),({n}/{total}),,13,,,
q_class_passed,What is your current education level?,आपकी अभी की पढ़ाई का स्तर क्या है?,,34,,,
q_state,Which state's scholarships would you like to see?,आप किस राज्य की छात्रवृत्तियाँ देखना चाहेंगे?,,45,,,
q_category,What is your social category?,आपकी सामाजिक श्रेणी क्या है?,,28,,,
q_gender,What is your gender?,आपका लिंग क्या है?,,18,,,
q_annual_family_income,Which range best describes your family's total *monthly* income?,आपके परिवार की कुल *मासिक* आय किस दायरे में है?,,47,,,
current_answer,(Your current answer: {v}),(आपका अभी का जवाब: {v}),,23,,,
cls_X,Class 10 passed,कक्षा 10 पास,,12,,,
cls_XII,Class 12 passed,कक्षा 12 पास,,12,,,
cls_PRE,Class 1–10 (Pre-Matric),कक्षा 1–10 (प्री-मैट्रिक),,25,,,
cls_UG,Graduation (UG),स्नातक (UG),,11,,,
cls_PG,Post Graduation (PG),स्नातकोत्तर (PG),,16,,,
cls_OTHER,Other / not studying,अन्य / पढ़ाई नहीं,,17,,,
o_edu_PRE,Class 1–10 (school),कक्षा 1–10 (स्कूल),20,18,yes,,
o_edu_X,Class 10 passed,कक्षा 10 पास,20,12,yes,,
o_edu_XII,Class 12 passed,कक्षा 12 पास,20,12,yes,,
o_edu_UG,Graduation (UG),स्नातक (UG),20,11,yes,,
o_edu_PG,Post Graduation (PG),स्नातकोत्तर (PG),20,16,yes,,
o_edu_OTHER,Other / not studying,अन्य / पढ़ाई नहीं,20,17,yes,,
edu_d_PRE,Studying in school – Pre-Matric,स्कूल में पढ़ाई – प्री-मैट्रिक,,30,,,
edu_d_X,Matric – now in Class 11/12 (Post-Matric),मैट्रिक – अभी कक्षा 11/12 में (पोस्ट-मैट्रिक),,45,,,
edu_d_XII,"Post-Matric – college, diploma or ITI","पोस्ट-मैट्रिक – कॉलेज, डिप्लोमा या ITI",,38,,,
edu_d_UG,Studying for a bachelor's degree,स्नातक डिग्री की पढ़ाई,,22,,,
edu_d_PG,"Master's degree, M.Phil or PhD","मास्टर डिग्री, M.Phil या PhD",,28,,,
edu_d_OTHER,None of the above,इनमें से कोई नहीं,,17,,,
o_dont_know,Don't know,पता नहीं,20,8,yes,,
o_skip,Skip,छोड़ें,20,6,yes,,
o_yes,Yes,हाँ,20,3,yes,,
o_no,No,नहीं,20,4,yes,,
o_prefer_not,Prefer not to say,नहीं बताना चाहते,20,16,yes,,
cat_SC,SC,SC,20,2,yes,,
cat_ST,ST,ST,20,2,yes,,
cat_OBC,OBC,OBC,20,3,yes,,
cat_General,General,सामान्य,20,7,yes,,
cat_Minority,Minority,अल्पसंख्यक,20,10,yes,,
g_Female,Female,महिला,20,5,yes,,
g_Male,Male,पुरुष,20,5,yes,,
g_Transgender,Transgender,ट्रांसजेंडर,20,11,yes,,
inc_m10k,"Up to ₹10,000","₹10,000 तक",24,10,yes,,
inc_m30k,"₹10,001–₹30,000","₹10,001–₹30,000",24,15,yes,,
inc_gt30k,"Above ₹30,000","₹30,000 से अधिक",24,15,yes,,
per_month,{v} a month,{v} प्रति माह,,13,,,
per_year,{v} a year,{v} प्रति वर्ष,,14,,,
consent,"🔒 To find scholarships that may be relevant, I need to use the details you share in this chat (education level, gender, family income, social category and State). They are used only to suggest schemes. I will not ask for your name, Aadhaar or bank details. Is that okay?","🔒 आपके लिए उपयोगी छात्रवृत्तियाँ खोजने के लिए मुझे इस चैट में दी गई जानकारी (पढ़ाई का स्तर, लिंग, पारिवारिक आय, सामाजिक श्रेणी और राज्य) का उपयोग करना होगा। इसका उपयोग केवल योजनाएँ सुझाने के लिए होगा। आपका नाम, आधार या बैंक विवरण नहीं पूछा जाएगा। क्या यह ठीक है?",,262,,,
o_agree,Agree,सहमत हूँ,20,8,yes,,
o_disagree,Don't agree,सहमत नहीं,20,9,yes,,
o_agree_now,I agree now,अब सहमत हूँ,20,11,yes,,
consent_declined,"Understood 🙏 I won't ask for or keep any personal details. You can still explore all scholarships at https://scholarships.gov.in/ . If you change your mind, tap below or reply HI.","समझ गए 🙏 कोई निजी जानकारी न पूछी जाएगी, न रखी जाएगी। आप सभी छात्रवृत्तियाँ https://scholarships.gov.in/ पर देख सकते हैं। मन बदले तो नीचे टैप करें या HI लिखें।",,158,,,
summary_title,"📋 Please check your details:
{facts}

Shall I look for scholarships now?","📋 कृपया अपनी जानकारी जाँच लें:
{facts}

क्या अब छात्रवृत्तियाँ खोजें?",,69,,,
records_note,📁 = from your records,📁 = आपके रिकॉर्ड से,,19,,,
o_proceed,Proceed,आगे बढ़ें,20,9,yes,,
o_edit,Edit details,जानकारी बदलें,20,13,yes,,
edit_restart,"OK, let's go through the questions again.","ठीक है, प्रश्न फिर से शुरू करते हैं।",,36,,,
fallback,"I didn't get that 🙂 Please tap an option below or type its number. You can also type MENU, BACK or HELP.","मैं समझ नहीं पाया 🙂 कृपया नीचे कोई विकल्प चुनें या उसका नंबर लिखें। आप MENU, BACK या HELP भी लिख सकते हैं।",,106,,,
nothing_back,You are at the first step.,आप पहले चरण पर हैं।,,19,,,
updated,✅ Updated {f}: {v},✅ {f} बदला गया: {v},,19,,,
class_other,"Right now I can help students from Class 1 up to Post Graduation. You can explore all scholarships at https://scholarships.gov.in/ .
Reply HI any time to start again.","अभी यह सेवा कक्षा 1 से स्नातकोत्तर तक के विद्यार्थियों के लिए है। सभी छात्रवृत्तियाँ https://scholarships.gov.in/ पर देखें।
फिर से शुरू करने के लिए कभी भी HI लिखें।",,164,,,
summary,Your answers: {facts},आपके जवाब: {facts},,18,,,
results_head,"Based on your answers, here are {n} scholarship(s) you can explore (showing {a}–{b} of {total}):",आपके जवाबों के आधार पर ये {n} छात्रवृत्ति(याँ) देखें ({total} में से {a}–{b}):,,78,,,
results_head_check_only,No scheme matched all your answers for certain. These {n} scheme(s) are only for specific groups – check if one applies to you (showing {a}–{b} of {total}):,कोई योजना आपके सभी जवाबों से पक्के तौर पर मेल नहीं खाती। ये {n} योजना(एँ) केवल कुछ खास समूहों के लिए हैं – देखें कि क्या कोई आप पर लागू होती है ({total} में से {a}–{b}):,,169,,,
results_none,I could not find a scheme in our list that matches all your answers. You can change your answers or explore https://scholarships.gov.in/ .,आपके सभी जवाबों से मेल खाती कोई योजना हमारी सूची में नहीं मिली। आप अपने जवाब बदल सकते हैं या https://scholarships.gov.in/ पर देख सकते हैं।,,138,,,
list_tap,Tap a scheme (or type its number) to see details.,विवरण देखने के लिए योजना पर टैप करें (या उसका नंबर लिखें)।,,58,,,
check_section,Only for specific groups – check eligibility,केवल खास समूहों के लिए – पात्रता जाँचें,,39,,,
only_for,Only for: {groups},केवल: {groups},,14,,,
check_elig,check eligibility,पात्रता जाँचें,,14,,,
central,Central,केंद्रीय,,8,,,
results_foot,ℹ️ This list is based only on your answers and the Scholarship Eligibility Rule V3.0. Final eligibility is decided by the scheme's department when you apply.,ℹ️ यह सूची केवल आपके जवाबों और छात्रवृत्ति पात्रता नियम V3.0 पर आधारित है। अंतिम पात्रता आवेदन करने पर योजना का विभाग तय करता है।,,129,,,
no_more,That was the full list.,पूरी सूची दिखा दी गई है।,,24,,,
grp_disability,students with disabilities,दिव्यांग विद्यार्थी,,19,,,
grp_farmer,farmer families,किसान परिवार,,12,,,
grp_workers,children of specific workers,खास कामगारों के बच्चे,,21,,,
grp_defence,armed forces / police families,सेना / पुलिस परिवार,,19,,,
grp_school,students of specific schools,खास स्कूलों के विद्यार्थी,,25,,,
grp_orphan,orphans / PM CARES children,अनाथ / PM CARES बच्चे,,21,,,
grp_bpl,BPL families,BPL परिवार,,10,,,
grp_teachers,children of teachers,शिक्षकों के बच्चे,,17,,,
grp_other,a specific group,एक खास समूह,,11,,,
grp_income,family income up to {amt} a year,पारिवारिक आय {amt} प्रति वर्ष तक,,32,,,
d_type,Type,प्रकार,,6,,,
d_benefit,Benefit,लाभ,,3,,,
d_stage,Education stage,शिक्षा स्तर,,11,,,
d_category,Category,श्रेणी,,6,,,
d_gender,Gender,लिंग,,4,,,
d_income,Family income,पारिवारिक आय,,12,,,
d_income_upto,up to {amt} a year,{amt} प्रति वर्ष तक,,19,,,
d_age,Age,आयु,,3,,,
d_domicile,State / domicile,राज्य / निवास,,13,,,
d_only_for,Only for,केवल इनके लिए,,13,,,
d_other,Other conditions,अन्य शर्तें,,11,,,
d_deadline,Last date,अंतिम तिथि,,10,,,
d_link,More info / apply,जानकारी / आवेदन,,15,,,
d_inferred,from scheme name – please verify,योजना के नाम से – कृपया जाँचें,,30,,,
d_description,Description,विवरण,,5,,,
d_eligibility,Eligibility,पात्रता,,7,,,
d_docs_short,Required documents,ज़रूरी दस्तावेज़,,16,,,
d_apply,Application,आवेदन,,5,,,
see_site,See official site,आधिकारिक साइट देखें,,19,,,
more_details,More details,और जानकारी,,10,,,
na,Not available – check official site,उपलब्ध नहीं – आधिकारिक साइट देखें,,33,,,
link_unverified,link not verified – search the scheme name on the official site,लिंक सत्यापित नहीं – आधिकारिक साइट पर योजना का नाम खोजें,,56,,,
guidance,ℹ️ This is guidance only – verify on the official site before applying.,ℹ️ यह केवल मार्गदर्शन है – आवेदन से पहले आधिकारिक साइट पर जाँच लें।,,67,,,
o_more,More schemes,और योजनाएँ,20,10,yes,,
o_back,Go back,पीछे जाएँ,20,9,yes,,
o_back_list,Back to list,सूची पर वापस,20,12,yes,,
o_menu,Main menu,मुख्य मेनू,20,10,yes,,
o_find,Find scholarships,छात्रवृत्ति खोजें,20,17,yes,,
o_my_schemes,See my schemes,मेरी योजनाएँ,20,12,yes,,
o_lang,Language,भाषा,20,4,yes,,
o_help,Help,मदद,20,3,yes,,
o_feedback,Share feedback,फीडबैक दें,20,10,yes,,
o_share_scheme,Share scheme,योजना शेयर करें,20,15,yes,,
o_view,View details,विवरण देखें,20,11,yes,,
menu_title,🏠 Main menu – what would you like to do?,🏠 मुख्य मेनू – आप क्या करना चाहेंगे?,,36,,,
help,"I help you find government scholarships in 2 minutes.
• Tap an option or type its number.
• BACK – previous step · MENU – main menu · HI – start again
• LANGUAGE – change language · STOP – stop messages
Your answers are used only to suggest schemes. Official portal: https://scholarships.gov.in/","मैं 2 मिनट में सरकारी छात्रवृत्तियाँ खोजने में आपकी मदद करता हूँ।
• कोई विकल्प टैप करें या उसका नंबर लिखें।
• BACK – पिछला चरण · MENU – मुख्य मेनू · HI – फिर से शुरू
• LANGUAGE – भाषा बदलें · STOP – संदेश बंद करें
आपके जवाब केवल योजनाएँ सुझाने के लिए उपयोग होते हैं। आधिकारिक पोर्टल: https://scholarships.gov.in/",,312,,,
stopped,You will not get more messages from us. Reply HI any time to start again.,अब आपको हमारे संदेश नहीं मिलेंगे। फिर से शुरू करने के लिए कभी भी HI लिखें।,,74,,,
reply_number,Reply with a number:,नंबर भेजें:,,11,,,
why,"Sorry if the list looked wrong 🙏 I only show schemes that match your answers:
{facts}
Schemes marked ""Only for…"" are for specific groups (for example farmer families) – check before applying. If an answer is wrong, change it below.","अगर सूची गलत लगी तो माफ़ कीजिए 🙏 मैं केवल वही योजनाएँ दिखाता हूँ जो आपके जवाबों से मेल खाती हैं:
{facts}
जिन योजनाओं पर ""केवल…"" लिखा है वे खास समूहों (जैसे किसान परिवार) के लिए हैं – आवेदन से पहले जाँच लें। अगर कोई जवाब गलत है, तो नीचे बदलें।",,242,,,
why_cat_same,"Your saved category is {cat}, so schemes only for other categories are not shown.","आपकी सहेजी गई श्रेणी {cat} है, इसलिए केवल दूसरी श्रेणियों वाली योजनाएँ नहीं दिखाई जातीं।",,88,,,
why_cat_diff,"You mentioned {said}, but your saved category is {cat}. Tap below to update it.","आपने {said} बताया, लेकिन सहेजी गई श्रेणी {cat} है। इसे बदलने के लिए नीचे टैप करें।",,82,,,
why_early,"I show schemes after a few quick questions. Please answer the question, or change your answers any time.","कुछ आसान सवालों के बाद मैं योजनाएँ दिखाता हूँ। कृपया सवाल का जवाब दें, या कभी भी अपने जवाब बदलें।",,97,,,
q_rating,"How would you rate this service? 1 ⭐ = lowest, 5 ⭐ = highest.","आप इस सेवा को कितने अंक देंगे? 1 ⭐ = सबसे कम, 5 ⭐ = सबसे अच्छा।",,63,,,
r_1,Very poor,बहुत खराब,,9,,,
r_2,Poor,खराब,,4,,,
r_3,Okay,ठीक-ठाक,,7,,,
r_4,Good,अच्छा,,5,,,
r_5,Excellent,बहुत अच्छा,,10,,,
q_comment,"Thank you! Any comment or suggestion? Type it, or reply SKIP.","धन्यवाद! कोई टिप्पणी या सुझाव? लिखें, या SKIP भेजें।",,52,,,
share,"🙏 Thanks for your feedback!
Know a student who could use this? Share your personal link:
WhatsApp: {wa}
Web: {web}
Or ask them to send the code *{code}* to this number.","🙏 फीडबैक के लिए धन्यवाद!
किसी विद्यार्थी को इसकी ज़रूरत हो सकती है? अपना निजी लिंक शेयर करें:
WhatsApp: {wa}
वेब: {web}
या उनसे कहें कि इस नंबर पर कोड *{code}* भेजें।",,166,,,
share_no_wa,(WhatsApp link available once the WhatsApp number is set up),(WhatsApp नंबर सेट होने पर लिंक उपलब्ध होगा),,44,,,
share_scheme_intro,"📤 Forward this message to friends on WhatsApp, email or social media:","📤 यह संदेश दोस्तों को WhatsApp, ईमेल या सोशल मीडिया पर भेजें:",,61,,,
share_scheme_msg,"🎓 I found this scholarship: *{name}* ({tag})
{desc}
Apply: {url}

Find scholarships for you in 2 minutes:
WhatsApp: {wa}
Web: {web}","🎓 मुझे यह छात्रवृत्ति मिली: *{name}* ({tag})
{desc}
आवेदन: {url}

2 मिनट में अपने लिए छात्रवृत्तियाँ खोजें:
WhatsApp: {wa}
वेब: {web}",,133,,,
share_subject,A scholarship you may be eligible for,एक छात्रवृत्ति जो आपके काम की हो सकती है,,40,,,
share_fwd_hint,☝️ Long-press the message above and tap Forward to share it.,☝️ ऊपर वाले संदेश को दबाकर रखें और Forward पर टैप करें।,,55,,,
sh_whatsapp,WhatsApp,WhatsApp,,8,,,
sh_email,Email,ईमेल,,4,,,
sh_copy,Copy message,संदेश कॉपी करें,,15,,,
sh_more,Share…,शेयर…,,5,,,
sh_copied,Copied ✓,कॉपी हो गया ✓,,13,,,
menu_hint,Type MENU for the main menu.,मुख्य मेनू के लिए MENU लिखें।,,29,,,
lang_continue,Continue,आगे बढ़ें,,9,,,
f_class_passed,Education level,पढ़ाई का स्तर,24,13,yes,,
f_state,State/UT,राज्य/UT,24,8,yes,,
f_category,Category,श्रेणी,24,6,yes,,
f_gender,Gender,लिंग,24,4,yes,,
f_annual_family_income,Family income,पारिवारिक आय,24,12,yes,,
wa_choose,Choose,चुनें,20,5,yes,,
wa_options,Options,विकल्प,24,6,yes,,
wa_nav,Navigate,आगे-पीछे,24,8,yes,,
wa_next,More options ▶,और विकल्प ▶,24,11,yes,,
wa_prev,◀ Previous,◀ पिछले,24,7,yes,,
wa_page,Page {p} of {n} – choose an option:,पेज {p} / {n} – कोई विकल्प चुनें:,,33,,,
choose_next,What would you like to do next?,आगे आप क्या करना चाहेंगे?,,25,,,
unsupported,Please reply with text (a number or a word).,कृपया टेक्स्ट में जवाब दें (नंबर या शब्द)।,,42,,,
