key,english,translation_mai,max_chars,length,within_limit,reviewer_correction,reviewer_comment
welcome_named,Namaste {name}! 👋 I am the MoSJE Scholarship Discovery Assistant.,प्रणाम {name}! 👋 हम MoSJE छात्रवृत्ति खोज सहायक छी।,,51,,,
welcome,Namaste! 👋 I am the MoSJE Scholarship Discovery Assistant.,प्रणाम! 👋 हम MoSJE छात्रवृत्ति खोज सहायक छी।,,44,,,
intro,Answer a few quick questions (about 2 minutes) and I will show scholarships you can explore.,"किछु सहज प्रश्नक उत्तर दिअ (लगभग 2 मिनट), आ हम अहाँकेँ ओ छात्रवृत्ति देखाएब जकर जानकारी अहाँ लऽ सकैत छी।",,104,,,
choose_lang,Please choose your language / कृपया भाषा चुनें:,Please choose your language / अपन भाषा चुनू:,,44,,,
lang_set,✅ Language: {language},✅ भाषा: {language},,18,,,
q_step,({n}/{total}),({n}/{total}),,13,,,
q_class_passed,What is your current education level?,अहाँक अखनुक पढ़ाइक स्तर की अछि?,,31,,,
q_state,Which state's scholarships would you like to see?,अहाँ कोन राज्यक छात्रवृत्ति देखए चाहैत छी?,,42,,,
q_category,What is your social category?,अहाँक सामाजिक श्रेणी की अछि?,,28,,,
q_gender,What is your gender?,अहाँक लिंग की अछि?,,18,,,
q_annual_family_income,Which range best describes your family's total *monthly* income?,अहाँक परिवारक कुल *मासिक* आमदनी कोन सीमामे अछि?,,47,,,
current_answer,(Your current answer: {v}),(अहाँक एखनुक उत्तर: {v}),,24,,,
cls_X,Class 10 passed,कक्षा 10 पास,,12,,,
cls_XII,Class 12 passed,कक्षा 12 पास,,12,,,
cls_PRE,Class 1–10 (Pre-Matric),कक्षा 1–10 (प्री-मैट्रिक),,25,,,
cls_UG,Graduation (UG),स्नातक (UG),,11,,,
cls_PG,Post Graduation (PG),स्नातकोत्तर (PG),,16,,,
cls_OTHER,Other / not studying,आन / पढ़ाइ नहि,,14,,,
o_edu_PRE,Class 1–10 (school),कक्षा 1–10 (स्कूल),20,18,yes,,
o_edu_X,Class 10 passed,कक्षा 10 पास,20,12,yes,,
o_edu_XII,Class 12 passed,कक्षा 12 पास,20,12,yes,,
o_edu_UG,Graduation (UG),स्नातक (UG),20,11,yes,,
o_edu_PG,Post Graduation (PG),स्नातकोत्तर (PG),20,16,yes,,
o_edu_OTHER,Other / not studying,आन / पढ़ाइ नहि,20,14,yes,,
edu_d_PRE,Studying in school – Pre-Matric,स्कूलमे पढ़ाइ – प्री-मैट्रिक,,28,,,
edu_d_X,Matric – now in Class 11/12 (Post-Matric),मैट्रिक – अखन कक्षा 11/12 मे (पोस्ट-मैट्रिक),,44,,,
edu_d_XII,"Post-Matric – college, diploma or ITI","पोस्ट-मैट्रिक – कॉलेज, डिप्लोमा वा ITI",,38,,,
edu_d_UG,Studying for a bachelor's degree,स्नातक डिग्रीक पढ़ाइ,,20,,,
edu_d_PG,"Master's degree, M.Phil or PhD","मास्टर डिग्री, M.Phil वा PhD",,28,,,
edu_d_OTHER,None of the above,एहिमे सँ कोनो नहि,,17,,,
o_dont_know,Don't know,नहि बुझल,20,8,yes,,
o_skip,Skip,छोड़ू,20,5,yes,,
o_yes,Yes,हँ,20,2,yes,,
o_no,No,नहि,20,3,yes,,
o_prefer_not,Prefer not to say,नहि कहब,20,7,yes,,
cat_SC,SC,SC,20,2,yes,,
cat_ST,ST,ST,20,2,yes,,
cat_OBC,OBC,OBC,20,3,yes,,
cat_General,General,सामान्य,20,7,yes,,
cat_Minority,Minority,अल्पसंख्यक,20,10,yes,,
g_Female,Female,महिला,20,5,yes,,
g_Male,Male,पुरुष,20,5,yes,,
g_Transgender,Transgender,ट्रांसजेंडर,20,11,yes,,
inc_m10k,"Up to ₹10,000","₹10,000 धरि",24,11,yes,,
inc_m30k,"₹10,001–₹30,000","₹10,001–₹30,000",24,15,yes,,
inc_gt30k,"Above ₹30,000","₹30,000 सँ बेसी",24,15,yes,,
per_month,{v} a month,{v} प्रति मास,,13,,,
per_year,{v} a year,{v} प्रति वर्ष,,14,,,
consent,"🔒 To find scholarships that may be relevant, I need to use the details you share in this chat (education level, gender, family income, social category and State). They are used only to suggest schemes. I will not ask for your name, Aadhaar or bank details. Is that okay?","🔒 अहाँक लेल उपयोगी छात्रवृत्ति खोजबाक लेल एहि चैटमे देल जानकारी (पढ़ाइक स्तर, लिंग, पारिवारिक आमदनी, सामाजिक वर्ग आ राज्य) क उपयोग करय पड़त। एकर उपयोग मात्र योजना सुझाबय लेल होयत। अहाँक नाम, आधार वा बैंक विवरण नहि पुछल जायत। की ई ठीक अछि?",,238,,,
o_agree,Agree,सहमत छी,20,7,yes,,
o_disagree,Don't agree,सहमत नहि छी,20,11,yes,,
o_agree_now,I agree now,आब सहमत छी,20,10,yes,,
consent_declined,"Understood 🙏 I won't ask for or keep any personal details. You can still explore all scholarships at https://scholarships.gov.in/ . If you change your mind, tap below or reply HI.",बुझि गेलहुँ 🙏 कोनो निजी जानकारी नहि पुछल जायत आ नहि राखल जायत। सभ छात्रवृत्ति https://scholarships.gov.in/ पर देखि सकैत छी। मोन बदलय तँ नीचाँ टैप करू वा HI लिखू।,,161,,,
summary_title,"📋 Please check your details:
{facts}

Shall I look for scholarships now?","📋 कृपया अपन जानकारी जाँचि लिअ:
{facts}

की आब छात्रवृत्ति खोजल जाय?",,67,,,
records_note,📁 = from your records,📁 = अहाँक रिकॉर्ड सँ,,20,,,
o_proceed,Proceed,आगाँ बढ़ू,20,9,yes,,
o_edit,Edit details,जानकारी बदलू,20,12,yes,,
edit_restart,"OK, let's go through the questions again.","ठीक अछि, प्रश्न फेर सँ शुरू करैत छी।",,36,,,
fallback,"I didn't get that 🙂 Please tap an option below or type its number. You can also type MENU, BACK or HELP.","हम नहि बुझलहुँ 🙂 नीचाँ कोनो विकल्प चुनू वा ओकर नंबर लिखू। अहाँ MENU, BACK वा HELP सेहो लिखि सकैत छी।",,100,,,
nothing_back,You are at the first step.,अहाँ पहिल चरण पर छी।,,20,,,
updated,✅ Updated {f}: {v},✅ {f} बदलल गेल: {v},,19,,,
class_other,"Right now I can help students from Class 1 up to Post Graduation. You can explore all scholarships at https://scholarships.gov.in/ .
Reply HI any time to start again.","अखन ई सेवा कक्षा 1 सँ स्नातकोत्तर धरिक विद्यार्थी सभक लेल अछि। सभ छात्रवृत्ति https://scholarships.gov.in/ पर देखू।
फेर सँ शुरू करबाक लेल कखनो HI लिखू।",,151,,,
summary,Your answers: {facts},अहाँक उत्तर: {facts},,20,,,
results_head,"Based on your answers, here are {n} scholarship(s) you can explore (showing {a}–{b} of {total}):",अहाँक उत्तरक आधार पर ई {n} छात्रवृत्ति देखू ({total} मे सँ {a}–{b}):,,68,,,
results_head_check_only,No scheme matched all your answers for certain. These {n} scheme(s) are only for specific groups – check if one applies to you (showing {a}–{b} of {total}):,कोनो योजना अहाँक सभ उत्तरसँ पक्का मेल नहि खेलक। ई {n} योजना मात्र किछु खास समूहक लेल अछि – देखू जे अहाँ पर लागू होइत अछि वा नहि ({total} मे सँ {a}–{b}):,,152,,,
results_none,I could not find a scheme in our list that matches all your answers. You can change your answers or explore https://scholarships.gov.in/ .,अहाँक सभ उत्तरसँ मेल खाइत कोनो योजना हमर सूचीमे नहि भेटल। अहाँ उत्तर बदलि सकैत छी वा https://scholarships.gov.in/ देखि सकैत छी।,,127,,,
list_tap,Tap a scheme (or type its number) to see details.,विवरण देखबाक लेल योजना पर टैप करू (वा ओकर नंबर लिखू)।,,53,,,
check_section,Only for specific groups – check eligibility,मात्र खास समूहक लेल – पात्रता जाँचू,,35,,,
only_for,Only for: {groups},मात्र: {groups},,15,,,
check_elig,check eligibility,पात्रता जाँचू,,13,,,
central,Central,केंद्रीय,,8,,,
results_foot,ℹ️ This list is based only on your answers and the Scholarship Eligibility Rule V3.0. Final eligibility is decided by the scheme's department when you apply.,ℹ️ ई सूची मात्र अहाँक उत्तर आ छात्रवृत्ति पात्रता नियम V3.0 पर आधारित अछि। आवेदन केलाक बाद अंतिम पात्रता योजनाक विभाग तय करत।,,125,,,
no_more,That was the full list.,पूरा सूची देखाओल गेल।,,21,,,
grp_disability,students with disabilities,दिव्यांग विद्यार्थी,,19,,,
grp_farmer,farmer families,किसान परिवार,,12,,,
grp_workers,children of specific workers,खास मजदूरक बच्चा,,16,,,
grp_defence,armed forces / police families,सेना / पुलिस परिवार,,19,,,
grp_school,students of specific schools,खास स्कूलक विद्यार्थी,,21,,,
grp_orphan,orphans / PM CARES children,अनाथ / PM CARES बच्चा,,21,,,
grp_bpl,BPL families,BPL परिवार,,10,,,
grp_teachers,children of teachers,शिक्षकक बच्चा,,13,,,
grp_other,a specific group,एकटा खास समूह,,13,,,
grp_income,family income up to {amt} a year,पारिवारिक आमदनी {amt} प्रति वर्ष धरि,,36,,,
d_type,Type,प्रकार,,6,,,
d_benefit,Benefit,लाभ,,3,,,
d_stage,Education stage,शिक्षाक स्तर,,12,,,
d_category,Category,श्रेणी,,6,,,
d_gender,Gender,लिंग,,4,,,
d_income,Family income,परिवारक आय,,10,,,
d_income_upto,up to {amt} a year,{amt} प्रति वर्ष धरि,,20,,,
d_age,Age,आयु,,3,,,
d_domicile,State / domicile,राज्य / निवास,,13,,,
d_only_for,Only for,मात्र हिनका लोकनिक लेल,,22,,,
d_other,Other conditions,आन शर्त,,7,,,
d_deadline,Last date,अंतिम तिथि,,10,,,
d_link,More info / apply,जानकारी / आवेदन,,15,,,
d_inferred,from scheme name – please verify,योजनाक नामसँ – कृपया जाँचू,,26,,,
d_description,Description,विवरण,,5,,,
d_eligibility,Eligibility,पात्रता,,7,,,
d_docs_short,Required documents,आवश्यक कागजात,,13,,,
d_apply,Application,आवेदन,,5,,,
see_site,See official site,सरकारी साइट देखू,,16,,,
more_details,More details,आओर जानकारी,,11,,,
na,Not available – check official site,उपलब्ध नहि – आधिकारिक साइट देखू,,31,,,
link_unverified,link not verified – search the scheme name on the official site,लिंक जाँचल नहि – आधिकारिक साइट पर योजनाक नाम खोजू,,49,,,
guidance,ℹ️ This is guidance only – verify on the official site before applying.,ℹ️ ई मात्र मार्गदर्शन अछि – आवेदनसँ पहिने आधिकारिक साइट पर जाँचि लिअ।,,69,,,
o_more,More schemes,आओर योजना,20,9,yes,,
o_back,Go back,पाछाँ जाउ,20,9,yes,,
o_back_list,Back to list,सूची पर घुरू,20,12,yes,,
o_menu,Main menu,मुख्य मेनू,20,10,yes,,
o_find,Find scholarships,छात्रवृत्ति खोजू,20,16,yes,,
o_my_schemes,See my schemes,हमर योजना,20,9,yes,,
o_lang,Language,भाषा,20,4,yes,,
o_help,Help,मदति,20,4,yes,,
o_feedback,Share feedback,राय दिअ,20,7,yes,,
o_share_scheme,Share scheme,योजना शेयर करू,20,14,yes,,
o_view,View details,विवरण देखू,20,10,yes,,
menu_title,🏠 Main menu – what would you like to do?,🏠 मुख्य मेनू – अहाँ की करए चाहैत छी?,,36,,,
help,"I help you find government scholarships in 2 minutes.
• Tap an option or type its number.
• BACK – previous step · MENU – main menu · HI – start again
• LANGUAGE – change language · STOP – stop messages
Your answers are used only to suggest schemes. Official portal: https://scholarships.gov.in/","हम 2 मिनटमे सरकारी छात्रवृत्ति खोजबामे अहाँक मदति करैत छी।
• कोनो विकल्प टैप करू वा ओकर नंबर लिखू।
• BACK – पछिला चरण · MENU – मुख्य मेनू · HI – फेरसँ शुरू
• LANGUAGE – भाषा बदलू · STOP – संदेश बंद
अहाँक उत्तर मात्र योजना सुझएबाक लेल उपयोग होइत अछि। आधिकारिक पोर्टल: https://scholarships.gov.in/",,295,,,
stopped,You will not get more messages from us. Reply HI any time to start again.,आब अहाँकेँ हमर संदेश नहि भेटत। फेरसँ शुरू करबाक लेल कखनो HI लिखू।,,65,,,
reply_number,Reply with a number:,नंबर पठाउ:,,10,,,
why,"Sorry if the list looked wrong 🙏 I only show schemes that match your answers:
{facts}
Schemes marked ""Only for…"" are for specific groups (for example farmer families) – check before applying. If an answer is wrong, change it below.","जँ सूची गलत लागल तँ क्षमा करू 🙏 हम मात्र ओहे योजना देखबैत छी जे अहाँक उत्तरसँ मेल खाइत अछि:
{facts}
जाहि योजना पर ""मात्र…"" लिखल अछि ओ खास समूह (जेना किसान परिवार) क लेल अछि – आवेदनसँ पहिने जाँचू। जँ कोनो उत्तर गलत अछि तँ नीचाँ बदलू।",,232,,,
why_cat_same,"Your saved category is {cat}, so schemes only for other categories are not shown.","अहाँक सहेजल श्रेणी {cat} अछि, तेँ मात्र आन श्रेणीक योजना नहि देखाओल जाइत अछि।",,77,,,
why_cat_diff,"You mentioned {said}, but your saved category is {cat}. Tap below to update it.","अहाँ {said} कहलहुँ, मुदा सहेजल श्रेणी {cat} अछि। बदलबाक लेल नीचाँ टैप करू।",,74,,,
why_early,"I show schemes after a few quick questions. Please answer the question, or change your answers any time.","किछु सहज प्रश्नक बाद हम योजना देखबैत छी। प्रश्नक उत्तर दिअ, वा कखनो अपन उत्तर बदलू।",,83,,,
q_rating,"How would you rate this service? 1 ⭐ = lowest, 5 ⭐ = highest.","एहि सेवाकेँ अहाँ कतेक अंक देब? 1 ⭐ = सभसँ कम, 5 ⭐ = सभसँ नीक।",,61,,,
r_1,Very poor,बहुत खराब,,9,,,
r_2,Poor,खराब,,4,,,
r_3,Okay,ठीक-ठाक,,7,,,
r_4,Good,नीक,,3,,,
r_5,Excellent,बहुत नीक,,8,,,
q_comment,"Thank you! Any comment or suggestion? Type it, or reply SKIP.","धन्यवाद! कोनो टिप्पणी वा सुझाव? लिखू, वा SKIP पठाउ।",,51,,,
share,"🙏 Thanks for your feedback!
Know a student who could use this? Share your personal link:
WhatsApp: {wa}
Web: {web}
Or ask them to send the code *{code}* to this number.","🙏 रायक लेल धन्यवाद!
कोनो विद्यार्थीकेँ एकर जरूरति भऽ सकैत छैक? अपन निजी लिंक शेयर करू:
WhatsApp: {wa}
वेब: {web}
वा हुनका कहू जे एहि नंबर पर कोड *{code}* पठाबथि।",,161,,,
share_no_wa,(WhatsApp link available once the WhatsApp number is set up),(WhatsApp नंबर सेट भेला पर लिंक भेटत),,37,,,
share_scheme_intro,"📤 Forward this message to friends on WhatsApp, email or social media:","📤 ई संदेश संगी सभकेँ WhatsApp, ईमेल वा सोशल मीडिया पर पठाउ:",,59,,,
share_scheme_msg,"🎓 I found this scholarship: *{name}* ({tag})
{desc}
Apply: {url}

Find scholarships for you in 2 minutes:
WhatsApp: {wa}
Web: {web}","🎓 हमरा ई छात्रवृत्ति भेटल: *{name}* ({tag})
{desc}
आवेदन: {url}

2 मिनटमे अपना लेल छात्रवृत्ति खोजू:
WhatsApp: {wa}
वेब: {web}",,126,,,
share_subject,A scholarship you may be eligible for,एकटा छात्रवृत्ति जे अहाँक काजक भऽ सकैत अछि,,42,,,
share_fwd_hint,☝️ Long-press the message above and tap Forward to share it.,☝️ ऊपरका संदेशकेँ दबा कऽ राखू आ Forward पर टैप करू।,,51,,,
sh_whatsapp,WhatsApp,WhatsApp,,8,,,
sh_email,Email,ईमेल,,4,,,
sh_copy,Copy message,संदेश कॉपी करू,,14,,,
sh_more,Share…,शेयर…,,5,,,
sh_copied,Copied ✓,कॉपी भऽ गेल ✓,,13,,,
menu_hint,Type MENU for the main menu.,मुख्य मेनू लेल MENU लिखू।,,25,,,
lang_continue,Continue,आगाँ बढ़ू,,9,,,
f_class_passed,Education level,पढ़ाइक स्तर,24,11,yes,,
f_state,State/UT,राज्य/UT,24,8,yes,,
f_category,Category,श्रेणी,24,6,yes,,
f_gender,Gender,लिंग,24,4,yes,,
f_annual_family_income,Family income,परिवारक आय,24,10,yes,,
wa_choose,Choose,चुनू,20,4,yes,,
wa_options,Options,विकल्प,24,6,yes,,
wa_nav,Navigate,आगाँ-पाछाँ,24,10,yes,,
wa_next,More options ▶,आओर विकल्प ▶,24,12,yes,,
wa_prev,◀ Previous,◀ पछिला,24,7,yes,,
wa_page,Page {p} of {n} – choose an option:,पेज {p} / {n} – कोनो विकल्प चुनू:,,33,,,
choose_next,What would you like to do next?,आब अहाँ की करए चाहैत छी?,,24,,,
unsupported,Please reply with text (a number or a word).,कृपया टेक्स्टमे उत्तर दिअ (नंबर वा शब्द)।,,41,,,
