key,english,translation_mr,max_chars,length,within_limit,reviewer_correction,reviewer_comment
welcome_named,Namaste {name}! 👋 I am the MoSJE Scholarship Discovery Assistant.,नमस्कार {name}! 👋 मी MoSJE शिष्यवृत्ती शोध सहाय्यक आहे.,,55,,,
welcome,Namaste! 👋 I am the MoSJE Scholarship Discovery Assistant.,नमस्कार! 👋 मी MoSJE शिष्यवृत्ती शोध सहाय्यक आहे.,,48,,,
intro,Answer a few quick questions (about 2 minutes) and I will show scholarships you can explore.,"काही सोप्या प्रश्नांची उत्तरे द्या (सुमारे 2 मिनिटे), आणि मी तुम्हाला पाहता येतील अशा शिष्यवृत्ती दाखवेन.",,105,,,
choose_lang,Please choose your language / कृपया भाषा चुनें:,Please choose your language / तुमची भाषा निवडा:,,47,,,
lang_set,✅ Language: {language},✅ भाषा: {language},,18,,,
q_step,({n}/{total}),({n}/{total}),,13,,,
q_class_passed,What is your current education level?,तुमचा सध्याचा शिक्षण स्तर कोणता आहे?,,36,,,
q_state,Which state's scholarships would you like to see?,तुम्हाला कोणत्या राज्याच्या शिष्यवृत्त्या पाहायच्या आहेत?,,57,,,
q_category,What is your social category?,तुमचा सामाजिक प्रवर्ग कोणता आहे?,,32,,,
q_gender,What is your gender?,तुमचे लिंग काय आहे?,,19,,,
q_annual_family_income,Which range best describes your family's total *monthly* income?,तुमच्या कुटुंबाचे एकूण *मासिक* उत्पन्न कोणत्या मर्यादेत आहे?,,60,,,
current_answer,(Your current answer: {v}),(तुमचे सध्याचे उत्तर: {v}),,26,,,
cls_X,Class 10 passed,इयत्ता 10 उत्तीर्ण,,18,,,
cls_XII,Class 12 passed,इयत्ता 12 उत्तीर्ण,,18,,,
cls_PRE,Class 1–10 (Pre-Matric),इयत्ता 1–10 (प्री-मॅट्रिक),,26,,,
cls_UG,Graduation (UG),पदवी (UG),,9,,,
cls_PG,Post Graduation (PG),पदव्युत्तर (PG),,15,,,
cls_OTHER,Other / not studying,इतर / शिकत नाही,,15,,,
o_edu_PRE,Class 1–10 (school),इयत्ता 1–10 (शाळा),20,18,yes,,
o_edu_X,Class 10 passed,इयत्ता 10 उत्तीर्ण,20,18,yes,,
o_edu_XII,Class 12 passed,इयत्ता 12 उत्तीर्ण,20,18,yes,,
o_edu_UG,Graduation (UG),पदवी (UG),20,9,yes,,
o_edu_PG,Post Graduation (PG),पदव्युत्तर (PG),20,15,yes,,
o_edu_OTHER,Other / not studying,इतर / शिकत नाही,20,15,yes,,
edu_d_PRE,Studying in school – Pre-Matric,शाळेत शिकत आहे – प्री-मॅट्रिक,,29,,,
edu_d_X,Matric – now in Class 11/12 (Post-Matric),मॅट्रिक – आता इयत्ता 11/12 मध्ये (पोस्ट-मॅट्रिक),,48,,,
edu_d_XII,"Post-Matric – college, diploma or ITI","पोस्ट-मॅट्रिक – महाविद्यालय, डिप्लोमा किंवा ITI",,47,,,
edu_d_UG,Studying for a bachelor's degree,पदवीचे शिक्षण,,13,,,
edu_d_PG,"Master's degree, M.Phil or PhD","पदव्युत्तर, M.Phil किंवा PhD",,28,,,
edu_d_OTHER,None of the above,वरीलपैकी काहीही नाही,,20,,,
o_dont_know,Don't know,माहीत नाही,20,10,yes,,
o_skip,Skip,वगळा,20,4,yes,,
o_yes,Yes,हो,20,2,yes,,
o_no,No,नाही,20,4,yes,,
o_prefer_not,Prefer not to say,सांगायचे नाही,20,13,yes,,
cat_SC,SC,SC,20,2,yes,,
cat_ST,ST,ST,20,2,yes,,
cat_OBC,OBC,OBC,20,3,yes,,
cat_General,General,खुला/सामान्य,20,12,yes,,
cat_Minority,Minority,अल्पसंख्याक,20,11,yes,,
g_Female,Female,स्त्री,20,6,yes,,
g_Male,Male,पुरुष,20,5,yes,,
g_Transgender,Transgender,तृतीयपंथी,20,9,yes,,
inc_m10k,"Up to ₹10,000","₹10,000 पर्यंत",24,14,yes,,
inc_m30k,"₹10,001–₹30,000","₹10,001–₹30,000",24,15,yes,,
inc_gt30k,"Above ₹30,000","₹30,000 पेक्षा जास्त",24,20,yes,,
per_month,{v} a month,महिन्याला {v},,13,,,
per_year,{v} a year,वर्षाला {v},,11,,,
consent,"🔒 To find scholarships that may be relevant, I need to use the details you share in this chat (education level, gender, family income, social category and State). They are used only to suggest schemes. I will not ask for your name, Aadhaar or bank details. Is that okay?","🔒 तुमच्यासाठी योग्य शिष्यवृत्ती शोधण्यासाठी, या चॅटमध्ये तुम्ही दिलेली माहिती (शिक्षण स्तर, लिंग, कौटुंबिक उत्पन्न, सामाजिक प्रवर्ग आणि राज्य) वापरावी लागेल. ती फक्त योजना सुचवण्यासाठी वापरली जाईल. तुमचे नाव, आधार किंवा बँक तपशील विचारले जाणार नाहीत. हे चालेल का?",,263,,,
o_agree,Agree,सहमत आहे,20,8,yes,,
o_disagree,Don't agree,सहमत नाही,20,9,yes,,
o_agree_now,I agree now,आता सहमत आहे,20,12,yes,,
consent_declined,"Understood 🙏 I won't ask for or keep any personal details. You can still explore all scholarships on the National Scholarship Portal: https://scholarships.gov.in/
If you change your mind, tap below or reply HI.",समजले 🙏 कोणतीही वैयक्तिक माहिती विचारली किंवा ठेवली जाणार नाही. सर्व शिष्यवृत्ती https://scholarships.gov.in/ वर पाहू शकता. विचार बदलल्यास खाली टॅप करा किंवा HI लिहा.,,166,,,
summary_title,"📋 Please check your details:
{facts}

Shall I look for scholarships now?","📋 कृपया तुमची माहिती तपासा:
{facts}

आता शिष्यवृत्ती शोधायच्या का?",,66,,,
records_note,📁 = from your records,📁 = तुमच्या नोंदींमधून,,22,,,
o_proceed,Proceed,पुढे जा,20,7,yes,,
o_edit,Edit details,माहिती बदला,20,11,yes,,
edit_restart,"OK, let's go through the questions again.","ठीक आहे, प्रश्न पुन्हा सुरू करूया.",,34,,,
fallback,"I didn't get that 🙂 Please tap an option below or type its number. You can also type MENU, BACK or HELP.","मला समजले नाही 🙂 खालील एखादा पर्याय टॅप करा किंवा त्याचा क्रमांक लिहा. तुम्ही MENU, BACK किंवा HELP देखील लिहू शकता.",,116,,,
nothing_back,You are at the first step.,तुम्ही पहिल्या टप्प्यावर आहात.,,30,,,
updated,✅ Updated {f}: {v},✅ {f} बदलले: {v},,16,,,
class_other,"Right now I can help students from Class 1 up to Post Graduation. You can explore all scholarships at https://scholarships.gov.in/
Reply HI any time to start again.","सध्या ही सेवा इयत्ता 1 ते पदव्युत्तर पर्यंतच्या विद्यार्थ्यांसाठी आहे. सर्व शिष्यवृत्ती https://scholarships.gov.in/ वर पाहा.
पुन्हा सुरू करण्यासाठी कधीही HI लिहा.",,163,,,
summary,Your answers: {facts},तुमची उत्तरे: {facts},,21,,,
results_head,"Based on your answers, here are {n} scholarship(s) you can explore (showing {a}–{b} of {total}):",तुमच्या उत्तरांनुसार तुम्ही पाहू शकता अशा {n} शिष्यवृत्ती ({total} पैकी {a}–{b}):,,81,,,
results_head_check_only,No scheme matched all your answers for certain. These {n} scheme(s) are only for specific groups – check if one applies to you (showing {a}–{b} of {total}):,कोणतीही योजना तुमच्या सर्व उत्तरांशी नक्की जुळली नाही. या {n} योजना फक्त विशिष्ट गटांसाठी आहेत – तुम्हाला लागू होते का ते पहा ({total} पैकी {a}–{b}):,,149,,,
results_none,I could not find a scheme in our list that matches all your answers. You can change your answers or explore https://scholarships.gov.in/,तुमच्या सर्व उत्तरांशी जुळणारी योजना आमच्या यादीत मिळाली नाही. तुम्ही उत्तरे बदलू शकता किंवा https://scholarships.gov.in/ पाहू शकता.,,132,,,
list_tap,Tap a scheme (or type its number) to see details.,तपशील पाहण्यासाठी योजनेवर टॅप करा (किंवा तिचा क्रमांक लिहा).,,60,,,
check_section,Only for specific groups – check eligibility,फक्त विशिष्ट गटांसाठी – पात्रता तपासा,,37,,,
only_for,Only for: {groups},फक्त: {groups},,14,,,
check_elig,check eligibility,पात्रता तपासा,,13,,,
central,Central,केंद्रीय,,8,,,
results_foot,ℹ️ This list is based only on your answers and the Scholarship Eligibility Rule V3.0. Final eligibility is decided by the scheme's department when you apply.,ℹ️ ही यादी फक्त तुमची उत्तरे आणि शिष्यवृत्ती पात्रता नियम V3.0 वर आधारित आहे. अर्ज केल्यानंतर अंतिम पात्रता योजनेचा विभाग ठरवेल.,,128,,,
no_more,That was the full list.,संपूर्ण यादी दाखवली आहे.,,24,,,
grp_disability,students with disabilities,दिव्यांग विद्यार्थी,,19,,,
grp_farmer,farmer families,शेतकरी कुटुंबे,,14,,,
grp_workers,children of specific workers,विशिष्ट कामगारांची मुले,,23,,,
grp_defence,armed forces / police families,सैन्य / पोलीस कुटुंबे,,21,,,
grp_school,students of specific schools,विशिष्ट शाळांचे विद्यार्थी,,26,,,
grp_orphan,orphans / PM CARES children,अनाथ / PM CARES मुले,,20,,,
grp_bpl,BPL families,BPL कुटुंबे,,11,,,
grp_teachers,children of teachers,शिक्षकांची मुले,,15,,,
grp_other,a specific group,एक विशिष्ट गट,,13,,,
grp_income,family income up to {amt} a year,वर्षाला {amt} पर्यंत कौटुंबिक उत्पन्न,,37,,,
d_type,Type,प्रकार,,6,,,
d_benefit,Benefit,लाभ,,3,,,
d_stage,Education stage,शिक्षणाचा टप्पा,,15,,,
d_category,Category,प्रवर्ग,,7,,,
d_gender,Gender,लिंग,,4,,,
d_income,Family income,कौटुंबिक उत्पन्न,,16,,,
d_income_upto,up to {amt} a year,वार्षिक {amt} पर्यंत,,20,,,
d_age,Age,वय,,2,,,
d_domicile,State / domicile,राज्य / अधिवास,,14,,,
d_only_for,Only for,फक्त यांच्यासाठी,,16,,,
d_other,Other conditions,इतर अटी,,7,,,
d_deadline,Last date,शेवटची तारीख,,12,,,
d_link,More info / apply,अधिक माहिती / अर्ज,,18,,,
d_inferred,from scheme name – please verify,योजनेच्या नावावरून – कृपया तपासा,,32,,,
d_description,Description,वर्णन,,5,,,
d_eligibility,Eligibility,पात्रता,,7,,,
d_docs_short,Required documents,आवश्यक कागदपत्रे,,16,,,
d_apply,Application,अर्ज,,4,,,
see_site,See official site,अधिकृत साइट पाहा,,16,,,
more_details,More details,अधिक माहिती,,11,,,
na,Not available – check official site,उपलब्ध नाही – अधिकृत साइट पहा,,29,,,
link_unverified,link not verified – search the scheme name on the official site,लिंक तपासलेली नाही – अधिकृत साइटवर योजनेचे नाव शोधा,,51,,,
guidance,ℹ️ This is guidance only – verify on the official site before applying.,ℹ️ हे फक्त मार्गदर्शन आहे – अर्ज करण्यापूर्वी अधिकृत साइटवर तपासा.,,66,,,
o_more,More schemes,आणखी योजना,20,10,yes,,
o_back,Go back,मागे जा,20,7,yes,,
o_back_list,Back to list,यादीकडे परत,20,11,yes,,
o_menu,Main menu,मुख्य मेनू,20,10,yes,,
o_find,Find scholarships,शिष्यवृत्ती शोधा,20,16,yes,,
o_my_schemes,See my schemes,माझ्या योजना,20,12,yes,,
o_lang,Language,भाषा,20,4,yes,,
o_help,Help,मदत,20,3,yes,,
o_feedback,Share feedback,अभिप्राय द्या,20,13,yes,,
o_share_scheme,Share scheme,योजना शेअर करा,20,14,yes,,
o_view,View details,तपशील पहा,20,9,yes,,
menu_title,🏠 Main menu – what would you like to do?,🏠 मुख्य मेनू – तुम्हाला काय करायचे आहे?,,39,,,
help,"I help you find government scholarships in 2 minutes.
• Tap an option or type its number.
• BACK – previous step · MENU – main menu · HI – start again
• LANGUAGE – change language · STOP – stop messages
Your answers are used only to suggest schemes. Official portal: https://scholarships.gov.in/","मी 2 मिनिटांत सरकारी शिष्यवृत्ती शोधण्यात तुमची मदत करतो.
• एखादा पर्याय टॅप करा किंवा त्याचा क्रमांक लिहा.
• BACK – मागील टप्पा · MENU – मुख्य मेनू · HI – पुन्हा सुरू
• LANGUAGE – भाषा बदला · STOP – संदेश बंद
तुमची उत्तरे फक्त योजना सुचवण्यासाठी वापरली जातात. अधिकृत पोर्टल: https://scholarships.gov.in/",,304,,,
stopped,You will not get more messages from us. Reply HI any time to start again.,आता तुम्हाला आमचे संदेश मिळणार नाहीत. पुन्हा सुरू करण्यासाठी कधीही HI लिहा.,,75,,,
reply_number,Reply with a number:,क्रमांक पाठवा:,,14,,,
why,"Sorry if the list looked wrong 🙏 I only show schemes that match your answers:
{facts}
Schemes marked ""Only for…"" are for specific groups (for example farmer families) – check before applying. If an answer is wrong, change it below.","यादी चुकीची वाटली असल्यास क्षमस्व 🙏 मी फक्त तुमच्या उत्तरांशी जुळणाऱ्या योजना दाखवतो:
{facts}
""फक्त…"" असे लिहिलेल्या योजना विशिष्ट गटांसाठी (उदा. शेतकरी कुटुंबे) आहेत – अर्जापूर्वी तपासा. एखादे उत्तर चुकीचे असल्यास खाली बदला.",,225,,,
why_cat_same,"Your saved category is {cat}, so schemes only for other categories are not shown.","तुमचा जतन केलेला प्रवर्ग {cat} आहे, त्यामुळे फक्त इतर प्रवर्गांच्या योजना दाखवल्या जात नाहीत.",,93,,,
why_cat_diff,"You mentioned {said}, but your saved category is {cat}. Tap below to update it.","तुम्ही {said} सांगितले, पण जतन केलेला प्रवर्ग {cat} आहे. बदलण्यासाठी खाली टॅप करा.",,82,,,
why_early,"I show schemes after a few quick questions. Please answer the question, or change your answers any time.","काही सोप्या प्रश्नांनंतर मी योजना दाखवतो. प्रश्नाचे उत्तर द्या, किंवा कधीही उत्तरे बदला.",,88,,,
q_rating,"How would you rate this service? 1 ⭐ = lowest, 5 ⭐ = highest.","या सेवेला तुम्ही किती गुण द्याल? 1 ⭐ = सर्वात कमी, 5 ⭐ = सर्वोत्तम.",,67,,,
r_1,Very poor,खूप वाईट,,8,,,
r_2,Poor,वाईट,,4,,,
r_3,Okay,ठीक,,3,,,
r_4,Good,चांगले,,6,,,
r_5,Excellent,उत्कृष्ट,,8,,,
q_comment,"Thank you! Any comment or suggestion? Type it, or reply SKIP.","धन्यवाद! काही प्रतिक्रिया किंवा सूचना? लिहा, किंवा SKIP पाठवा.",,62,,,
share,"🙏 Thanks for your feedback!
Know a student who could use this? Share your personal link:
WhatsApp: {wa}
Web: {web}
Or ask them to send the code *{code}* to this number.","🙏 अभिप्रायाबद्दल धन्यवाद!
एखाद्या विद्यार्थ्याला याचा उपयोग होऊ शकतो? तुमची वैयक्तिक लिंक शेअर करा:
WhatsApp: {wa}
वेब: {web}
किंवा त्यांना या नंबरवर कोड *{code}* पाठवायला सांगा.",,178,,,
share_no_wa,(WhatsApp link available once the WhatsApp number is set up),(WhatsApp क्रमांक सेट झाल्यावर लिंक मिळेल),,42,,,
share_scheme_intro,"📤 Forward this message to friends on WhatsApp, email or social media:","📤 हा संदेश मित्रांना WhatsApp, ईमेल किंवा सोशल मीडियावर पाठवा:",,62,,,
share_scheme_msg,"🎓 I found this scholarship: *{name}* ({tag})
{desc}
Apply: {url}

Find scholarships for you in 2 minutes:
WhatsApp: {wa}
Web: {web}","🎓 मला ही शिष्यवृत्ती सापडली: *{name}* ({tag})
{desc}
अर्ज: {url}

2 मिनिटांत तुमच्यासाठी शिष्यवृत्ती शोधा:
WhatsApp: {wa}
वेब: {web}",,132,,,
share_subject,A scholarship you may be eligible for,तुमच्या उपयोगाची एक शिष्यवृत्ती,,31,,,
share_fwd_hint,☝️ Long-press the message above and tap Forward to share it.,☝️ वरचा संदेश दाबून धरा आणि Forward वर टॅप करा.,,47,,,
sh_whatsapp,WhatsApp,WhatsApp,,8,,,
sh_email,Email,ईमेल,,4,,,
sh_copy,Copy message,संदेश कॉपी करा,,14,,,
sh_more,Share…,शेअर…,,5,,,
sh_copied,Copied ✓,कॉपी झाले ✓,,11,,,
share_invite,"🎓 I found government scholarships for me in 2 minutes – free, and no documents needed to check. Try it: {link}","🎓 मला 2 मिनिटांत माझ्यासाठी सरकारी शिष्यवृत्ती सापडल्या – मोफत, तपासण्यासाठी कोणतेही कागदपत्र लागत नाही. तुम्हीही पाहा: {link}",,126,,,
menu_hint,Type MENU for the main menu.,मुख्य मेनूसाठी MENU लिहा.,,25,,,
lang_continue,Continue,पुढे जा,,7,,,
f_class_passed,Education level,शिक्षण स्तर,24,11,yes,,
f_state,State/UT,राज्य/UT,24,8,yes,,
f_category,Category,प्रवर्ग,24,7,yes,,
f_gender,Gender,लिंग,24,4,yes,,
f_annual_family_income,Family income,कौटुंबिक उत्पन्न,24,16,yes,,
wa_choose,Choose,निवडा,20,5,yes,,
wa_options,Options,पर्याय,24,6,yes,,
wa_nav,Navigate,मागे-पुढे,24,9,yes,,
wa_next,More options ▶,आणखी पर्याय ▶,24,13,yes,,
wa_prev,◀ Previous,◀ मागील,24,7,yes,,
wa_page,Page {p} of {n} – choose an option:,पान {p} / {n} – एक पर्याय निवडा:,,32,,,
choose_next,What would you like to do next?,आता तुम्हाला काय करायचे आहे?,,28,,,
unsupported,Please reply with text (a number or a word).,कृपया मजकुरात उत्तर द्या (क्रमांक किंवा शब्द).,,46,,,
o_refer,Refer a friend,मित्राला सांगा,20,14,yes,,
refer,"🤝 Know a student who could use this? Share your personal link:
WhatsApp: {wa}
Web: {web}
Or ask them to send the code *{code}* to this number.","🤝 एखाद्या विद्यार्थ्याला याची गरज असेल? तुमची वैयक्तिक लिंक शेअर करा:
WhatsApp: {wa}
वेब: {web}
किंवा त्यांना या नंबरवर कोड *{code}* पाठवायला सांगा.",,148,,,
web_link,"📱 Prefer a bigger screen? Open your one-time link (only for you, expires in {h} hours):
{url}","📱 मोठ्या स्क्रीनवर पाहायचे आहे? तुमची एक-वेळची लिंक उघडा (फक्त तुमच्यासाठी, {h} तासांत संपेल):
{url}",,100,,,
my_link,"📋 Your saved schemes, reminders and application tracker (one-time link, only for you):
{url}","📋 तुमच्या सेव्ह केलेल्या योजना, स्मरणपत्रे आणि अर्ज ट्रॅकर (एक-वेळची लिंक, फक्त तुमच्यासाठी):
{url}",,99,,,
save_ok,"✅ Saved! {n} scheme(s) are in My schemes. We'll remind you before last dates. Reply STOP anytime.
{url}","✅ सेव्ह झाले! {n} योजना माझ्या योजना मध्ये आहेत. शेवटच्या तारखेपूर्वी आम्ही आठवण करून देऊ. कधीही STOP लिहा.
{url}",,113,,,
save_bad,This code is not valid or has expired. Please tap Save again on the web page.,हा कोड वैध नाही किंवा कालबाह्य झाला आहे. कृपया वेब पेजवर पुन्हा सेव्ह दाबा.,,75,,,
parent_ok,✅ Thank you. Your consent is recorded. Reminders will now go to your child's number.,✅ धन्यवाद. तुमची संमती नोंदवली आहे. आता स्मरणपत्रे तुमच्या मुलाच्या नंबरवर जातील.,,81,,,
voice_soon,🎤 Voice notes are coming soon. Please type your answer for now.,🎤 व्हॉइस नोट लवकरच येत आहेत. आत्ता कृपया तुमचे उत्तर टाइप करा.,,62,,,
voice_heard,🎤 I heard: “{text}”,🎤 मी ऐकले: “{text}”,,19,,,
no_saved,"You have not saved any schemes yet. Find scholarships first, then tap Save on the web page.","तुम्ही अजून कोणतीही योजना सेव्ह केलेली नाही. आधी शिष्यवृत्ती शोधा, मग वेब पेजवर सेव्ह दाबा.",,91,,,
