key,english,translation_ta,max_chars,length,within_limit,reviewer_correction,reviewer_comment
welcome_named,Namaste {name}! 👋 I am the MoSJE Scholarship Discovery Assistant.,வணக்கம் {name}! 👋 நான் MoSJE உதவித்தொகை தேடல் உதவியாளர்.,,56,,,
welcome,Namaste! 👋 I am the MoSJE Scholarship Discovery Assistant.,வணக்கம்! 👋 நான் MoSJE உதவித்தொகை தேடல் உதவியாளர்.,,49,,,
intro,Answer a few quick questions (about 2 minutes) and I will show scholarships you can explore.,"சில எளிய கேள்விகளுக்கு பதில் அளியுங்கள் (சுமார் 2 நிமிடம்), நீங்கள் பார்க்கக்கூடிய உதவித்தொகைகளை நான் காட்டுகிறேன்.",,115,,,
choose_lang,Please choose your language / कृपया भाषा चुनें:,Please choose your language / உங்கள் மொழியைத் தேர்ந்தெடுக்கவும்:,,64,,,
lang_set,✅ Language: {language},✅ மொழி: {language},,18,,,
q_step,({n}/{total}),({n}/{total}),,13,,,
q_class_passed,What is your current education level?,உங்கள் தற்போதைய கல்வி நிலை என்ன?,,32,,,
q_state,Which state's scholarships would you like to see?,எந்த மாநிலத்தின் உதவித்தொகைகளைப் பார்க்க விரும்புகிறீர்கள்?,,59,,,
q_category,What is your social category?,உங்கள் சமூகப் பிரிவு என்ன?,,26,,,
q_gender,What is your gender?,உங்கள் பாலினம் என்ன?,,20,,,
q_annual_family_income,Which range best describes your family's total *monthly* income?,உங்கள் குடும்பத்தின் மொத்த *மாத* வருமானம் எந்த வரம்பில் உள்ளது?,,63,,,
current_answer,(Your current answer: {v}),(உங்கள் தற்போதைய பதில்: {v}),,28,,,
cls_X,Class 10 passed,10ஆம் வகுப்பு தேர்ச்சி,,22,,,
cls_XII,Class 12 passed,12ஆம் வகுப்பு தேர்ச்சி,,22,,,
cls_PRE,Class 1–10 (Pre-Matric),1–10ஆம் வகுப்பு (ப்ரீ-மெட்ரிக்),,31,,,
cls_UG,Graduation (UG),இளநிலை பட்டம் (UG),,18,,,
cls_PG,Post Graduation (PG),முதுநிலை பட்டம் (PG),,20,,,
cls_OTHER,Other / not studying,மற்றவை / படிக்கவில்லை,,21,,,
o_edu_PRE,Class 1–10 (school),1–10ஆம் வகுப்பு,20,15,yes,,
o_edu_X,Class 10 passed,10ஆம் வகுப்பு (SSLC),20,20,yes,,
o_edu_XII,Class 12 passed,12ஆம் வகுப்பு (+2),20,18,yes,,
o_edu_UG,Graduation (UG),இளநிலை (UG),20,11,yes,,
o_edu_PG,Post Graduation (PG),முதுநிலை (PG),20,13,yes,,
o_edu_OTHER,Other / not studying,மற்றவை,20,6,yes,,
edu_d_PRE,Studying in school – Pre-Matric,பள்ளியில் படிக்கிறேன் – ப்ரீ-மெட்ரிக்,,37,,,
edu_d_X,Matric – now in Class 11/12 (Post-Matric),மெட்ரிக் – இப்போது 11/12ஆம் வகுப்பு (போஸ்ட்-மெட்ரிக்),,53,,,
edu_d_XII,"Post-Matric – college, diploma or ITI","போஸ்ட்-மெட்ரிக் – கல்லூரி, டிப்ளோமா அல்லது ITI",,46,,,
edu_d_UG,Studying for a bachelor's degree,இளநிலை பட்டப் படிப்பு,,21,,,
edu_d_PG,"Master's degree, M.Phil or PhD","முதுநிலை, M.Phil அல்லது PhD",,27,,,
edu_d_OTHER,None of the above,மேலே உள்ள எதுவும் இல்லை / படிக்கவில்லை,,38,,,
o_dont_know,Don't know,தெரியாது,20,8,yes,,
o_skip,Skip,தவிர்,20,5,yes,,
o_yes,Yes,ஆம்,20,3,yes,,
o_no,No,இல்லை,20,5,yes,,
o_prefer_not,Prefer not to say,சொல்ல விரும்பவில்லை,20,19,yes,,
cat_SC,SC,SC,20,2,yes,,
cat_ST,ST,ST,20,2,yes,,
cat_OBC,OBC,OBC,20,3,yes,,
cat_General,General,பொது,20,4,yes,,
cat_Minority,Minority,சிறுபான்மையினர்,20,15,yes,,
g_Female,Female,பெண்,20,4,yes,,
g_Male,Male,ஆண்,20,3,yes,,
g_Transgender,Transgender,திருநங்கை,20,9,yes,,
inc_m10k,"Up to ₹10,000","₹10,000 வரை",24,11,yes,,
inc_m30k,"₹10,001–₹30,000","₹10,001–₹30,000",24,15,yes,,
inc_gt30k,"Above ₹30,000","₹30,000க்கு மேல்",24,16,yes,,
per_month,{v} a month,மாதம் {v},,9,,,
per_year,{v} a year,ஆண்டுக்கு {v},,13,,,
consent,"🔒 To find scholarships that may be relevant, I need to use the details you share in this chat (education level, gender, family income, social category and State). They are used only to suggest schemes. I will not ask for your name, Aadhaar or bank details. Is that okay?","🔒 உங்களுக்குப் பொருத்தமான உதவித்தொகைகளைக் கண்டறிய, இந்த அரட்டையில் நீங்கள் தரும் விவரங்களை (கல்வி நிலை, பாலினம், குடும்ப வருமானம், சமூகப் பிரிவு, மாநிலம்) பயன்படுத்த வேண்டும். இவை திட்டங்களைப் பரிந்துரைக்க மட்டுமே பயன்படும். உங்கள் பெயர், ஆதார் அல்லது வங்கி விவரங்கள் கேட்கப்படாது. இது சரியா?",,292,,,
o_agree,Agree,சம்மதம்,20,7,yes,,
o_disagree,Don't agree,சம்மதம் இல்லை,20,13,yes,,
o_agree_now,I agree now,இப்போது சம்மதம்,20,15,yes,,
consent_declined,"Understood 🙏 I won't ask for or keep any personal details. You can still explore all scholarships on the National Scholarship Portal: https://scholarships.gov.in/
If you change your mind, tap below or reply HI.","புரிந்தது 🙏 எந்தத் தனிப்பட்ட விவரமும் கேட்கப்படாது, வைக்கப்படாது. எல்லா உதவித்தொகைகளையும் https://scholarships.gov.in/ இல் பார்க்கலாம். மனம் மாறினால் கீழே தட்டவும் அல்லது HI என்று எழுதவும்.",,189,,,
summary_title,"📋 Please check your details:
{facts}

Shall I look for scholarships now?","📋 உங்கள் விவரங்களைச் சரிபார்க்கவும்:
{facts}

இப்போது உதவித்தொகைகளைத் தேடட்டுமா?",,80,,,
records_note,📁 = from your records,📁 = உங்கள் பதிவுகளிலிருந்து,,27,,,
o_proceed,Proceed,தொடரவும்,20,8,yes,,
o_edit,Edit details,விவரங்களை மாற்று,20,16,yes,,
edit_restart,"OK, let's go through the questions again.","சரி, கேள்விகளை மீண்டும் தொடங்கலாம்.",,35,,,
fallback,"I didn't get that 🙂 Please tap an option below or type its number. You can also type MENU, BACK or HELP.","எனக்குப் புரியவில்லை 🙂 கீழே உள்ள ஒரு விருப்பத்தைத் தட்டவும் அல்லது அதன் எண்ணை எழுதவும். MENU, BACK அல்லது HELP என்றும் எழுதலாம்.",,128,,,
nothing_back,You are at the first step.,நீங்கள் முதல் படியில் இருக்கிறீர்கள்.,,37,,,
updated,✅ Updated {f}: {v},✅ {f} மாற்றப்பட்டது: {v},,24,,,
class_other,"Right now I can help students from Class 1 up to Post Graduation. You can explore all scholarships at https://scholarships.gov.in/
Reply HI any time to start again.","இப்போது இந்தச் சேவை 1ஆம் வகுப்பு முதல் முதுநிலை வரை உள்ள மாணவர்களுக்கானது. எல்லா உதவித்தொகைகளையும் https://scholarships.gov.in/ இல் பாருங்கள்.
மீண்டும் தொடங்க எப்போது வேண்டுமானாலும் HI என்று எழுதவும்.",,200,,,
summary,Your answers: {facts},உங்கள் பதில்கள்: {facts},,24,,,
results_head,"Based on your answers, here are {n} scholarship(s) you can explore (showing {a}–{b} of {total}):",உங்கள் பதில்களின் அடிப்படையில் நீங்கள் பார்க்கக்கூடிய {n} உதவித்தொகை(கள்) ({total} இல் {a}–{b}):,,96,,,
results_head_check_only,No scheme matched all your answers for certain. These {n} scheme(s) are only for specific groups – check if one applies to you (showing {a}–{b} of {total}):,எந்தத் திட்டமும் உங்கள் எல்லா பதில்களுடனும் உறுதியாகப் பொருந்தவில்லை. இந்த {n} திட்டம்(கள்) குறிப்பிட்ட குழுக்களுக்கு மட்டும் – உங்களுக்குப் பொருந்துமா எனப் பாருங்கள் ({total} இல் {a}–{b}):,,189,,,
results_none,I could not find a scheme in our list that matches all your answers. You can change your answers or explore https://scholarships.gov.in/,உங்கள் எல்லா பதில்களுக்கும் பொருந்தும் திட்டம் எங்கள் பட்டியலில் இல்லை. பதில்களை மாற்றலாம் அல்லது https://scholarships.gov.in/ பார்க்கலாம்.,,139,,,
list_tap,Tap a scheme (or type its number) to see details.,விவரங்களைப் பார்க்க திட்டத்தைத் தட்டவும் (அல்லது அதன் எண்ணை எழுதவும்).,,70,,,
check_section,Only for specific groups – check eligibility,குறிப்பிட்ட குழுக்களுக்கு மட்டும் – தகுதியைச் சரிபார்க்கவும்,,60,,,
only_for,Only for: {groups},இவர்களுக்கு மட்டும்: {groups},,29,,,
check_elig,check eligibility,தகுதியைச் சரிபார்க்கவும்,,24,,,
central,Central,மத்திய அரசு,,11,,,
results_foot,ℹ️ This list is based only on your answers and the Scholarship Eligibility Rule V3.0. Final eligibility is decided by the scheme's department when you apply.,ℹ️ இந்தப் பட்டியல் உங்கள் பதில்கள் மற்றும் உதவித்தொகை தகுதி விதி V3.0 அடிப்படையில் மட்டுமே. விண்ணப்பித்த பிறகு இறுதித் தகுதியைத் திட்டத்தின் துறை முடிவு செய்யும்.,,162,,,
no_more,That was the full list.,முழுப் பட்டியலும் காட்டப்பட்டது.,,32,,,
grp_disability,students with disabilities,மாற்றுத்திறனாளி மாணவர்கள்,,25,,,
grp_farmer,farmer families,விவசாயக் குடும்பங்கள்,,21,,,
grp_workers,children of specific workers,குறிப்பிட்ட தொழிலாளர்களின் குழந்தைகள்,,37,,,
grp_defence,armed forces / police families,ராணுவ / காவல் குடும்பங்கள்,,26,,,
grp_school,students of specific schools,குறிப்பிட்ட பள்ளி மாணவர்கள்,,27,,,
grp_orphan,orphans / PM CARES children,ஆதரவற்றோர் / PM CARES குழந்தைகள்,,32,,,
grp_bpl,BPL families,BPL குடும்பங்கள்,,16,,,
grp_teachers,children of teachers,ஆசிரியர்களின் குழந்தைகள்,,24,,,
grp_other,a specific group,ஒரு குறிப்பிட்ட குழு,,20,,,
grp_income,family income up to {amt} a year,ஆண்டுக்கு {amt} வரை குடும்ப வருமானம்,,36,,,
d_type,Type,வகை,,3,,,
d_benefit,Benefit,பலன்,,4,,,
d_stage,Education stage,கல்வி நிலை,,10,,,
d_category,Category,பிரிவு,,6,,,
d_gender,Gender,பாலினம்,,7,,,
d_income,Family income,குடும்ப வருமானம்,,16,,,
d_income_upto,up to {amt} a year,ஆண்டுக்கு {amt} வரை,,19,,,
d_age,Age,வயது,,4,,,
d_domicile,State / domicile,மாநிலம் / இருப்பிடம்,,20,,,
d_only_for,Only for,இவர்களுக்கு மட்டும்,,19,,,
d_other,Other conditions,பிற நிபந்தனைகள்,,15,,,
d_deadline,Last date,கடைசி தேதி,,10,,,
d_link,More info / apply,மேலும் தகவல் / விண்ணப்பம்,,25,,,
d_inferred,from scheme name – please verify,திட்டப் பெயரிலிருந்து – சரிபார்க்கவும்,,38,,,
d_description,Description,விளக்கம்,,8,,,
d_eligibility,Eligibility,தகுதி,,5,,,
d_docs_short,Required documents,தேவையான ஆவணங்கள்,,16,,,
d_apply,Application,விண்ணப்பம்,,10,,,
see_site,See official site,அதிகாரப்பூர்வ தளத்தைப் பார்க்கவும்,,34,,,
more_details,More details,மேலும் விவரங்கள்,,16,,,
na,Not available – check official site,கிடைக்கவில்லை – அதிகாரப்பூர்வ தளத்தைப் பார்க்கவும்,,50,,,
link_unverified,link not verified – search the scheme name on the official site,இணைப்பு சரிபார்க்கப்படவில்லை – அதிகாரப்பூர்வ தளத்தில் திட்டப் பெயரைத் தேடவும்,,77,,,
guidance,ℹ️ This is guidance only – verify on the official site before applying.,ℹ️ இது வழிகாட்டுதல் மட்டுமே – விண்ணப்பிக்கும் முன் அதிகாரப்பூர்வ தளத்தில் சரிபார்க்கவும்.,,89,,,
o_more,More schemes,மேலும் திட்டங்கள்,20,17,yes,,
o_back,Go back,பின்செல்,20,8,yes,,
o_back_list,Back to list,பட்டியலுக்குச் செல்,20,19,yes,,
o_menu,Main menu,முதன்மை மெனு,20,12,yes,,
o_find,Find scholarships,உதவித்தொகை தேடு,20,15,yes,,
o_my_schemes,See my schemes,என் திட்டங்கள்,20,14,yes,,
o_lang,Language,மொழி,20,4,yes,,
o_help,Help,உதவி,20,4,yes,,
o_feedback,Share feedback,கருத்து தெரிவி,20,14,yes,,
o_share_scheme,Share scheme,திட்டத்தைப் பகிர்,20,17,yes,,
o_view,View details,விவரம் பார்,20,11,yes,,
menu_title,🏠 Main menu – what would you like to do?,🏠 முதன்மை மெனு – நீங்கள் என்ன செய்ய விரும்புகிறீர்கள்?,,54,,,
help,"I help you find government scholarships in 2 minutes.
• Tap an option or type its number.
• BACK – previous step · MENU – main menu · HI – start again
• LANGUAGE – change language · STOP – stop messages
Your answers are used only to suggest schemes. Official portal: https://scholarships.gov.in/","2 நிமிடங்களில் அரசு உதவித்தொகைகளைக் கண்டறிய நான் உதவுகிறேன்.
• ஒரு விருப்பத்தைத் தட்டவும் அல்லது அதன் எண்ணை எழுதவும்.
• BACK – முந்தைய படி · MENU – முதன்மை மெனு · HI – மீண்டும் தொடங்கு
• LANGUAGE – மொழியை மாற்று · STOP – செய்திகளை நிறுத்து
உங்கள் பதில்கள் திட்டங்களைப் பரிந்துரைக்க மட்டுமே பயன்படுத்தப்படும். அதிகாரப்பூர்வ தளம்: https://scholarships.gov.in/",,357,,,
stopped,You will not get more messages from us. Reply HI any time to start again.,இனி உங்களுக்கு எங்கள் செய்திகள் வராது. மீண்டும் தொடங்க எப்போது வேண்டுமானாலும் HI என எழுதவும்.,,93,,,
reply_number,Reply with a number:,ஒரு எண்ணை அனுப்பவும்:,,21,,,
why,"Sorry if the list looked wrong 🙏 I only show schemes that match your answers:
{facts}
Schemes marked ""Only for…"" are for specific groups (for example farmer families) – check before applying. If an answer is wrong, change it below.","பட்டியல் தவறாகத் தோன்றினால் மன்னிக்கவும் 🙏 உங்கள் பதில்களுக்குப் பொருந்தும் திட்டங்களை மட்டுமே நான் காட்டுகிறேன்:
{facts}
""இவர்களுக்கு மட்டும்…"" எனக் குறிக்கப்பட்ட திட்டங்கள் குறிப்பிட்ட குழுக்களுக்கானவை (எ.கா. விவசாயக் குடும்பங்கள்) – விண்ணப்பிக்கும் முன் சரிபார்க்கவும். ஏதேனும் பதில் தவறு என்றால் கீழே மாற்றவும்.",,315,,,
why_cat_same,"Your saved category is {cat}, so schemes only for other categories are not shown.","நீங்கள் சேமித்த பிரிவு {cat}, எனவே பிற பிரிவுகளுக்கு மட்டுமான திட்டங்கள் காட்டப்படாது.",,86,,,
why_cat_diff,"You mentioned {said}, but your saved category is {cat}. Tap below to update it.","நீங்கள் {said} என்று குறிப்பிட்டீர்கள், ஆனால் சேமித்த பிரிவு {cat}. மாற்ற கீழே தட்டவும்.",,88,,,
why_early,"I show schemes after a few quick questions. Please answer the question, or change your answers any time.","சில எளிய கேள்விகளுக்குப் பிறகு திட்டங்களைக் காட்டுகிறேன். கேள்விக்குப் பதில் அளியுங்கள், அல்லது எப்போது வேண்டுமானாலும் பதில்களை மாற்றுங்கள்.",,140,,,
q_rating,"How would you rate this service? 1 ⭐ = lowest, 5 ⭐ = highest.","இந்தச் சேவைக்கு நீங்கள் எத்தனை மதிப்பெண் தருவீர்கள்? 1 ⭐ = மிகக் குறைவு, 5 ⭐ = மிகச் சிறப்பு.",,93,,,
r_1,Very poor,மிக மோசம்,,9,,,
r_2,Poor,மோசம்,,5,,,
r_3,Okay,பரவாயில்லை,,10,,,
r_4,Good,நன்று,,5,,,
r_5,Excellent,மிகச் சிறப்பு,,13,,,
q_comment,"Thank you! Any comment or suggestion? Type it, or reply SKIP.","நன்றி! ஏதேனும் கருத்து அல்லது ஆலோசனை? எழுதவும், அல்லது SKIP அனுப்பவும்.",,71,,,
share,"🙏 Thanks for your feedback!
Know a student who could use this? Share your personal link:
WhatsApp: {wa}
Web: {web}
Or ask them to send the code *{code}* to this number.","🙏 உங்கள் கருத்துக்கு நன்றி!
இது எந்த மாணவருக்காவது உதவுமா? உங்கள் தனிப்பட்ட இணைப்பைப் பகிருங்கள்:
WhatsApp: {wa}
இணையம்: {web}
அல்லது இந்த எண்ணுக்கு *{code}* குறியீட்டை அனுப்பச் சொல்லுங்கள்.",,190,,,
share_no_wa,(WhatsApp link available once the WhatsApp number is set up),(WhatsApp எண் அமைக்கப்பட்டதும் இணைப்பு கிடைக்கும்),,50,,,
share_scheme_intro,"📤 Forward this message to friends on WhatsApp, email or social media:","📤 இந்தச் செய்தியை நண்பர்களுக்கு WhatsApp, மின்னஞ்சல் அல்லது சமூக ஊடகத்தில் அனுப்புங்கள்:",,88,,,
share_scheme_msg,"🎓 I found this scholarship: *{name}* ({tag})
{desc}
Apply: {url}

Find scholarships for you in 2 minutes:
WhatsApp: {wa}
Web: {web}","🎓 இந்த உதவித்தொகையைக் கண்டேன்: *{name}* ({tag})
{desc}
விண்ணப்பம்: {url}

2 நிமிடத்தில் உங்களுக்கான உதவித்தொகைகளைக் கண்டறியுங்கள்:
WhatsApp: {wa}
இணையம்: {web}",,159,,,
share_subject,A scholarship you may be eligible for,உங்களுக்குப் பயன்படக்கூடிய ஓர் உதவித்தொகை,,41,,,
share_fwd_hint,☝️ Long-press the message above and tap Forward to share it.,☝️ மேலே உள்ள செய்தியை அழுத்திப் பிடித்து Forward தட்டவும்.,,58,,,
sh_whatsapp,WhatsApp,WhatsApp,,8,,,
sh_email,Email,மின்னஞ்சல்,,10,,,
sh_copy,Copy message,செய்தியை நகலெடு,,15,,,
sh_more,Share…,பகிர்…,,6,,,
sh_copied,Copied ✓,நகலெடுக்கப்பட்டது ✓,,19,,,
share_invite,"🎓 I found government scholarships for me in 2 minutes – free, and no documents needed to check. Try it: {link}","🎓 2 நிமிடங்களில் எனக்கான அரசு உதவித்தொகைகளைக் கண்டுபிடித்தேன் – இலவசம், சரிபார்க்க எந்த ஆவணமும் தேவையில்லை. நீங்களும் முயலுங்கள்: {link}",,136,,,
menu_hint,Type MENU for the main menu.,முதன்மை மெனுவுக்கு MENU என்று எழுதவும்.,,39,,,
lang_continue,Continue,தொடரவும்,,8,,,
f_class_passed,Education level,கல்வி நிலை,24,10,yes,,
f_state,State/UT,மாநிலம்/UT,24,10,yes,,
f_category,Category,பிரிவு,24,6,yes,,
f_gender,Gender,பாலினம்,24,7,yes,,
f_annual_family_income,Family income,குடும்ப வருமானம்,24,16,yes,,
wa_choose,Choose,தேர்ந்தெடு,20,10,yes,,
wa_options,Options,விருப்பங்கள்,24,12,yes,,
wa_nav,Navigate,வழிசெலுத்தல்,24,12,yes,,
wa_next,More options ▶,மேலும் விருப்பங்கள் ▶,24,21,yes,,
wa_prev,◀ Previous,◀ முந்தைய,24,9,yes,,
wa_page,Page {p} of {n} – choose an option:,பக்கம் {p} / {n} – ஒன்றைத் தேர்ந்தெடுக்கவும்:,,45,,,
choose_next,What would you like to do next?,அடுத்து என்ன செய்ய விரும்புகிறீர்கள்?,,37,,,
unsupported,Please reply with text (a number or a word).,தயவுசெய்து உரையாகப் பதில் அளியுங்கள் (எண் அல்லது சொல்).,,55,,,
o_refer,Refer a friend,நண்பரிடம் சொல்க,20,15,yes,,
refer,"🤝 Know a student who could use this? Share your personal link:
WhatsApp: {wa}
Web: {web}
Or ask them to send the code *{code}* to this number.","🤝 ஒரு மாணவருக்கு இது பயன்படுமா? உங்கள் தனிப்பட்ட இணைப்பைப் பகிருங்கள்:
WhatsApp: {wa}
வலை: {web}
அல்லது இந்த எண்ணுக்கு *{code}* குறியீட்டை அனுப்பச் சொல்லுங்கள்.",,160,,,
web_link,"📱 Prefer a bigger screen? Open your one-time link (only for you, expires in {h} hours):
{url}","📱 பெரிய திரையில் பார்க்க வேண்டுமா? உங்கள் ஒருமுறை இணைப்பைத் திறக்கவும் (உங்களுக்கு மட்டும், {h} மணி நேரத்தில் காலாவதி):
{url}",,125,,,
my_link,"📋 Your saved schemes, reminders and application tracker (one-time link, only for you):
{url}","📋 நீங்கள் சேமித்த திட்டங்கள், நினைவூட்டல்கள், விண்ணப்ப நிலை (ஒருமுறை இணைப்பு, உங்களுக்கு மட்டும்):
{url}",,104,,,
save_ok,"✅ Saved! {n} scheme(s) are in My schemes. We'll remind you before last dates. Reply STOP anytime.
{url}","✅ சேமிக்கப்பட்டது! {n} திட்டம்(கள்) என் திட்டங்களில் உள்ளன. கடைசி தேதிக்கு முன் நினைவூட்டுவோம். எப்போது வேண்டுமானாலும் STOP என அனுப்பவும்.
{url}",,144,,,
save_bad,This code is not valid or has expired. Please tap Save again on the web page.,இந்தக் குறியீடு செல்லாது அல்லது காலாவதியானது. வலைப் பக்கத்தில் மீண்டும் சேமி அழுத்தவும்.,,88,,,
parent_ok,✅ Thank you. Your consent is recorded. Reminders will now go to your child's number.,✅ நன்றி. உங்கள் ஒப்புதல் பதிவு செய்யப்பட்டது. இனி நினைவூட்டல்கள் உங்கள் குழந்தையின் எண்ணுக்குச் செல்லும்.,,105,,,
voice_soon,🎤 Voice notes are coming soon. Please type your answer for now.,🎤 குரல் செய்திகள் விரைவில் வரும். இப்போது உங்கள் பதிலைத் தட்டச்சு செய்யவும்.,,76,,,
voice_heard,🎤 I heard: “{text}”,🎤 நான் கேட்டது: “{text}”,,24,,,
no_saved,"You have not saved any schemes yet. Find scholarships first, then tap Save on the web page.","நீங்கள் இன்னும் எந்தத் திட்டத்தையும் சேமிக்கவில்லை. முதலில் உதவித்தொகைகளைத் தேடி, பிறகு வலைப் பக்கத்தில் சேமி அழுத்தவும்.",,121,,,
