key,max_chars,where_used,en,hi,bn,as,kn,ta,te,ml,or,bho,mai,gu,mr,pa
welcome_named,,,Namaste {name}! 👋 I am the MoSJE Scholarship Discovery Assistant.,नमस्ते {name}! 👋 मैं MoSJE छात्रवृत्ति खोज सहायक हूँ।,নমস্কার {name}! 👋 আমি MoSJE বৃত্তি খোঁজার সহায়ক।,নমস্কাৰ {name}! 👋 মই MoSJE বৃত্তি বিচৰা সহায়ক।,ನಮಸ್ಕಾರ {name}! 👋 ನಾನು MoSJE ವಿದ್ಯಾರ್ಥಿವೇತನ ಹುಡುಕಾಟ ಸಹಾಯಕ.,வணக்கம் {name}! 👋 நான் MoSJE உதவித்தொகை தேடல் உதவியாளர்.,నమస్తే {name}! 👋 నేను MoSJE స్కాలర్‌షిప్ అన్వేషణ సహాయకుడిని.,നമസ്കാരം {name}! 👋 ഞാൻ MoSJE സ്കോളർഷിപ്പ് കണ്ടെത്തൽ സഹായി ആണ്.,ନମସ୍କାର {name}! 👋 ମୁଁ MoSJE ଛାତ୍ରବୃତ୍ତି ଖୋଜା ସହାୟକ।,प्रणाम {name}! 👋 हम MoSJE छात्रवृत्ति खोज सहायक बानी।,प्रणाम {name}! 👋 हम MoSJE छात्रवृत्ति खोज सहायक छी।,નમસ્તે {name}! 👋 હું MoSJE શિષ્યવૃત્તિ શોધ સહાયક છું.,नमस्कार {name}! 👋 मी MoSJE शिष्यवृत्ती शोध सहाय्यक आहे.,ਸਤ ਸ੍ਰੀ ਅਕਾਲ {name}! 👋 ਮੈਂ MoSJE ਵਜ਼ੀਫ਼ਾ ਖੋਜ ਸਹਾਇਕ ਹਾਂ।
welcome,,,Namaste! 👋 I am the MoSJE Scholarship Discovery Assistant.,नमस्ते! 👋 मैं MoSJE छात्रवृत्ति खोज सहायक हूँ।,নমস্কার! 👋 আমি MoSJE বৃত্তি খোঁজার সহায়ক।,নমস্কাৰ! 👋 মই MoSJE বৃত্তি বিচৰা সহায়ক।,ನಮಸ್ಕಾರ! 👋 ನಾನು MoSJE ವಿದ್ಯಾರ್ಥಿವೇತನ ಹುಡುಕಾಟ ಸಹಾಯಕ.,வணக்கம்! 👋 நான் MoSJE உதவித்தொகை தேடல் உதவியாளர்.,నమస్తే! 👋 నేను MoSJE స్కాలర్‌షిప్ అన్వేషణ సహాయకుడిని.,നമസ്കാരം! 👋 ഞാൻ MoSJE സ്കോളർഷിപ്പ് കണ്ടെത്തൽ സഹായി ആണ്.,ନମସ୍କାର! 👋 ମୁଁ MoSJE ଛାତ୍ରବୃତ୍ତି ଖୋଜା ସହାୟକ।,प्रणाम! 👋 हम MoSJE छात्रवृत्ति खोज सहायक बानी।,प्रणाम! 👋 हम MoSJE छात्रवृत्ति खोज सहायक छी।,નમસ્તે! 👋 હું MoSJE શિષ્યવૃત્તિ શોધ સહાયક છું.,नमस्कार! 👋 मी MoSJE शिष्यवृत्ती शोध सहाय्यक आहे.,ਸਤ ਸ੍ਰੀ ਅਕਾਲ! 👋 ਮੈਂ MoSJE ਵਜ਼ੀਫ਼ਾ ਖੋਜ ਸਹਾਇਕ ਹਾਂ।
intro,,,Answer a few quick questions (about 2 minutes) and I will show scholarships you can explore.,"कुछ आसान सवालों के जवाब दीजिए (लगभग 2 मिनट), और मैं आपको वे छात्रवृत्तियाँ दिखाऊँगा जिनके बारे में आप जानकारी ले सकते हैं।","কয়েকটি সহজ প্রশ্নের উত্তর দিন (প্রায় ২ মিনিট), আমি আপনাকে এমন বৃত্তিগুলি দেখাব যেগুলি সম্পর্কে আপনি জানতে পারেন।","কেইটামান সহজ প্ৰশ্নৰ উত্তৰ দিয়ক (প্ৰায় ২ মিনিট), মই আপোনাক চাব পৰা বৃত্তিসমূহ দেখুৱাম।","ಕೆಲವು ಸುಲಭ ಪ್ರಶ್ನೆಗಳಿಗೆ ಉತ್ತರಿಸಿ (ಸುಮಾರು 2 ನಿಮಿಷ), ನೀವು ನೋಡಬಹುದಾದ ವಿದ್ಯಾರ್ಥಿವೇತನಗಳನ್ನು ನಾನು ತೋರಿಸುತ್ತೇನೆ.","சில எளிய கேள்விகளுக்கு பதில் அளியுங்கள் (சுமார் 2 நிமிடம்), நீங்கள் பார்க்கக்கூடிய உதவித்தொகைகளை நான் காட்டுகிறேன்.","కొన్ని సులభమైన ప్రశ్నలకు జవాబు ఇవ్వండి (సుమారు 2 నిమిషాలు), మీరు చూడగల స్కాలర్‌షిప్‌లను నేను చూపిస్తాను.","കുറച്ച് ലളിതമായ ചോദ്യങ്ങൾക്ക് ഉത്തരം നൽകൂ (ഏകദേശം 2 മിനിറ്റ്), നിങ്ങൾക്ക് നോക്കാവുന്ന സ്കോളർഷിപ്പുകൾ ഞാൻ കാണിക്കാം.","କିଛି ସହଜ ପ୍ରଶ୍ନର ଉତ୍ତର ଦିଅନ୍ତୁ (ପ୍ରାୟ 2 ମିନିଟ୍), ମୁଁ ଆପଣଙ୍କୁ ଦେଖିପାରୁଥିବା ଛାତ୍ରବୃତ୍ତିଗୁଡ଼ିକ ଦେଖାଇବି।","कुछ आसान सवाल के जवाब दीं (लगभग 2 मिनट), आ हम रउआ के ऊ छात्रवृत्ति देखाइब जेकरा बारे में रउआ जान सकीले।","किछु सहज प्रश्नक उत्तर दिअ (लगभग 2 मिनट), आ हम अहाँकेँ ओ छात्रवृत्ति देखाएब जकर जानकारी अहाँ लऽ सकैत छी।","થોડા સરળ પ્રશ્નોના જવાબ આપો (લગભગ 2 મિનિટ), અને હું તમને એવી શિષ્યવૃત્તિઓ બતાવીશ જેના વિશે તમે જાણી શકો.","काही सोप्या प्रश्नांची उत्तरे द्या (सुमारे 2 मिनिटे), आणि मी तुम्हाला पाहता येतील अशा शिष्यवृत्ती दाखवेन.","ਕੁਝ ਸੌਖੇ ਸਵਾਲਾਂ ਦੇ ਜਵਾਬ ਦਿਓ (ਲਗਭਗ 2 ਮਿੰਟ), ਅਤੇ ਮੈਂ ਤੁਹਾਨੂੰ ਉਹ ਵਜ਼ੀਫ਼ੇ ਦਿਖਾਵਾਂਗਾ ਜਿਨ੍ਹਾਂ ਬਾਰੇ ਤੁਸੀਂ ਜਾਣ ਸਕਦੇ ਹੋ।"
choose_lang,,,Please choose your language / कृपया भाषा चुनें:,Please choose your language / कृपया भाषा चुनें:,Please choose your language / আপনার ভাষা বেছে নিন:,Please choose your language / আপোনাৰ ভাষা বাছনি কৰক:,Please choose your language / ನಿಮ್ಮ ಭಾಷೆಯನ್ನು ಆಯ್ಕೆಮಾಡಿ:,Please choose your language / உங்கள் மொழியைத் தேர்ந்தெடுக்கவும்:,Please choose your language / మీ భాషను ఎంచుకోండి:,Please choose your language / നിങ്ങളുടെ ഭാഷ തിരഞ്ഞെടുക്കുക:,Please choose your language / ଆପଣଙ୍କ ଭାଷା ବାଛନ୍ତୁ:,Please choose your language / आपन भाषा चुनीं:,Please choose your language / अपन भाषा चुनू:,Please choose your language / તમારી ભાષા પસંદ કરો:,Please choose your language / तुमची भाषा निवडा:,Please choose your language / ਆਪਣੀ ਭਾਸ਼ਾ ਚੁਣੋ:
lang_set,,,✅ Language: {language},✅ भाषा: {language},✅ ভাষা: {language},✅ ভাষা: {language},✅ ಭಾಷೆ: {language},✅ மொழி: {language},✅ భాష: {language},✅ ഭാഷ: {language},✅ ଭାଷା: {language},✅ भाषा: {language},✅ भाषा: {language},✅ ભાષા: {language},✅ भाषा: {language},✅ ਭਾਸ਼ਾ: {language}
q_step,,,({n}/{total}),({n}/{total}),({n}/{total}),({n}/{total}),({n}/{total}),({n}/{total}),({n}/{total}),({n}/{total}),({n}/{total}),({n}/{total}),({n}/{total}),({n}/{total}),({n}/{total}),({n}/{total})
q_class_passed,,,What is your current education level?,आपकी अभी की पढ़ाई का स्तर क्या है?,আপনার বর্তমান পড়াশোনার স্তর কী?,আপোনাৰ বৰ্তমান পঢ়া-শুনাৰ স্তৰ কি?,ನಿಮ್ಮ ಈಗಿನ ಶಿಕ್ಷಣ ಮಟ್ಟ ಯಾವುದು?,உங்கள் தற்போதைய கல்வி நிலை என்ன?,మీ ప్రస్తుత విద్యా స్థాయి ఏమిటి?,നിങ്ങളുടെ ഇപ്പോഴത്തെ വിദ്യാഭ്യാസ നില എന്താണ്?,ଆପଣଙ୍କ ବର୍ତ୍ତମାନର ଶିକ୍ଷା ସ୍ତର କ'ଣ?,रउआ अभी कवना स्तर के पढ़ाई करत बानी?,अहाँक अखनुक पढ़ाइक स्तर की अछि?,તમારું હાલનું શિક્ષણ સ્તર શું છે?,तुमचा सध्याचा शिक्षण स्तर कोणता आहे?,ਤੁਹਾਡਾ ਮੌਜੂਦਾ ਸਿੱਖਿਆ ਪੱਧਰ ਕੀ ਹੈ?
q_state,,,Which state's scholarships would you like to see?,आप किस राज्य की छात्रवृत्तियाँ देखना चाहेंगे?,আপনি কোন রাজ্যের বৃত্তি দেখতে চান?,আপুনি কোনখন ৰাজ্যৰ বৃত্তি চাব বিচাৰে?,ನೀವು ಯಾವ ರಾಜ್ಯದ ವಿದ್ಯಾರ್ಥಿವೇತನಗಳನ್ನು ನೋಡಲು ಬಯಸುತ್ತೀರಿ?,எந்த மாநிலத்தின் உதவித்தொகைகளைப் பார்க்க விரும்புகிறீர்கள்?,మీరు ఏ రాష్ట్రం స్కాలర్‌షిప్‌లను చూడాలనుకుంటున్నారు?,ഏത് സംസ്ഥാനത്തെ സ്കോളർഷിപ്പുകൾ കാണാനാണ് നിങ്ങൾ ആഗ്രഹിക്കുന്നത്?,ଆପଣ କେଉଁ ରାଜ୍ୟର ଛାତ୍ରବୃତ୍ତି ଦେଖିବାକୁ ଚାହାଁନ୍ତି?,रउआ कवना राज्य के छात्रवृत्ति देखे के चाहत बानी?,अहाँ कोन राज्यक छात्रवृत्ति देखए चाहैत छी?,તમે કયા રાજ્યની શિષ્યવૃત્તિઓ જોવા માંગો છો?,तुम्हाला कोणत्या राज्याच्या शिष्यवृत्त्या पाहायच्या आहेत?,ਤੁਸੀਂ ਕਿਸ ਰਾਜ ਦੇ ਵਜ਼ੀਫ਼ੇ ਦੇਖਣਾ ਚਾਹੋਗੇ?
q_category,,,What is your social category?,आपकी सामाजिक श्रेणी क्या है?,আপনার সামাজিক শ্রেণি (ক্যাটাগরি) কী?,আপোনাৰ সামাজিক শ্ৰেণী (কেটেগৰী) কি?,ನಿಮ್ಮ ಸಾಮಾಜಿಕ ವರ್ಗ ಯಾವುದು?,உங்கள் சமூகப் பிரிவு என்ன?,మీ సామాజిక వర్గం ఏమిటి?,നിങ്ങളുടെ സാമൂഹിക വിഭാഗം ഏതാണ്?,ଆପଣଙ୍କ ସାମାଜିକ ବର୍ଗ କ'ଣ?,रउआ के सामाजिक श्रेणी का बा?,अहाँक सामाजिक श्रेणी की अछि?,તમારી સામાજિક શ્રેણી કઈ છે?,तुमचा सामाजिक प्रवर्ग कोणता आहे?,ਤੁਹਾਡੀ ਸਮਾਜਿਕ ਸ਼੍ਰੇਣੀ ਕੀ ਹੈ?
q_gender,,,What is your gender?,आपका लिंग क्या है?,আপনার লিঙ্গ কী?,আপোনাৰ লিংগ কি?,ನಿಮ್ಮ ಲಿಂಗ ಯಾವುದು?,உங்கள் பாலினம் என்ன?,మీ లింగం ఏమిటి?,നിങ്ങളുടെ ലിംഗം ഏതാണ്?,ଆପଣଙ୍କ ଲିଙ୍ଗ କ'ଣ?,रउआ के लिंग का बा?,अहाँक लिंग की अछि?,તમારું લિંગ શું છે?,तुमचे लिंग काय आहे?,ਤੁਹਾਡਾ ਲਿੰਗ ਕੀ ਹੈ?
q_annual_family_income,,,Which range best describes your family's total *monthly* income?,आपके परिवार की कुल *मासिक* आय किस दायरे में है?,আপনার পরিবারের মোট *মাসিক* আয় কোন সীমার মধ্যে?,আপোনাৰ পৰিয়ালৰ মুঠ *মাহেকীয়া* আয় কোনটো পৰিসৰত?,ನಿಮ್ಮ ಕುಟುಂಬದ ಒಟ್ಟು *ಮಾಸಿಕ* ಆದಾಯ ಯಾವ ಮಿತಿಯಲ್ಲಿದೆ?,உங்கள் குடும்பத்தின் மொத்த *மாத* வருமானம் எந்த வரம்பில் உள்ளது?,మీ కుటుంబ మొత్తం *నెలవారీ* ఆదాయం ఏ పరిధిలో ఉంది?,നിങ്ങളുടെ കുടുംബത്തിന്റെ ആകെ *പ്രതിമാസ* വരുമാനം ഏത് പരിധിയിലാണ്?,ଆପଣଙ୍କ ପରିବାରର ମୋଟ *ମାସିକ* ଆୟ କେଉଁ ସୀମା ମଧ୍ୟରେ?,रउआ परिवार के कुल *महीना* के कमाई कवना दायरा में बा?,अहाँक परिवारक कुल *मासिक* आमदनी कोन सीमामे अछि?,તમારા પરિવારની કુલ *માસિક* આવક કઈ મર્યાદામાં છે?,तुमच्या कुटुंबाचे एकूण *मासिक* उत्पन्न कोणत्या मर्यादेत आहे?,ਤੁਹਾਡੇ ਪਰਿਵਾਰ ਦੀ ਕੁੱਲ *ਮਹੀਨਾਵਾਰ* ਆਮਦਨ ਕਿਸ ਹੱਦ ਵਿੱਚ ਹੈ?
current_answer,,,(Your current answer: {v}),(आपका अभी का जवाब: {v}),(আপনার এখনকার উত্তর: {v}),(আপোনাৰ এতিয়াৰ উত্তৰ: {v}),(ನಿಮ್ಮ ಈಗಿನ ಉತ್ತರ: {v}),(உங்கள் தற்போதைய பதில்: {v}),(మీ ప్రస్తుత జవాబు: {v}),(നിങ്ങളുടെ ഇപ്പോഴത്തെ ഉത്തരം: {v}),(ଆପଣଙ୍କ ବର୍ତ୍ତମାନର ଉତ୍ତର: {v}),(रउआ के अभी के जवाब: {v}),(अहाँक एखनुक उत्तर: {v}),(તમારો હાલનો જવાબ: {v}),(तुमचे सध्याचे उत्तर: {v}),(ਤੁਹਾਡਾ ਮੌਜੂਦਾ ਜਵਾਬ: {v})
cls_X,,,Class 10 passed,कक्षा 10 पास,দশম শ্রেণি পাস,দশম শ্ৰেণী উত্তীৰ্ণ,10ನೇ ತರಗತಿ ಪಾಸ್,10ஆம் வகுப்பு தேர்ச்சி,10వ తరగతి పాస్,പത്താം ക്ലാസ് പാസ്,ଦଶମ ଶ୍ରେଣୀ ପାସ୍,कक्षा 10 पास,कक्षा 10 पास,ધોરણ 10 પાસ,इयत्ता 10 उत्तीर्ण,10ਵੀਂ ਪਾਸ
cls_XII,,,Class 12 passed,कक्षा 12 पास,দ্বাদশ শ্রেণি পাস,দ্বাদশ শ্ৰেণী উত্তীৰ্ণ,12ನೇ ತರಗತಿ ಪಾಸ್,12ஆம் வகுப்பு தேர்ச்சி,12వ తరగతి పాస్,പന്ത്രണ്ടാം ക്ലാസ് പാസ്,ଦ୍ୱାଦଶ ଶ୍ରେଣୀ ପାସ୍,कक्षा 12 पास,कक्षा 12 पास,ધોરણ 12 પાસ,इयत्ता 12 उत्तीर्ण,12ਵੀਂ ਪਾਸ
cls_PRE,,,Class 1–10 (Pre-Matric),कक्षा 1–10 (प्री-मैट्रिक),শ্রেণি ১–১০ (প্রি-ম্যাট্রিক),শ্ৰেণী ১–১০ (প্ৰি-মেট্ৰিক),1–10ನೇ ತರಗತಿ (ಪ್ರಿ-ಮೆಟ್ರಿಕ್),1–10ஆம் வகுப்பு (ப்ரீ-மெட்ரிக்),1–10వ తరగతి (ప్రీ-మెట్రిక్),1–10 ക്ലാസ് (പ്രീ-മെട്രിക്),ଶ୍ରେଣୀ ୧–୧୦ (ପ୍ରି-ମାଟ୍ରିକ୍),कक्षा 1–10 (प्री-मैट्रिक),कक्षा 1–10 (प्री-मैट्रिक),ધોરણ 1–10 (પ્રી-મેટ્રિક),इयत्ता 1–10 (प्री-मॅट्रिक),ਜਮਾਤ 1–10 (ਪ੍ਰੀ-ਮੈਟ੍ਰਿਕ)
cls_UG,,,Graduation (UG),स्नातक (UG),স্নাতক (UG),স্নাতক (UG),ಪದವಿ (UG),இளநிலை பட்டம் (UG),డిగ్రీ (UG),ബിരുദം (UG),ସ୍ନାତକ (UG),स्नातक (UG),स्नातक (UG),સ્નાતક (UG),पदवी (UG),ਗ੍ਰੈਜੂਏਸ਼ਨ (UG)
cls_PG,,,Post Graduation (PG),स्नातकोत्तर (PG),স্নাতকোত্তর (PG),স্নাতকোত্তৰ (PG),ಸ್ನಾತಕೋತ್ತರ (PG),முதுநிலை பட்டம் (PG),పోస్ట్ గ్రాడ్యుయేషన్ (PG),ബിരുദാനന്തരം (PG),ସ୍ନାତକୋତ୍ତର (PG),स्नातकोत्तर (PG),स्नातकोत्तर (PG),અનુસ્નાતક (PG),पदव्युत्तर (PG),ਪੋਸਟ ਗ੍ਰੈਜੂਏਸ਼ਨ (PG)
cls_OTHER,,,Other / not studying,अन्य / पढ़ाई नहीं,অন্য / পড়ছি না,অন্য / পঢ়া নাই,ಇತರೆ / ಓದುತ್ತಿಲ್ಲ,மற்றவை / படிக்கவில்லை,ఇతర / చదవడం లేదు,മറ്റുള്ളവ / പഠിക്കുന്നില്ല,ଅନ୍ୟ / ପଢୁ ନାହିଁ,दोसर / पढ़ाई ना,आन / पढ़ाइ नहि,અન્ય / અભ્યાસ નથી,इतर / शिकत नाही,ਹੋਰ / ਪੜ੍ਹਾਈ ਨਹੀਂ
o_edu_PRE,20,WhatsApp button title (max 20 characters),Class 1–10 (school),कक्षा 1–10 (स्कूल),শ্রেণি ১–১০ (স্কুল),শ্ৰেণী ১–১০ (স্কুল),1–10ನೇ ತರಗತಿ,1–10ஆம் வகுப்பு,1–10వ తరగతి,1–10 ക്ലാസ് (സ്കൂൾ),ଶ୍ରେଣୀ ୧–୧୦ (ସ୍କୁଲ),कक्षा 1–10 (स्कूल),कक्षा 1–10 (स्कूल),ધોરણ 1–10 (શાળા),इयत्ता 1–10 (शाळा),ਜਮਾਤ 1–10 (ਸਕੂਲ)
o_edu_X,20,WhatsApp button title (max 20 characters),Class 10 passed,कक्षा 10 पास,দশম শ্রেণি পাস,দশম উত্তীৰ্ণ,10ನೇ ತರಗತಿ ಪಾಸ್,10ஆம் வகுப்பு (SSLC),10వ తరగతి పాస్,10-ാം ക്ലാസ് പാസ്,ଦଶମ ଶ୍ରେଣୀ ପାସ୍,कक्षा 10 पास,कक्षा 10 पास,ધોરણ 10 પાસ,इयत्ता 10 उत्तीर्ण,10ਵੀਂ ਪਾਸ
o_edu_XII,20,WhatsApp button title (max 20 characters),Class 12 passed,कक्षा 12 पास,দ্বাদশ শ্রেণি পাস,দ্বাদশ উত্তীৰ্ণ,12ನೇ ತರಗತಿ ಪಾಸ್,12ஆம் வகுப்பு (+2),12వ తరగతి పాస్,12-ാം ക്ലാസ് പാസ്,ଦ୍ୱାଦଶ ଶ୍ରେଣୀ ପାସ୍,कक्षा 12 पास,कक्षा 12 पास,ધોરણ 12 પાસ,इयत्ता 12 उत्तीर्ण,12ਵੀਂ ਪਾਸ
o_edu_UG,20,WhatsApp button title (max 20 characters),Graduation (UG),स्नातक (UG),স্নাতক (UG),স্নাতক (UG),ಪದವಿ (UG),இளநிலை (UG),డిగ్రీ (UG),ബിരുദം (UG),ସ୍ନାତକ (UG),स्नातक (UG),स्नातक (UG),સ્નાતક (UG),पदवी (UG),ਗ੍ਰੈਜੂਏਸ਼ਨ (UG)
o_edu_PG,20,WhatsApp button title (max 20 characters),Post Graduation (PG),स्नातकोत्तर (PG),স্নাতকোত্তর (PG),স্নাতকোত্তৰ (PG),ಸ್ನಾತಕೋತ್ತರ (PG),முதுநிலை (PG),పీజీ (PG),ബിരുദാനന്തരം (PG),ସ୍ନାତକୋତ୍ତର (PG),स्नातकोत्तर (PG),स्नातकोत्तर (PG),અનુસ્નાતક (PG),पदव्युत्तर (PG),ਪੋਸਟ ਗ੍ਰੈਜੂਏਸ਼ਨ
o_edu_OTHER,20,WhatsApp button title (max 20 characters),Other / not studying,अन्य / पढ़ाई नहीं,অন্য / পড়ছি না,অন্য / পঢ়া নাই,ಇತರೆ / ಓದುತ್ತಿಲ್ಲ,மற்றவை,ఇతర / చదవడం లేదు,മറ്റുള്ളവ,ଅନ୍ୟ / ପଢୁ ନାହିଁ,दोसर / पढ़ाई ना,आन / पढ़ाइ नहि,અન્ય / અભ્યાસ નથી,इतर / शिकत नाही,ਹੋਰ / ਪੜ੍ਹਾਈ ਨਹੀਂ
edu_d_PRE,,,Studying in school – Pre-Matric,स्कूल में पढ़ाई – प्री-मैट्रिक,স্কুলে পড়ছি – প্রি-ম্যাট্রিক,স্কুলত পঢ়ি আছোঁ – প্ৰি-মেট্ৰিক,ಶಾಲೆಯಲ್ಲಿ ಓದುತ್ತಿದ್ದೇನೆ – ಪ್ರಿ-ಮೆಟ್ರಿಕ್,பள்ளியில் படிக்கிறேன் – ப்ரீ-மெட்ரிக்,పాఠశాలలో చదువుతున్నాను – ప్రీ-మెట్రిక్,സ്കൂളിൽ പഠിക്കുന്നു – പ്രീ-മെട്രിക്,ସ୍କୁଲରେ ପଢୁଛି – ପ୍ରି-ମାଟ୍ରିକ୍,स्कूल में पढ़ाई – प्री-मैट्रिक,स्कूलमे पढ़ाइ – प्री-मैट्रिक,શાળામાં અભ્યાસ – પ્રી-મેટ્રિક,शाळेत शिकत आहे – प्री-मॅट्रिक,ਸਕੂਲ ਵਿੱਚ ਪੜ੍ਹਾਈ – ਪ੍ਰੀ-ਮੈਟ੍ਰਿਕ
edu_d_X,,,Matric – now in Class 11/12 (Post-Matric),मैट्रिक – अभी कक्षा 11/12 में (पोस्ट-मैट्रिक),মাধ্যমিক পাস – এখন একাদশ/দ্বাদশে (পোস্ট-ম্যাট্রিক),মেট্ৰিক উত্তীৰ্ণ – এতিয়া একাদশ/দ্বাদশত (পোষ্ট-মেট্ৰিক),ಮೆಟ್ರಿಕ್ – ಈಗ 11/12ನೇ ತರಗತಿಯಲ್ಲಿ (ಪೋಸ್ಟ್-ಮೆಟ್ರಿಕ್),மெட்ரிக் – இப்போது 11/12ஆம் வகுப்பு (போஸ்ட்-மெட்ரிக்),మెట్రిక్ – ఇప్పుడు 11/12వ తరగతి (పోస్ట్-మెట్రిక్),മെട്രിക് – ഇപ്പോൾ 11/12 ക്ലാസിൽ (പോസ്റ്റ്-മെട്രിക്),ମାଟ୍ରିକ୍ – ଏବେ ଏକାଦଶ/ଦ୍ୱାଦଶରେ (ପୋଷ୍ଟ-ମାଟ୍ରିକ୍),मैट्रिक – अभी कक्षा 11/12 में (पोस्ट-मैट्रिक),मैट्रिक – अखन कक्षा 11/12 मे (पोस्ट-मैट्रिक),મેટ્રિક – હવે ધોરણ 11/12માં (પોસ્ટ-મેટ્રિક),मॅट्रिक – आता इयत्ता 11/12 मध्ये (पोस्ट-मॅट्रिक),ਮੈਟ੍ਰਿਕ – ਹੁਣ 11ਵੀਂ/12ਵੀਂ ਵਿੱਚ (ਪੋਸਟ-ਮੈਟ੍ਰਿਕ)
edu_d_XII,,,"Post-Matric – college, diploma or ITI","पोस्ट-मैट्रिक – कॉलेज, डिप्लोमा या ITI","পোস্ট-ম্যাট্রিক – কলেজ, ডিপ্লোমা বা ITI","পোষ্ট-মেট্ৰিক – কলেজ, ডিপ্লমা বা ITI","ಪೋಸ್ಟ್-ಮೆಟ್ರಿಕ್ – ಕಾಲೇಜು, ಡಿಪ್ಲೊಮಾ ಅಥವಾ ITI","போஸ்ட்-மெட்ரிக் – கல்லூரி, டிப்ளோமா அல்லது ITI","పోస్ట్-మెట్రిక్ – కాలేజీ, డిప్లొమా లేదా ITI","പോസ്റ്റ്-മെട്രിക് – കോളേജ്, ഡിപ്ലോമ അല്ലെങ്കിൽ ITI","ପୋଷ୍ଟ-ମାଟ୍ରିକ୍ – କଲେଜ, ଡିପ୍ଲୋମା ବା ITI","पोस्ट-मैट्रिक – कॉलेज, डिप्लोमा भा ITI","पोस्ट-मैट्रिक – कॉलेज, डिप्लोमा वा ITI","પોસ્ટ-મેટ્રિક – કૉલેજ, ડિપ્લોમા કે ITI","पोस्ट-मॅट्रिक – महाविद्यालय, डिप्लोमा किंवा ITI","ਪੋਸਟ-ਮੈਟ੍ਰਿਕ – ਕਾਲਜ, ਡਿਪਲੋਮਾ ਜਾਂ ITI"
edu_d_UG,,,Studying for a bachelor's degree,स्नातक डिग्री की पढ़ाई,স্নাতক ডিগ্রির পড়াশোনা,স্নাতক ডিগ্ৰীৰ পঢ়া,ಪದವಿ ಓದುತ್ತಿದ್ದೇನೆ,இளநிலை பட்டப் படிப்பு,డిగ్రీ చదువుతున్నాను,ബിരുദ പഠനം,ସ୍ନାତକ ଡିଗ୍ରୀ ପଢୁଛି,स्नातक डिग्री के पढ़ाई,स्नातक डिग्रीक पढ़ाइ,સ્નાતક ડિગ્રીનો અભ્યાસ,पदवीचे शिक्षण,ਬੈਚਲਰ ਡਿਗਰੀ ਦੀ ਪੜ੍ਹਾਈ
edu_d_PG,,,"Master's degree, M.Phil or PhD","मास्टर डिग्री, M.Phil या PhD","মাস্টার্স, M.Phil বা PhD","মাষ্টাৰ্ছ, M.Phil বা PhD","ಸ್ನಾತಕೋತ್ತರ, M.Phil ಅಥವಾ PhD","முதுநிலை, M.Phil அல்லது PhD","మాస్టర్స్, M.Phil లేదా PhD","ബിരുദാനന്തരം, M.Phil അല്ലെങ്കിൽ PhD","ମାଷ୍ଟର୍ସ, M.Phil ବା PhD","मास्टर डिग्री, M.Phil भा PhD","मास्टर डिग्री, M.Phil वा PhD","માસ્ટર્સ, M.Phil કે PhD","पदव्युत्तर, M.Phil किंवा PhD","ਮਾਸਟਰਜ਼, M.Phil ਜਾਂ PhD"
edu_d_OTHER,,,None of the above,इनमें से कोई नहीं,উপরের কোনোটিই নয়,ওপৰৰ এটাও নহয়,ಮೇಲಿನ ಯಾವುದೂ ಅಲ್ಲ,மேலே உள்ள எதுவும் இல்லை / படிக்கவில்லை,పైవేవీ కావు,മുകളിൽ ഒന്നുമല്ല / പഠിക്കുന്നില്ല,ଉପରୋକ୍ତ କୌଣସିଟି ନୁହେଁ,एह में से कवनो ना,एहिमे सँ कोनो नहि,ઉપરમાંથી કોઈ નહીં,वरीलपैकी काहीही नाही,ਉੱਪਰੋਂ ਕੋਈ ਨਹੀਂ
o_dont_know,20,WhatsApp button title (max 20 characters),Don't know,पता नहीं,জানি না,নাজানো,ಗೊತ್ತಿಲ್ಲ,தெரியாது,తెలియదు,അറിയില്ല,ଜାଣିନି,पता नइखे,नहि बुझल,ખબર નથી,माहीत नाही,ਪਤਾ ਨਹੀਂ
o_skip,20,WhatsApp button title (max 20 characters),Skip,छोड़ें,বাদ দিন,এৰি দিয়ক,ಬಿಟ್ಟುಬಿಡಿ,தவிர்,దాటవేయి,ഒഴിവാക്കുക,ଛାଡ଼ନ୍ତୁ,छोड़ीं,छोड़ू,છોડો,वगळा,ਛੱਡੋ
o_yes,20,WhatsApp button title (max 20 characters),Yes,हाँ,হ্যাঁ,হয়,ಹೌದು,ஆம்,అవును,അതെ,ହଁ,हँ,हँ,હા,हो,ਹਾਂ
o_no,20,WhatsApp button title (max 20 characters),No,नहीं,না,নহয়,ಇಲ್ಲ,இல்லை,కాదు,ഇല്ല,ନା,ना,नहि,ના,नाही,ਨਹੀਂ
o_prefer_not,20,WhatsApp button title (max 20 characters),Prefer not to say,नहीं बताना चाहते,বলতে চাই না,ক'ব নিবিচাৰোঁ,ಹೇಳಲು ಇಷ್ಟವಿಲ್ಲ,சொல்ல விரும்பவில்லை,చెప్పదలచుకోలేదు,പറയാൻ താൽപ്പര്യമില്ല,କହିବାକୁ ଚାହେଁନି,ना बताइब,नहि कहब,જણાવવું નથી,सांगायचे नाही,ਦੱਸਣਾ ਨਹੀਂ ਚਾਹੁੰਦਾ
cat_SC,20,WhatsApp button title (max 20 characters),SC,SC,SC,SC,SC,SC,SC,SC,SC,SC,SC,SC,SC,SC
cat_ST,20,WhatsApp button title (max 20 characters),ST,ST,ST,ST,ST,ST,ST,ST,ST,ST,ST,ST,ST,ST
cat_OBC,20,WhatsApp button title (max 20 characters),OBC,OBC,OBC,OBC,OBC,OBC,OBC,OBC,OBC,OBC,OBC,OBC,OBC,OBC
cat_General,20,WhatsApp button title (max 20 characters),General,सामान्य,সাধারণ,সাধাৰণ,ಸಾಮಾನ್ಯ,பொது,జనరల్,ജനറൽ,ସାଧାରଣ,सामान्य,सामान्य,સામાન્ય,खुला/सामान्य,ਜਨਰਲ
cat_Minority,20,WhatsApp button title (max 20 characters),Minority,अल्पसंख्यक,সংখ্যালঘু,সংখ্যালঘু,ಅಲ್ಪಸಂಖ್ಯಾತ,சிறுபான்மையினர்,మైనారిటీ,ന്യൂനപക്ഷം,ସଂଖ୍ୟାଲଘୁ,अल्पसंख्यक,अल्पसंख्यक,લઘુમતી,अल्पसंख्याक,ਘੱਟ ਗਿਣਤੀ
g_Female,20,WhatsApp button title (max 20 characters),Female,महिला,মহিলা,মহিলা,ಹೆಣ್ಣು,பெண்,స్త్రీ,സ്ത്രീ,ମହିଳା,महिला,महिला,સ્ત્રી,स्त्री,ਔਰਤ
g_Male,20,WhatsApp button title (max 20 characters),Male,पुरुष,পুরুষ,পুৰুষ,ಗಂಡು,ஆண்,పురుషుడు,പുരുഷൻ,ପୁରୁଷ,पुरुष,पुरुष,પુરુષ,पुरुष,ਮਰਦ
g_Transgender,20,WhatsApp button title (max 20 characters),Transgender,ट्रांसजेंडर,রূপান্তরকামী,ট্ৰান্সজেণ্ডাৰ,ಲಿಂಗತ್ವ ಅಲ್ಪಸಂಖ್ಯಾತ,திருநங்கை,ట్రాన్స్‌జెండర్,ട്രാൻസ്ജെൻഡർ,ଟ୍ରାନ୍ସଜେଣ୍ଡର,ट्रांसजेंडर,ट्रांसजेंडर,ટ્રાન્સજેન્ડર,तृतीयपंथी,ਟਰਾਂਸਜੈਂਡਰ
inc_m10k,24,WhatsApp list row title (max 24 characters),"Up to ₹10,000","₹10,000 तक","₹10,000 পর্যন্ত","₹10,000 লৈকে","₹10,000 ವರೆಗೆ","₹10,000 வரை","₹10,000 వరకు","₹10,000 വരെ","₹10,000 ପର୍ଯ୍ୟନ୍ତ","₹10,000 ले","₹10,000 धरि","₹10,000 સુધી","₹10,000 पर्यंत","₹10,000 ਤੱਕ"
inc_m30k,24,WhatsApp list row title (max 24 characters),"₹10,001–₹30,000","₹10,001–₹30,000","₹10,001–₹30,000","₹10,001–₹30,000","₹10,001–₹30,000","₹10,001–₹30,000","₹10,001–₹30,000","₹10,001–₹30,000","₹10,001–₹30,000","₹10,001–₹30,000","₹10,001–₹30,000","₹10,001–₹30,000","₹10,001–₹30,000","₹10,001–₹30,000"
inc_gt30k,24,WhatsApp list row title (max 24 characters),"Above ₹30,000","₹30,000 से अधिक","₹30,000-এর বেশি","₹30,000-তকৈ অধিক","₹30,000 ಕ್ಕಿಂತ ಹೆಚ್ಚು","₹30,000க்கு மேல்","₹30,000 కంటే ఎక్కువ","₹30,000-ൽ കൂടുതൽ","₹30,000ରୁ ଅଧିକ","₹30,000 से जादे","₹30,000 सँ बेसी","₹30,000થી વધુ","₹30,000 पेक्षा जास्त","₹30,000 ਤੋਂ ਵੱਧ"
per_month,,,{v} a month,{v} प्रति माह,মাসে {v},মাহে {v},ತಿಂಗಳಿಗೆ {v},மாதம் {v},నెలకు {v},മാസം {v},ମାସକୁ {v},{v} महीना,{v} प्रति मास,મહિને {v},महिन्याला {v},{v} ਮਹੀਨਾ
per_year,,,{v} a year,{v} प्रति वर्ष,বছরে {v},বছৰি {v},ವರ್ಷಕ್ಕೆ {v},ஆண்டுக்கு {v},సంవత్సరానికి {v},വർഷം {v},ବର୍ଷକୁ {v},{v} साल,{v} प्रति वर्ष,વર્ષે {v},वर्षाला {v},{v} ਸਾਲਾਨਾ
consent,,,"🔒 To find scholarships that may be relevant, I need to use the details you share in this chat (education level, gender, family income, social category and State). They are used only to suggest schemes. I will not ask for your name, Aadhaar or bank details. Is that okay?","🔒 आपके लिए उपयोगी छात्रवृत्तियाँ खोजने के लिए मुझे इस चैट में दी गई जानकारी (पढ़ाई का स्तर, लिंग, पारिवारिक आय, सामाजिक श्रेणी और राज्य) का उपयोग करना होगा। इसका उपयोग केवल योजनाएँ सुझाने के लिए होगा। आपका नाम, आधार या बैंक विवरण नहीं पूछा जाएगा। क्या यह ठीक है?","🔒 আপনার জন্য উপযোগী বৃত্তি খুঁজতে এই চ্যাটে দেওয়া তথ্য (পড়াশোনার স্তর, লিঙ্গ, পারিবারিক আয়, সামাজিক শ্রেণি ও রাজ্য) ব্যবহার করতে হবে। এগুলি শুধু প্রকল্পের পরামর্শ দিতে ব্যবহার হবে। আপনার নাম, আধার বা ব্যাঙ্কের তথ্য চাওয়া হবে না। এতে কি আপনি রাজি?","🔒 আপোনাৰ বাবে উপযোগী বৃত্তি বিচাৰিবলৈ এই চেটত দিয়া তথ্য (পঢ়াৰ স্তৰ, লিংগ, পাৰিবাৰিক আয়, সামাজিক শ্ৰেণী আৰু ৰাজ্য) ব্যৱহাৰ কৰিব লাগিব। এইবোৰ কেৱল আঁচনিৰ পৰামৰ্শ দিবলৈ ব্যৱহাৰ হ'ব। আপোনাৰ নাম, আধাৰ বা বেংকৰ তথ্য বিচৰা নহ'ব। এইটো ঠিক আছেনে?","🔒 ನಿಮಗೆ ಸೂಕ್ತವಾದ ವಿದ್ಯಾರ್ಥಿವೇತನಗಳನ್ನು ಹುಡುಕಲು, ಈ ಚಾಟ್‌ನಲ್ಲಿ ನೀವು ನೀಡುವ ಮಾಹಿತಿಯನ್ನು (ಶಿಕ್ಷಣ ಮಟ್ಟ, ಲಿಂಗ, ಕುಟುಂಬದ ಆದಾಯ, ಸಾಮಾಜಿಕ ವರ್ಗ ಮತ್ತು ರಾಜ್ಯ) ಬಳಸಬೇಕಾಗುತ್ತದೆ. ಇದನ್ನು ಯೋಜನೆಗಳನ್ನು ಸೂಚಿಸಲು ಮಾತ್ರ ಬಳಸಲಾಗುತ್ತದೆ. ನಿಮ್ಮ ಹೆಸರು, ಆಧಾರ್ ಅಥವಾ ಬ್ಯಾಂಕ್ ವಿವರ ಕೇಳುವುದಿಲ್ಲ. ಇದು ಸರಿಯೇ?","🔒 உங்களுக்குப் பொருத்தமான உதவித்தொகைகளைக் கண்டறிய, இந்த அரட்டையில் நீங்கள் தரும் விவரங்களை (கல்வி நிலை, பாலினம், குடும்ப வருமானம், சமூகப் பிரிவு, மாநிலம்) பயன்படுத்த வேண்டும். இவை திட்டங்களைப் பரிந்துரைக்க மட்டுமே பயன்படும். உங்கள் பெயர், ஆதார் அல்லது வங்கி விவரங்கள் கேட்கப்படாது. இது சரியா?","🔒 మీకు సరిపోయే స్కాలర్‌షిప్‌లు కనుగొనడానికి, ఈ చాట్‌లో మీరు ఇచ్చే వివరాలను (విద్యా స్థాయి, లింగం, కుటుంబ ఆదాయం, సామాజిక వర్గం, రాష్ట్రం) ఉపయోగించాలి. వీటిని పథకాలు సూచించడానికి మాత్రమే ఉపయోగిస్తాము. మీ పేరు, ఆధార్ లేదా బ్యాంక్ వివరాలు అడగము. ఇది సరేనా?","🔒 നിങ്ങൾക്ക് അനുയോജ്യമായ സ്കോളർഷിപ്പുകൾ കണ്ടെത്താൻ, ഈ ചാറ്റിൽ നിങ്ങൾ നൽകുന്ന വിവരങ്ങൾ (വിദ്യാഭ്യാസ നില, ലിംഗം, കുടുംബ വരുമാനം, സാമൂഹിക വിഭാഗം, സംസ്ഥാനം) ഉപയോഗിക്കണം. പദ്ധതികൾ നിർദ്ദേശിക്കാൻ മാത്രമാണ് ഇവ ഉപയോഗിക്കുക. നിങ്ങളുടെ പേര്, ആധാർ, ബാങ്ക് വിവരങ്ങൾ ചോദിക്കില്ല. ഇത് ശരിയാണോ?","🔒 ଆପଣଙ୍କ ପାଇଁ ଉପଯୋଗୀ ଛାତ୍ରବୃତ୍ତି ଖୋଜିବାକୁ, ଏହି ଚାଟରେ ଆପଣ ଦେଉଥିବା ତଥ୍ୟ (ଶିକ୍ଷା ସ୍ତର, ଲିଙ୍ଗ, ପାରିବାରିକ ଆୟ, ସାମାଜିକ ବର୍ଗ ଓ ରାଜ୍ୟ) ବ୍ୟବହାର କରିବାକୁ ପଡ଼ିବ। ଏହା କେବଳ ଯୋଜନା ପରାମର୍ଶ ପାଇଁ ବ୍ୟବହାର ହେବ। ଆପଣଙ୍କ ନାମ, ଆଧାର କିମ୍ବା ବ୍ୟାଙ୍କ ତଥ୍ୟ ପଚରାଯିବ ନାହିଁ। ଏହା ଠିକ୍ ତ?","🔒 रउआ खातिर काम के छात्रवृत्ति खोजे खातिर एह चैट में दिहल जानकारी (पढ़ाई के स्तर, लिंग, परिवार के कमाई, सामाजिक वर्ग आ राज्य) के इस्तेमाल करे के पड़ी। एकर इस्तेमाल खाली योजना बतावे खातिर होई। रउआ नाम, आधार भा बैंक के जानकारी ना पूछल जाई। का ई ठीक बा?","🔒 अहाँक लेल उपयोगी छात्रवृत्ति खोजबाक लेल एहि चैटमे देल जानकारी (पढ़ाइक स्तर, लिंग, पारिवारिक आमदनी, सामाजिक वर्ग आ राज्य) क उपयोग करय पड़त। एकर उपयोग मात्र योजना सुझाबय लेल होयत। अहाँक नाम, आधार वा बैंक विवरण नहि पुछल जायत। की ई ठीक अछि?","🔒 તમારા માટે યોગ્ય શિષ્યવૃત્તિ શોધવા માટે, આ ચેટમાં તમે આપેલી વિગતો (શિક્ષણ સ્તર, લિંગ, કૌટુંબિક આવક, સામાજિક શ્રેણી અને રાજ્ય) વાપરવી પડશે. તેનો ઉપયોગ માત્ર યોજનાઓ સૂચવવા માટે થશે. તમારું નામ, આધાર કે બેંક વિગતો પૂછવામાં નહીં આવે. શું આ બરાબર છે?","🔒 तुमच्यासाठी योग्य शिष्यवृत्ती शोधण्यासाठी, या चॅटमध्ये तुम्ही दिलेली माहिती (शिक्षण स्तर, लिंग, कौटुंबिक उत्पन्न, सामाजिक प्रवर्ग आणि राज्य) वापरावी लागेल. ती फक्त योजना सुचवण्यासाठी वापरली जाईल. तुमचे नाव, आधार किंवा बँक तपशील विचारले जाणार नाहीत. हे चालेल का?","🔒 ਤੁਹਾਡੇ ਲਈ ਢੁਕਵੇਂ ਵਜ਼ੀਫ਼ੇ ਲੱਭਣ ਲਈ, ਇਸ ਚੈਟ ਵਿੱਚ ਤੁਹਾਡੇ ਵੱਲੋਂ ਦਿੱਤੀ ਜਾਣਕਾਰੀ (ਸਿੱਖਿਆ ਪੱਧਰ, ਲਿੰਗ, ਪਰਿਵਾਰਕ ਆਮਦਨ, ਸਮਾਜਿਕ ਵਰਗ ਅਤੇ ਰਾਜ) ਵਰਤਣੀ ਪਵੇਗੀ। ਇਹ ਸਿਰਫ਼ ਯੋਜਨਾਵਾਂ ਸੁਝਾਉਣ ਲਈ ਵਰਤੀ ਜਾਵੇਗੀ। ਤੁਹਾਡਾ ਨਾਮ, ਆਧਾਰ ਜਾਂ ਬੈਂਕ ਵੇਰਵੇ ਨਹੀਂ ਪੁੱਛੇ ਜਾਣਗੇ। ਕੀ ਇਹ ਠੀਕ ਹੈ?"
o_agree,20,WhatsApp button title (max 20 characters),Agree,सहमत हूँ,রাজি,সন্মত,ಒಪ್ಪುತ್ತೇನೆ,சம்மதம்,అంగీకారం,സമ്മതം,ରାଜି,सहमत बानी,सहमत छी,સંમત છું,सहमत आहे,ਸਹਿਮਤ ਹਾਂ
o_disagree,20,WhatsApp button title (max 20 characters),Don't agree,सहमत नहीं,রাজি নই,সন্মত নহয়,ಒಪ್ಪುವುದಿಲ್ಲ,சம்மதம் இல்லை,అంగీకరించను,സമ്മതമല്ല,ରାଜି ନୁହେଁ,सहमत नइखीं,सहमत नहि छी,સંમત નથી,सहमत नाही,ਸਹਿਮਤ ਨਹੀਂ
o_agree_now,20,WhatsApp button title (max 20 characters),I agree now,अब सहमत हूँ,এখন রাজি,এতিয়া সন্মত,ಈಗ ಒಪ್ಪುತ್ತೇನೆ,இப்போது சம்மதம்,ఇప్పుడు అంగీకారం,ഇപ്പോൾ സമ്മതം,ଏବେ ରାଜି,अब सहमत बानी,आब सहमत छी,હવે સંમત છું,आता सहमत आहे,ਹੁਣ ਸਹਿਮਤ ਹਾਂ
consent_declined,,,"Understood 🙏 I won't ask for or keep any personal details. You can still explore all scholarships on the National Scholarship Portal: https://scholarships.gov.in/
If you change your mind, tap below or reply HI.","समझ गए 🙏 कोई निजी जानकारी न पूछी जाएगी, न रखी जाएगी। आप सभी छात्रवृत्तियाँ https://scholarships.gov.in/ पर देख सकते हैं। मन बदले तो नीचे टैप करें या HI लिखें।",বুঝেছি 🙏 কোনো ব্যক্তিগত তথ্য চাওয়া বা রাখা হবে না। সব বৃত্তি https://scholarships.gov.in/ -এ দেখতে পারেন। মত বদলালে নিচে ট্যাপ করুন বা HI লিখুন।,বুজি পালোঁ 🙏 কোনো ব্যক্তিগত তথ্য বিচৰা বা ৰখা নহ'ব। সকলো বৃত্তি https://scholarships.gov.in/ ত চাব পাৰে। মত সলনি হ'লে তলত টেপ কৰক বা HI লিখক।,"ಅರ್ಥವಾಯಿತು 🙏 ಯಾವುದೇ ವೈಯಕ್ತಿಕ ಮಾಹಿತಿ ಕೇಳುವುದಿಲ್ಲ, ಇಟ್ಟುಕೊಳ್ಳುವುದಿಲ್ಲ. ಎಲ್ಲಾ ವಿದ್ಯಾರ್ಥಿವೇತನಗಳನ್ನು https://scholarships.gov.in/ ನಲ್ಲಿ ನೋಡಬಹುದು. ಮನಸ್ಸು ಬದಲಾದರೆ ಕೆಳಗೆ ಟ್ಯಾಪ್ ಮಾಡಿ ಅಥವಾ HI ಎಂದು ಬರೆಯಿರಿ.","புரிந்தது 🙏 எந்தத் தனிப்பட்ட விவரமும் கேட்கப்படாது, வைக்கப்படாது. எல்லா உதவித்தொகைகளையும் https://scholarships.gov.in/ இல் பார்க்கலாம். மனம் மாறினால் கீழே தட்டவும் அல்லது HI என்று எழுதவும்.","అర్థమైంది 🙏 ఎలాంటి వ్యక్తిగత వివరాలు అడగము, ఉంచము. అన్ని స్కాలర్‌షిప్‌లు https://scholarships.gov.in/ లో చూడవచ్చు. మనసు మారితే కింద ట్యాప్ చేయండి లేదా HI అని రాయండి.",മനസ്സിലായി 🙏 വ്യക്തിപരമായ വിവരങ്ങൾ ചോദിക്കുകയോ സൂക്ഷിക്കുകയോ ഇല്ല. എല്ലാ സ്കോളർഷിപ്പുകളും https://scholarships.gov.in/ ൽ കാണാം. മനസ്സ് മാറിയാൽ താഴെ ടാപ്പ് ചെയ്യുക അല്ലെങ്കിൽ HI എന്ന് എഴുതുക.,ବୁଝିଲି 🙏 କୌଣସି ବ୍ୟକ୍ତିଗତ ତଥ୍ୟ ପଚରାଯିବ ନାହିଁ କି ରଖାଯିବ ନାହିଁ। ସମସ୍ତ ଛାତ୍ରବୃତ୍ତି https://scholarships.gov.in/ ରେ ଦେଖିପାରିବେ। ମନ ବଦଳିଲେ ତଳେ ଟ୍ୟାପ୍ କରନ୍ତୁ କିମ୍ବା HI ଲେଖନ୍ତୁ।,"समझ गइनी 🙏 कवनो निजी जानकारी ना पूछल जाई, ना राखल जाई। सब छात्रवृत्ति https://scholarships.gov.in/ पर देख सकेनी। मन बदले त नीचे टैप करीं भा HI लिखीं।",बुझि गेलहुँ 🙏 कोनो निजी जानकारी नहि पुछल जायत आ नहि राखल जायत। सभ छात्रवृत्ति https://scholarships.gov.in/ पर देखि सकैत छी। मोन बदलय तँ नीचाँ टैप करू वा HI लिखू।,સમજાયું 🙏 કોઈ અંગત વિગતો પૂછવામાં કે રાખવામાં નહીં આવે. બધી શિષ્યવૃત્તિઓ https://scholarships.gov.in/ પર જોઈ શકો છો. વિચાર બદલાય તો નીચે ટૅપ કરો અથવા HI લખો.,समजले 🙏 कोणतीही वैयक्तिक माहिती विचारली किंवा ठेवली जाणार नाही. सर्व शिष्यवृत्ती https://scholarships.gov.in/ वर पाहू शकता. विचार बदलल्यास खाली टॅप करा किंवा HI लिहा.,ਸਮਝ ਗਏ 🙏 ਕੋਈ ਨਿੱਜੀ ਜਾਣਕਾਰੀ ਨਾ ਪੁੱਛੀ ਜਾਵੇਗੀ ਨਾ ਰੱਖੀ ਜਾਵੇਗੀ। ਸਾਰੇ ਵਜ਼ੀਫ਼ੇ https://scholarships.gov.in/ ’ਤੇ ਦੇਖ ਸਕਦੇ ਹੋ। ਮਨ ਬਦਲੇ ਤਾਂ ਹੇਠਾਂ ਟੈਪ ਕਰੋ ਜਾਂ HI ਲਿਖੋ।
summary_title,,,"📋 Please check your details:
{facts}

Shall I look for scholarships now?","📋 कृपया अपनी जानकारी जाँच लें:
{facts}

क्या अब छात्रवृत्तियाँ खोजें?","📋 অনুগ্রহ করে আপনার তথ্য দেখে নিন:
{facts}

এখন কি বৃত্তি খুঁজব?","📋 অনুগ্ৰহ কৰি আপোনাৰ তথ্য চাই লওক:
{facts}

এতিয়া বৃত্তি বিচাৰোঁনে?","📋 ದಯವಿಟ್ಟು ನಿಮ್ಮ ವಿವರಗಳನ್ನು ಪರಿಶೀಲಿಸಿ:
{facts}

ಈಗ ವಿದ್ಯಾರ್ಥಿವೇತನಗಳನ್ನು ಹುಡುಕಲೇ?","📋 உங்கள் விவரங்களைச் சரிபார்க்கவும்:
{facts}

இப்போது உதவித்தொகைகளைத் தேடட்டுமா?","📋 దయచేసి మీ వివరాలు సరిచూసుకోండి:
{facts}

ఇప్పుడు స్కాలర్‌షిప్‌లు వెతకమా?","📋 ദയവായി നിങ്ങളുടെ വിവരങ്ങൾ പരിശോധിക്കുക:
{facts}

ഇപ്പോൾ സ്കോളർഷിപ്പുകൾ തിരയട്ടെ?","📋 ଦୟାକରି ଆପଣଙ୍କ ତଥ୍ୟ ଯାଞ୍ଚ କରନ୍ତୁ:
{facts}

ଏବେ ଛାତ୍ରବୃତ୍ତି ଖୋଜିବା କି?","📋 आपन जानकारी जाँच लीं:
{facts}

का अब छात्रवृत्ति खोजल जाव?","📋 कृपया अपन जानकारी जाँचि लिअ:
{facts}

की आब छात्रवृत्ति खोजल जाय?","📋 કૃપા કરીને તમારી વિગતો તપાસો:
{facts}

હવે શિષ્યવૃત્તિ શોધીએ?","📋 कृपया तुमची माहिती तपासा:
{facts}

आता शिष्यवृत्ती शोधायच्या का?","📋 ਕਿਰਪਾ ਕਰਕੇ ਆਪਣੀ ਜਾਣਕਾਰੀ ਜਾਂਚ ਲਓ:
{facts}

ਕੀ ਹੁਣ ਵਜ਼ੀਫ਼ੇ ਲੱਭੀਏ?"
records_note,,,📁 = from your records,📁 = आपके रिकॉर्ड से,📁 = আপনার রেকর্ড থেকে,📁 = আপোনাৰ ৰেকৰ্ডৰ পৰা,📁 = ನಿಮ್ಮ ದಾಖಲೆಗಳಿಂದ,📁 = உங்கள் பதிவுகளிலிருந்து,📁 = మీ రికార్డుల నుండి,📁 = നിങ്ങളുടെ രേഖകളിൽ നിന്ന്,📁 = ଆପଣଙ୍କ ରେକର୍ଡରୁ,📁 = रउआ रिकॉर्ड से,📁 = अहाँक रिकॉर्ड सँ,📁 = તમારા રેકોર્ડમાંથી,📁 = तुमच्या नोंदींमधून,📁 = ਤੁਹਾਡੇ ਰਿਕਾਰਡ ਤੋਂ
o_proceed,20,WhatsApp button title (max 20 characters),Proceed,आगे बढ़ें,এগিয়ে যান,আগবাঢ়ক,ಮುಂದುವರಿಸಿ,தொடரவும்,కొనసాగించండి,തുടരുക,ଆଗକୁ ଯାଆନ୍ତୁ,आगे बढ़ीं,आगाँ बढ़ू,આગળ વધો,पुढे जा,ਅੱਗੇ ਵਧੋ
o_edit,20,WhatsApp button title (max 20 characters),Edit details,जानकारी बदलें,তথ্য বদলান,তথ্য সলনি কৰক,ವಿವರ ಬದಲಿಸಿ,விவரங்களை மாற்று,వివరాలు మార్చండి,വിവരങ്ങൾ മാറ്റുക,ତଥ୍ୟ ବଦଳାନ୍ତୁ,जानकारी बदलीं,जानकारी बदलू,વિગતો બદલો,माहिती बदला,ਜਾਣਕਾਰੀ ਬਦਲੋ
edit_restart,,,"OK, let's go through the questions again.","ठीक है, प्रश्न फिर से शुरू करते हैं।","ঠিক আছে, প্রশ্নগুলি আবার শুরু করি।","ঠিক আছে, প্ৰশ্নবোৰ আকৌ আৰম্ভ কৰোঁ।","ಸರಿ, ಪ್ರಶ್ನೆಗಳನ್ನು ಮತ್ತೆ ಆರಂಭಿಸೋಣ.","சரி, கேள்விகளை மீண்டும் தொடங்கலாம்.","సరే, ప్రశ్నలు మళ్లీ మొదలుపెడదాం.","ശരി, ചോദ്യങ്ങൾ വീണ്ടും തുടങ്ങാം.","ଠିକ୍ ଅଛି, ପ୍ରଶ୍ନଗୁଡ଼ିକ ପୁଣି ଆରମ୍ଭ କରିବା।","ठीक बा, सवाल फेर से शुरू करत बानी।","ठीक अछि, प्रश्न फेर सँ शुरू करैत छी।","ઠીક છે, પ્રશ્નો ફરીથી શરૂ કરીએ.","ठीक आहे, प्रश्न पुन्हा सुरू करूया.","ਠੀਕ ਹੈ, ਸਵਾਲ ਦੁਬਾਰਾ ਸ਼ੁਰੂ ਕਰੀਏ।"
fallback,,,"I didn't get that 🙂 Please tap an option below or type its number. You can also type MENU, BACK or HELP.","मैं समझ नहीं पाया 🙂 कृपया नीचे कोई विकल्प चुनें या उसका नंबर लिखें। आप MENU, BACK या HELP भी लिख सकते हैं।","বুঝতে পারলাম না 🙂 নিচের একটি বিকল্পে ট্যাপ করুন বা তার নম্বর লিখুন। আপনি MENU, BACK বা HELP-ও লিখতে পারেন।","বুজি নাপালোঁ 🙂 তলৰ এটা বিকল্পত টেপ কৰক বা তাৰ নম্বৰ লিখক। আপুনি MENU, BACK বা HELP-ও লিখিব পাৰে।","ನನಗೆ ಅರ್ಥವಾಗಲಿಲ್ಲ 🙂 ಕೆಳಗಿನ ಒಂದು ಆಯ್ಕೆಯನ್ನು ಟ್ಯಾಪ್ ಮಾಡಿ ಅಥವಾ ಅದರ ಸಂಖ್ಯೆ ಬರೆಯಿರಿ. ನೀವು MENU, BACK ಅಥವಾ HELP ಎಂದೂ ಬರೆಯಬಹುದು.","எனக்குப் புரியவில்லை 🙂 கீழே உள்ள ஒரு விருப்பத்தைத் தட்டவும் அல்லது அதன் எண்ணை எழுதவும். MENU, BACK அல்லது HELP என்றும் எழுதலாம்.","నాకు అర్థం కాలేదు 🙂 కింద ఒక ఆప్షన్‌ను నొక్కండి లేదా దాని నంబర్ టైప్ చేయండి. మీరు MENU, BACK లేదా HELP అని కూడా టైప్ చేయవచ్చు.","എനിക്ക് മനസ്സിലായില്ല 🙂 താഴെയുള്ള ഒരു ഓപ്ഷൻ ടാപ്പ് ചെയ്യുക അല്ലെങ്കിൽ അതിന്റെ നമ്പർ ടൈപ്പ് ചെയ്യുക. MENU, BACK അല്ലെങ്കിൽ HELP എന്നും ടൈപ്പ് ചെയ്യാം.","ମୁଁ ବୁଝିପାରିଲି ନାହିଁ 🙂 ତଳେ ଥିବା ଏକ ବିକଳ୍ପ ଟ୍ୟାପ୍ କରନ୍ତୁ କିମ୍ବା ତାହାର ନମ୍ବର ଲେଖନ୍ତୁ। ଆପଣ MENU, BACK କିମ୍ବା HELP ମଧ୍ୟ ଲେଖିପାରିବେ।","हम समझ ना पवनी 🙂 नीचे कवनो विकल्प चुनीं भा ओकर नंबर लिखीं। रउआ MENU, BACK भा HELP भी लिख सकीले।","हम नहि बुझलहुँ 🙂 नीचाँ कोनो विकल्प चुनू वा ओकर नंबर लिखू। अहाँ MENU, BACK वा HELP सेहो लिखि सकैत छी।","હું સમજી શક્યો નહીં 🙂 નીચે કોઈ વિકલ્પ પર ટૅપ કરો અથવા તેનો નંબર લખો. તમે MENU, BACK અથવા HELP પણ લખી શકો છો.","मला समजले नाही 🙂 खालील एखादा पर्याय टॅप करा किंवा त्याचा क्रमांक लिहा. तुम्ही MENU, BACK किंवा HELP देखील लिहू शकता.","ਮੈਨੂੰ ਸਮਝ ਨਹੀਂ ਆਇਆ 🙂 ਹੇਠਾਂ ਕੋਈ ਵਿਕਲਪ ਟੈਪ ਕਰੋ ਜਾਂ ਉਸਦਾ ਨੰਬਰ ਲਿਖੋ। ਤੁਸੀਂ MENU, BACK ਜਾਂ HELP ਵੀ ਲਿਖ ਸਕਦੇ ਹੋ।"
nothing_back,,,You are at the first step.,आप पहले चरण पर हैं।,আপনি প্রথম ধাপে আছেন।,আপুনি প্ৰথম পদক্ষেপত আছে।,ನೀವು ಮೊದಲ ಹಂತದಲ್ಲಿದ್ದೀರಿ.,நீங்கள் முதல் படியில் இருக்கிறீர்கள்.,మీరు మొదటి దశలో ఉన్నారు.,നിങ്ങൾ ആദ്യ ഘട്ടത്തിലാണ്.,ଆପଣ ପ୍ରଥମ ପର୍ଯ୍ୟାୟରେ ଅଛନ୍ତି।,रउआ पहिला चरण पर बानी।,अहाँ पहिल चरण पर छी।,તમે પહેલા પગલા પર છો.,तुम्ही पहिल्या टप्प्यावर आहात.,ਤੁਸੀਂ ਪਹਿਲੇ ਕਦਮ 'ਤੇ ਹੋ।
updated,,,✅ Updated {f}: {v},✅ {f} बदला गया: {v},✅ {f} বদলানো হয়েছে: {v},✅ {f} সলনি কৰা হ'ল: {v},✅ {f} ಬದಲಾಯಿಸಲಾಗಿದೆ: {v},✅ {f} மாற்றப்பட்டது: {v},✅ {f} మార్చబడింది: {v},✅ {f} മാറ്റി: {v},✅ {f} ବଦଳାଗଲା: {v},✅ {f} बदल गइल: {v},✅ {f} बदलल गेल: {v},✅ {f} બદલાયું: {v},✅ {f} बदलले: {v},✅ {f} ਬਦਲਿਆ ਗਿਆ: {v}
class_other,,,"Right now I can help students from Class 1 up to Post Graduation. You can explore all scholarships at https://scholarships.gov.in/
Reply HI any time to start again.","अभी यह सेवा कक्षा 1 से स्नातकोत्तर तक के विद्यार्थियों के लिए है। सभी छात्रवृत्तियाँ https://scholarships.gov.in/ पर देखें।
फिर से शुरू करने के लिए कभी भी HI लिखें।","এখন এই পরিষেবা শ্রেণি ১ থেকে স্নাতকোত্তর পর্যন্ত ছাত্রছাত্রীদের জন্য। সব বৃত্তি https://scholarships.gov.in/ -এ দেখুন।
আবার শুরু করতে যেকোনো সময় HI লিখুন।","এতিয়া এই সেৱা শ্ৰেণী ১ৰ পৰা স্নাতকোত্তৰলৈকে ছাত্ৰ-ছাত্ৰীৰ বাবে। সকলো বৃত্তি https://scholarships.gov.in/ ত চাওক।
আকৌ আৰম্ভ কৰিবলৈ যিকোনো সময়ত HI লিখক।","ಈಗ ಈ ಸೇವೆ 1ನೇ ತರಗತಿಯಿಂದ ಸ್ನಾತಕೋತ್ತರದವರೆಗಿನ ವಿದ್ಯಾರ್ಥಿಗಳಿಗೆ ಮಾತ್ರ. ಎಲ್ಲಾ ವಿದ್ಯಾರ್ಥಿವೇತನಗಳನ್ನು https://scholarships.gov.in/ ನಲ್ಲಿ ನೋಡಿ.
ಮತ್ತೆ ಆರಂಭಿಸಲು ಯಾವಾಗ ಬೇಕಾದರೂ HI ಎಂದು ಬರೆಯಿರಿ.","இப்போது இந்தச் சேவை 1ஆம் வகுப்பு முதல் முதுநிலை வரை உள்ள மாணவர்களுக்கானது. எல்லா உதவித்தொகைகளையும் https://scholarships.gov.in/ இல் பாருங்கள்.
மீண்டும் தொடங்க எப்போது வேண்டுமானாலும் HI என்று எழுதவும்.","ప్రస్తుతం ఈ సేవ 1వ తరగతి నుండి పోస్ట్ గ్రాడ్యుయేషన్ వరకు విద్యార్థుల కోసం. అన్ని స్కాలర్‌షిప్‌లు https://scholarships.gov.in/ లో చూడండి.
మళ్లీ మొదలుపెట్టడానికి ఎప్పుడైనా HI అని రాయండి.","ഇപ്പോൾ ഈ സേവനം 1-ാം ക്ലാസ് മുതൽ ബിരുദാനന്തര തലം വരെയുള്ള വിദ്യാർത്ഥികൾക്കാണ്. എല്ലാ സ്കോളർഷിപ്പുകളും https://scholarships.gov.in/ ൽ കാണുക.
വീണ്ടും തുടങ്ങാൻ എപ്പോൾ വേണമെങ്കിലും HI എന്ന് എഴുതുക.","ଏବେ ଏହି ସେବା ଶ୍ରେଣୀ ୧ରୁ ସ୍ନାତକୋତ୍ତର ପର୍ଯ୍ୟନ୍ତ ଛାତ୍ରଛାତ୍ରୀଙ୍କ ପାଇଁ। ସମସ୍ତ ଛାତ୍ରବୃତ୍ତି https://scholarships.gov.in/ ରେ ଦେଖନ୍ତୁ।
ପୁଣି ଆରମ୍ଭ କରିବାକୁ ଯେକୌଣସି ସମୟରେ HI ଲେଖନ୍ତୁ।","अभी ई सेवा कक्षा 1 से स्नातकोत्तर तक के विद्यार्थी लोग खातिर बा। सब छात्रवृत्ति https://scholarships.gov.in/ पर देखीं।
फेर से शुरू करे खातिर कबो HI लिखीं।","अखन ई सेवा कक्षा 1 सँ स्नातकोत्तर धरिक विद्यार्थी सभक लेल अछि। सभ छात्रवृत्ति https://scholarships.gov.in/ पर देखू।
फेर सँ शुरू करबाक लेल कखनो HI लिखू।","હાલ આ સેવા ધોરણ 1 થી અનુસ્નાતક સુધીના વિદ્યાર્થીઓ માટે છે. બધી શિષ્યવૃત્તિઓ https://scholarships.gov.in/ પર જુઓ.
ફરી શરૂ કરવા ગમે ત્યારે HI લખો.","सध्या ही सेवा इयत्ता 1 ते पदव्युत्तर पर्यंतच्या विद्यार्थ्यांसाठी आहे. सर्व शिष्यवृत्ती https://scholarships.gov.in/ वर पाहा.
पुन्हा सुरू करण्यासाठी कधीही HI लिहा.","ਹੁਣ ਇਹ ਸੇਵਾ ਜਮਾਤ 1 ਤੋਂ ਪੋਸਟ ਗ੍ਰੈਜੂਏਸ਼ਨ ਤੱਕ ਦੇ ਵਿਦਿਆਰਥੀਆਂ ਲਈ ਹੈ। ਸਾਰੇ ਵਜ਼ੀਫ਼ੇ https://scholarships.gov.in/ ’ਤੇ ਦੇਖੋ।
ਦੁਬਾਰਾ ਸ਼ੁਰੂ ਕਰਨ ਲਈ ਕਦੇ ਵੀ HI ਲਿਖੋ।"
summary,,,Your answers: {facts},आपके जवाब: {facts},আপনার উত্তর: {facts},আপোনাৰ উত্তৰ: {facts},ನಿಮ್ಮ ಉತ್ತರಗಳು: {facts},உங்கள் பதில்கள்: {facts},మీ జవాబులు: {facts},നിങ്ങളുടെ ഉത്തരങ്ങൾ: {facts},ଆପଣଙ୍କ ଉତ୍ତର: {facts},रउआ के जवाब: {facts},अहाँक उत्तर: {facts},તમારા જવાબો: {facts},तुमची उत्तरे: {facts},ਤੁਹਾਡੇ ਜਵਾਬ: {facts}
results_head,,,"Based on your answers, here are {n} scholarship(s) you can explore (showing {a}–{b} of {total}):",आपके जवाबों के आधार पर ये {n} छात्रवृत्ति(याँ) देखें ({total} में से {a}–{b}):,আপনার উত্তর অনুযায়ী এই {n}টি বৃত্তি দেখতে পারেন ({total}টির মধ্যে {a}–{b}):,আপোনাৰ উত্তৰ অনুসৰি এই {n}টা বৃত্তি চাব পাৰে ({total}টাৰ ভিতৰত {a}–{b}):,ನಿಮ್ಮ ಉತ್ತರಗಳ ಆಧಾರದ ಮೇಲೆ ನೀವು ನೋಡಬಹುದಾದ {n} ವಿದ್ಯಾರ್ಥಿವೇತನ(ಗಳು) ({total} ರಲ್ಲಿ {a}–{b}):,உங்கள் பதில்களின் அடிப்படையில் நீங்கள் பார்க்கக்கூடிய {n} உதவித்தொகை(கள்) ({total} இல் {a}–{b}):,మీ జవాబుల ఆధారంగా మీరు చూడగల {n} స్కాలర్‌షిప్(లు) ({total} లో {a}–{b}):,നിങ്ങളുടെ ഉത്തരങ്ങൾ അനുസരിച്ച് നോക്കാവുന്ന {n} സ്കോളർഷിപ്പ്(കൾ) ({total} ൽ {a}–{b}):,ଆପଣଙ୍କ ଉତ୍ତର ଅନୁସାରେ ଆପଣ ଦେଖିପାରୁଥିବା {n}ଟି ଛାତ୍ରବୃତ୍ତି ({total}ଟି ମଧ୍ୟରୁ {a}–{b}):,रउआ जवाब के आधार पर ई {n} छात्रवृत्ति देखीं ({total} में से {a}–{b}):,अहाँक उत्तरक आधार पर ई {n} छात्रवृत्ति देखू ({total} मे सँ {a}–{b}):,તમારા જવાબોના આધારે તમે જોઈ શકો તેવી {n} શિષ્યવૃત્તિ(ઓ) ({total} માંથી {a}–{b}):,तुमच्या उत्तरांनुसार तुम्ही पाहू शकता अशा {n} शिष्यवृत्ती ({total} पैकी {a}–{b}):,ਤੁਹਾਡੇ ਜਵਾਬਾਂ ਦੇ ਆਧਾਰ 'ਤੇ ਤੁਸੀਂ ਇਹ {n} ਵਜ਼ੀਫ਼ੇ ਦੇਖ ਸਕਦੇ ਹੋ ({total} ਵਿੱਚੋਂ {a}–{b}):
results_head_check_only,,,No scheme matched all your answers for certain. These {n} scheme(s) are only for specific groups – check if one applies to you (showing {a}–{b} of {total}):,कोई योजना आपके सभी जवाबों से पक्के तौर पर मेल नहीं खाती। ये {n} योजना(एँ) केवल कुछ खास समूहों के लिए हैं – देखें कि क्या कोई आप पर लागू होती है ({total} में से {a}–{b}):,কোনো প্রকল্প নিশ্চিতভাবে আপনার সব উত্তরের সাথে মেলেনি। এই {n}টি প্রকল্প শুধু নির্দিষ্ট গোষ্ঠীর জন্য – আপনার ক্ষেত্রে প্রযোজ্য কিনা দেখুন ({total}টির মধ্যে {a}–{b}):,কোনো আঁচনি নিশ্চিতভাৱে আপোনাৰ সকলো উত্তৰৰ লগত মিল নাখালে। এই {n}টা আঁচনি কেৱল নিৰ্দিষ্ট গোটৰ বাবে – আপোনাৰ ক্ষেত্ৰত প্ৰযোজ্য নেকি চাওক ({total}টাৰ ভিতৰত {a}–{b}):,ಯಾವುದೇ ಯೋಜನೆ ನಿಮ್ಮ ಎಲ್ಲಾ ಉತ್ತರಗಳಿಗೆ ಖಚಿತವಾಗಿ ಹೊಂದಿಕೆಯಾಗಲಿಲ್ಲ. ಈ {n} ಯೋಜನೆ(ಗಳು) ನಿರ್ದಿಷ್ಟ ಗುಂಪುಗಳಿಗೆ ಮಾತ್ರ – ನಿಮಗೆ ಅನ್ವಯಿಸುತ್ತದೆಯೇ ನೋಡಿ ({total} ರಲ್ಲಿ {a}–{b}):,எந்தத் திட்டமும் உங்கள் எல்லா பதில்களுடனும் உறுதியாகப் பொருந்தவில்லை. இந்த {n} திட்டம்(கள்) குறிப்பிட்ட குழுக்களுக்கு மட்டும் – உங்களுக்குப் பொருந்துமா எனப் பாருங்கள் ({total} இல் {a}–{b}):,ఏ పథకమూ మీ అన్ని జవాబులకు ఖచ్చితంగా సరిపోలలేదు. ఈ {n} పథకం(లు) నిర్దిష్ట వర్గాల వారికి మాత్రమే – మీకు వర్తిస్తుందో చూడండి ({total} లో {a}–{b}):,ഒരു പദ്ധതിയും നിങ്ങളുടെ എല്ലാ ഉത്തരങ്ങളുമായി ഉറപ്പായി പൊരുത്തപ്പെട്ടില്ല. ഈ {n} പദ്ധതി(കൾ) പ്രത്യേക വിഭാഗങ്ങൾക്ക് മാത്രം – നിങ്ങൾക്ക് ബാധകമാണോ എന്ന് നോക്കുക ({total} ൽ {a}–{b}):,କୌଣସି ଯୋଜନା ଆପଣଙ୍କ ସମସ୍ତ ଉତ୍ତର ସହ ନିଶ୍ଚିତ ଭାବେ ମେଳ ଖାଇଲା ନାହିଁ। ଏହି {n}ଟି ଯୋଜନା କେବଳ ନିର୍ଦ୍ଦିଷ୍ଟ ଗୋଷ୍ଠୀ ପାଇଁ – ଆପଣଙ୍କ ପାଇଁ ପ୍ରଯୁଜ୍ୟ କି ଦେଖନ୍ତୁ ({total}ଟି ମଧ୍ୟରୁ {a}–{b}):,कवनो योजना रउआ सगरी जवाब से पक्का मेल ना खाइल। ई {n} योजना खाली कुछ खास समूह खातिर बा – देखीं कि रउआ पर लागू होला कि ना ({total} में से {a}–{b}):,कोनो योजना अहाँक सभ उत्तरसँ पक्का मेल नहि खेलक। ई {n} योजना मात्र किछु खास समूहक लेल अछि – देखू जे अहाँ पर लागू होइत अछि वा नहि ({total} मे सँ {a}–{b}):,કોઈ યોજના તમારા બધા જવાબો સાથે ચોક્કસ મેળ ખાતી નથી. આ {n} યોજના(ઓ) ફક્ત ચોક્કસ જૂથો માટે છે – તમને લાગુ પડે છે કે નહીં તે જુઓ ({total} માંથી {a}–{b}):,कोणतीही योजना तुमच्या सर्व उत्तरांशी नक्की जुळली नाही. या {n} योजना फक्त विशिष्ट गटांसाठी आहेत – तुम्हाला लागू होते का ते पहा ({total} पैकी {a}–{b}):,ਕੋਈ ਯੋਜਨਾ ਤੁਹਾਡੇ ਸਾਰੇ ਜਵਾਬਾਂ ਨਾਲ ਪੱਕੀ ਤਰ੍ਹਾਂ ਮੇਲ ਨਹੀਂ ਖਾਂਦੀ। ਇਹ {n} ਯੋਜਨਾਵਾਂ ਸਿਰਫ਼ ਖ਼ਾਸ ਸਮੂਹਾਂ ਲਈ ਹਨ – ਦੇਖੋ ਕਿ ਕੀ ਤੁਹਾਡੇ 'ਤੇ ਲਾਗੂ ਹੁੰਦੀ ਹੈ ({total} ਵਿੱਚੋਂ {a}–{b}):
results_none,,,I could not find a scheme in our list that matches all your answers. You can change your answers or explore https://scholarships.gov.in/,आपके सभी जवाबों से मेल खाती कोई योजना हमारी सूची में नहीं मिली। आप अपने जवाब बदल सकते हैं या https://scholarships.gov.in/ पर देख सकते हैं।,আপনার সব উত্তরের সাথে মেলে এমন কোনো প্রকল্প আমাদের তালিকায় পাওয়া যায়নি। আপনি উত্তর বদলাতে পারেন বা https://scholarships.gov.in/ দেখতে পারেন।,আপোনাৰ সকলো উত্তৰৰ লগত মিলা কোনো আঁচনি আমাৰ তালিকাত পোৱা নগ'ল। আপুনি উত্তৰ সলনি কৰিব পাৰে বা https://scholarships.gov.in/ চাব পাৰে।,ನಿಮ್ಮ ಎಲ್ಲಾ ಉತ್ತರಗಳಿಗೆ ಹೊಂದುವ ಯೋಜನೆ ನಮ್ಮ ಪಟ್ಟಿಯಲ್ಲಿ ಸಿಗಲಿಲ್ಲ. ನೀವು ಉತ್ತರಗಳನ್ನು ಬದಲಾಯಿಸಬಹುದು ಅಥವಾ https://scholarships.gov.in/ ನೋಡಬಹುದು.,உங்கள் எல்லா பதில்களுக்கும் பொருந்தும் திட்டம் எங்கள் பட்டியலில் இல்லை. பதில்களை மாற்றலாம் அல்லது https://scholarships.gov.in/ பார்க்கலாம்.,మీ అన్ని జవాబులకు సరిపోయే పథకం మా జాబితాలో దొరకలేదు. మీరు జవాబులు మార్చవచ్చు లేదా https://scholarships.gov.in/ చూడవచ్చు.,നിങ്ങളുടെ എല്ലാ ഉത്തരങ്ങളുമായി പൊരുത്തപ്പെടുന്ന പദ്ധതി ഞങ്ങളുടെ പട്ടികയിൽ ഇല്ല. ഉത്തരങ്ങൾ മാറ്റാം അല്ലെങ്കിൽ https://scholarships.gov.in/ കാണാം.,ଆପଣଙ୍କ ସମସ୍ତ ଉତ୍ତର ସହ ମେଳ ଖାଉଥିବା କୌଣସି ଯୋଜନା ଆମ ତାଲିକାରେ ମିଳିଲା ନାହିଁ। ଆପଣ ଉତ୍ତର ବଦଳାଇପାରିବେ କିମ୍ବା https://scholarships.gov.in/ ଦେଖିପାରିବେ।,रउआ सगरी जवाब से मेल खाए वाला कवनो योजना हमनी के सूची में ना मिलल। रउआ जवाब बदल सकीले भा https://scholarships.gov.in/ देख सकीले।,अहाँक सभ उत्तरसँ मेल खाइत कोनो योजना हमर सूचीमे नहि भेटल। अहाँ उत्तर बदलि सकैत छी वा https://scholarships.gov.in/ देखि सकैत छी।,તમારા બધા જવાબો સાથે મેળ ખાતી કોઈ યોજના અમારી યાદીમાં મળી નથી. તમે જવાબો બદલી શકો છો અથવા https://scholarships.gov.in/ જોઈ શકો છો.,तुमच्या सर्व उत्तरांशी जुळणारी योजना आमच्या यादीत मिळाली नाही. तुम्ही उत्तरे बदलू शकता किंवा https://scholarships.gov.in/ पाहू शकता.,ਤੁਹਾਡੇ ਸਾਰੇ ਜਵਾਬਾਂ ਨਾਲ ਮੇਲ ਖਾਂਦੀ ਕੋਈ ਯੋਜਨਾ ਸਾਡੀ ਸੂਚੀ ਵਿੱਚ ਨਹੀਂ ਮਿਲੀ। ਤੁਸੀਂ ਜਵਾਬ ਬਦਲ ਸਕਦੇ ਹੋ ਜਾਂ https://scholarships.gov.in/ ਦੇਖ ਸਕਦੇ ਹੋ।
list_tap,,,Tap a scheme (or type its number) to see details.,विवरण देखने के लिए योजना पर टैप करें (या उसका नंबर लिखें)।,বিস্তারিত দেখতে প্রকল্পে ট্যাপ করুন (বা তার নম্বর লিখুন)।,বিতং চাবলৈ আঁচনিত টেপ কৰক (বা তাৰ নম্বৰ লিখক)।,ವಿವರಗಳಿಗಾಗಿ ಯೋಜನೆಯನ್ನು ಟ್ಯಾಪ್ ಮಾಡಿ (ಅಥವಾ ಅದರ ಸಂಖ್ಯೆ ಬರೆಯಿರಿ).,விவரங்களைப் பார்க்க திட்டத்தைத் தட்டவும் (அல்லது அதன் எண்ணை எழுதவும்).,వివరాల కోసం పథకాన్ని నొక్కండి (లేదా దాని నంబర్ టైప్ చేయండి).,വിശദാംശങ്ങൾക്ക് പദ്ധതിയിൽ ടാപ്പ് ചെയ്യുക (അല്ലെങ്കിൽ അതിന്റെ നമ്പർ ടൈപ്പ് ചെയ്യുക).,ବିବରଣୀ ଦେଖିବାକୁ ଯୋଜନା ଟ୍ୟାପ୍ କରନ୍ତୁ (କିମ୍ବା ତାହାର ନମ୍ବର ଲେଖନ୍ତୁ)।,जानकारी देखे खातिर योजना पर टैप करीं (भा ओकर नंबर लिखीं)।,विवरण देखबाक लेल योजना पर टैप करू (वा ओकर नंबर लिखू)।,વિગતો જોવા માટે યોજના પર ટૅપ કરો (અથવા તેનો નંબર લખો).,तपशील पाहण्यासाठी योजनेवर टॅप करा (किंवा तिचा क्रमांक लिहा).,ਵੇਰਵੇ ਦੇਖਣ ਲਈ ਯੋਜਨਾ 'ਤੇ ਟੈਪ ਕਰੋ (ਜਾਂ ਉਸਦਾ ਨੰਬਰ ਲਿਖੋ)।
check_section,,,Only for specific groups – check eligibility,केवल खास समूहों के लिए – पात्रता जाँचें,শুধু নির্দিষ্ট গোষ্ঠীর জন্য – যোগ্যতা যাচাই করুন,কেৱল নিৰ্দিষ্ট গোটৰ বাবে – যোগ্যতা পৰীক্ষা কৰক,ನಿರ್ದಿಷ್ಟ ಗುಂಪುಗಳಿಗೆ ಮಾತ್ರ – ಅರ್ಹತೆ ಪರಿಶೀಲಿಸಿ,குறிப்பிட்ட குழுக்களுக்கு மட்டும் – தகுதியைச் சரிபார்க்கவும்,నిర్దిష్ట వర్గాలకు మాత్రమే – అర్హత తనిఖీ చేయండి,പ്രത്യേക വിഭാഗങ്ങൾക്ക് മാത്രം – യോഗ്യത പരിശോധിക്കുക,କେବଳ ନିର୍ଦ୍ଦିଷ୍ଟ ଗୋଷ୍ଠୀ ପାଇଁ – ଯୋଗ୍ୟତା ଯାଞ୍ଚ କରନ୍ତୁ,खाली खास समूह खातिर – पात्रता जाँचीं,मात्र खास समूहक लेल – पात्रता जाँचू,ફક્ત ચોક્કસ જૂથો માટે – પાત્રતા તપાસો,फक्त विशिष्ट गटांसाठी – पात्रता तपासा,ਸਿਰਫ਼ ਖ਼ਾਸ ਸਮੂਹਾਂ ਲਈ – ਯੋਗਤਾ ਜਾਂਚੋ
only_for,,,Only for: {groups},केवल: {groups},শুধু: {groups},কেৱল: {groups},ಇವರಿಗೆ ಮಾತ್ರ: {groups},இவர்களுக்கு மட்டும்: {groups},వీరికి మాత్రమే: {groups},ഇവർക്ക് മാത്രം: {groups},କେବଳ: {groups},खाली: {groups},मात्र: {groups},ફક્ત: {groups},फक्त: {groups},ਸਿਰਫ਼: {groups}
check_elig,,,check eligibility,पात्रता जाँचें,যোগ্যতা যাচাই করুন,যোগ্যতা পৰীক্ষা কৰক,ಅರ್ಹತೆ ಪರಿಶೀಲಿಸಿ,தகுதியைச் சரிபார்க்கவும்,అర్హత తనిఖీ చేయండి,യോഗ്യത പരിശോധിക്കുക,ଯୋଗ୍ୟତା ଯାଞ୍ଚ କରନ୍ତୁ,पात्रता जाँचीं,पात्रता जाँचू,પાત્રતા તપાસો,पात्रता तपासा,ਯੋਗਤਾ ਜਾਂਚੋ
central,,,Central,केंद्रीय,কেন্দ্রীয়,কেন্দ্ৰীয়,ಕೇಂದ್ರ,மத்திய அரசு,కేంద్ర,കേന്ദ്ര,କେନ୍ଦ୍ରୀୟ,केंद्रीय,केंद्रीय,કેન્દ્રીય,केंद्रीय,ਕੇਂਦਰੀ
results_foot,,,ℹ️ This list is based only on your answers and the Scholarship Eligibility Rule V3.0. Final eligibility is decided by the scheme's department when you apply.,ℹ️ यह सूची केवल आपके जवाबों और छात्रवृत्ति पात्रता नियम V3.0 पर आधारित है। अंतिम पात्रता आवेदन करने पर योजना का विभाग तय करता है।,ℹ️ এই তালিকা শুধু আপনার উত্তর এবং বৃত্তি যোগ্যতা নিয়ম V3.0-এর উপর ভিত্তি করে। আবেদন করার পর চূড়ান্ত যোগ্যতা প্রকল্পের বিভাগ ঠিক করবে।,ℹ️ এই তালিকা কেৱল আপোনাৰ উত্তৰ আৰু বৃত্তি যোগ্যতা নিয়ম V3.0 ৰ ওপৰত ভিত্তি কৰি। আবেদন কৰাৰ পিছত চূড়ান্ত যোগ্যতা আঁচনিৰ বিভাগে নিৰ্ধাৰণ কৰিব।,ℹ️ ಈ ಪಟ್ಟಿ ನಿಮ್ಮ ಉತ್ತರಗಳು ಮತ್ತು ವಿದ್ಯಾರ್ಥಿವೇತನ ಅರ್ಹತಾ ನಿಯಮ V3.0 ಆಧಾರಿತ ಮಾತ್ರ. ಅರ್ಜಿ ಸಲ್ಲಿಸಿದ ನಂತರ ಅಂತಿಮ ಅರ್ಹತೆಯನ್ನು ಯೋಜನೆಯ ಇಲಾಖೆ ನಿರ್ಧರಿಸುತ್ತದೆ.,ℹ️ இந்தப் பட்டியல் உங்கள் பதில்கள் மற்றும் உதவித்தொகை தகுதி விதி V3.0 அடிப்படையில் மட்டுமே. விண்ணப்பித்த பிறகு இறுதித் தகுதியைத் திட்டத்தின் துறை முடிவு செய்யும்.,ℹ️ ఈ జాబితా మీ జవాబులు మరియు స్కాలర్‌షిప్ అర్హత నియమం V3.0 ఆధారంగా మాత్రమే. దరఖాస్తు చేసిన తర్వాత తుది అర్హతను పథకం శాఖ నిర్ణయిస్తుంది.,ℹ️ ഈ പട്ടിക നിങ്ങളുടെ ഉത്തരങ്ങളും സ്കോളർഷിപ്പ് യോഗ്യതാ നിയമം V3.0 ഉം മാത്രം അടിസ്ഥാനമാക്കിയുള്ളതാണ്. അപേക്ഷിച്ച ശേഷം അന്തിമ യോഗ്യത പദ്ധതിയുടെ വകുപ്പ് തീരുമാനിക്കും.,ℹ️ ଏହି ତାଲିକା କେବଳ ଆପଣଙ୍କ ଉତ୍ତର ଏବଂ ଛାତ୍ରବୃତ୍ତି ଯୋଗ୍ୟତା ନିୟମ V3.0 ଉପରେ ଆଧାରିତ। ଆବେଦନ କରିବା ପରେ ଚୂଡ଼ାନ୍ତ ଯୋଗ୍ୟତା ଯୋଜନାର ବିଭାଗ ସ୍ଥିର କରିବ।,ℹ️ ई सूची खाली रउआ जवाब आ छात्रवृत्ति पात्रता नियम V3.0 पर आधारित बा। आवेदन कइला पर आखिरी पात्रता योजना के विभाग तय करी।,ℹ️ ई सूची मात्र अहाँक उत्तर आ छात्रवृत्ति पात्रता नियम V3.0 पर आधारित अछि। आवेदन केलाक बाद अंतिम पात्रता योजनाक विभाग तय करत।,ℹ️ આ યાદી ફક્ત તમારા જવાબો અને શિષ્યવૃત્તિ પાત્રતા નિયમ V3.0 પર આધારિત છે. અરજી કર્યા પછી અંતિમ પાત્રતા યોજનાનો વિભાગ નક્કી કરશે.,ℹ️ ही यादी फक्त तुमची उत्तरे आणि शिष्यवृत्ती पात्रता नियम V3.0 वर आधारित आहे. अर्ज केल्यानंतर अंतिम पात्रता योजनेचा विभाग ठरवेल.,ℹ️ ਇਹ ਸੂਚੀ ਸਿਰਫ਼ ਤੁਹਾਡੇ ਜਵਾਬਾਂ ਅਤੇ ਵਜ਼ੀਫ਼ਾ ਯੋਗਤਾ ਨਿਯਮ V3.0 'ਤੇ ਆਧਾਰਿਤ ਹੈ। ਅਰਜ਼ੀ ਦੇਣ ਤੋਂ ਬਾਅਦ ਅੰਤਿਮ ਯੋਗਤਾ ਯੋਜਨਾ ਦਾ ਵਿਭਾਗ ਤੈਅ ਕਰੇਗਾ।
no_more,,,That was the full list.,पूरी सूची दिखा दी गई है।,পুরো তালিকা দেখানো হয়েছে।,সম্পূৰ্ণ তালিকা দেখুওৱা হ'ল।,ಸಂಪೂರ್ಣ ಪಟ್ಟಿ ತೋರಿಸಲಾಗಿದೆ.,முழுப் பட்டியலும் காட்டப்பட்டது.,పూర్తి జాబితా చూపించబడింది.,മുഴുവൻ പട്ടികയും കാണിച്ചു.,ସମ୍ପୂର୍ଣ୍ଣ ତାଲିକା ଦେଖାଯାଇଛି।,पूरा सूची देखा दिहल गइल।,पूरा सूची देखाओल गेल।,આખી યાદી બતાવી દીધી છે.,संपूर्ण यादी दाखवली आहे.,ਪੂਰੀ ਸੂਚੀ ਦਿਖਾ ਦਿੱਤੀ ਗਈ ਹੈ।
grp_disability,,,students with disabilities,दिव्यांग विद्यार्थी,প্রতিবন্ধী ছাত্রছাত্রী,দিব্যাংগ ছাত্ৰ-ছাত্ৰী,ಅಂಗವಿಕಲ ವಿದ್ಯಾರ್ಥಿಗಳು,மாற்றுத்திறனாளி மாணவர்கள்,దివ్యాంగ విద్యార్థులు,ഭിന്നശേഷിയുള്ള വിദ്യാർത്ഥികൾ,ଭିନ୍ନକ୍ଷମ ଛାତ୍ରଛାତ୍ରୀ,दिव्यांग विद्यार्थी,दिव्यांग विद्यार्थी,દિવ્યાંગ વિદ્યાર્થીઓ,दिव्यांग विद्यार्थी,ਦਿਵਿਆਂਗ ਵਿਦਿਆਰਥੀ
grp_farmer,,,farmer families,किसान परिवार,কৃষক পরিবার,কৃষক পৰিয়াল,ರೈತ ಕುಟುಂಬಗಳು,விவசாயக் குடும்பங்கள்,రైతు కుటుంబాలు,കർഷക കുടുംബങ്ങൾ,କୃଷକ ପରିବାର,किसान परिवार,किसान परिवार,ખેડૂત પરિવારો,शेतकरी कुटुंबे,ਕਿਸਾਨ ਪਰਿਵਾਰ
grp_workers,,,children of specific workers,खास कामगारों के बच्चे,নির্দিষ্ট শ্রমিকদের সন্তান,নিৰ্দিষ্ট শ্ৰমিকৰ সন্তান,ನಿರ್ದಿಷ್ಟ ಕಾರ್ಮಿಕರ ಮಕ್ಕಳು,குறிப்பிட்ட தொழிலாளர்களின் குழந்தைகள்,నిర్దిష్ట కార్మికుల పిల్లలు,പ്രത്യേക തൊഴിലാളികളുടെ മക്കൾ,ନିର୍ଦ୍ଦିଷ୍ଟ ଶ୍ରମିକଙ୍କ ସନ୍ତାନ,खास मजदूर लोग के बच्चा,खास मजदूरक बच्चा,ચોક્કસ કામદારોના બાળકો,विशिष्ट कामगारांची मुले,ਖ਼ਾਸ ਮਜ਼ਦੂਰਾਂ ਦੇ ਬੱਚੇ
grp_defence,,,armed forces / police families,सेना / पुलिस परिवार,সেনা / পুলিশ পরিবার,সেনা / আৰক্ষী পৰিয়াল,ಸೇನೆ / ಪೊಲೀಸ್ ಕುಟುಂಬಗಳು,ராணுவ / காவல் குடும்பங்கள்,సైన్యం / పోలీసు కుటుంబాలు,സൈനിക / പോലീസ് കുടുംബങ്ങൾ,ସେନା / ପୋଲିସ ପରିବାର,सेना / पुलिस परिवार,सेना / पुलिस परिवार,સેના / પોલીસ પરિવારો,सैन्य / पोलीस कुटुंबे,ਫ਼ੌਜ / ਪੁਲਿਸ ਪਰਿਵਾਰ
grp_school,,,students of specific schools,खास स्कूलों के विद्यार्थी,নির্দিষ্ট স্কুলের ছাত্রছাত্রী,নিৰ্দিষ্ট বিদ্যালয়ৰ ছাত্ৰ-ছাত্ৰী,ನಿರ್ದಿಷ್ಟ ಶಾಲೆಗಳ ವಿದ್ಯಾರ್ಥಿಗಳು,குறிப்பிட்ட பள்ளி மாணவர்கள்,నిర్దిష్ట పాఠశాలల విద్యార్థులు,പ്രത്യേക സ്കൂളുകളിലെ വിദ്യാർത്ഥികൾ,ନିର୍ଦ୍ଦିଷ୍ଟ ବିଦ୍ୟାଳୟର ଛାତ୍ରଛାତ୍ରୀ,खास स्कूल के विद्यार्थी,खास स्कूलक विद्यार्थी,ચોક્કસ શાળાઓના વિદ્યાર્થીઓ,विशिष्ट शाळांचे विद्यार्थी,ਖ਼ਾਸ ਸਕੂਲਾਂ ਦੇ ਵਿਦਿਆਰਥੀ
grp_orphan,,,orphans / PM CARES children,अनाथ / PM CARES बच्चे,অনাথ / PM CARES শিশু,অনাথ / PM CARES শিশু,ಅನಾಥರು / PM CARES ಮಕ್ಕಳು,ஆதரவற்றோர் / PM CARES குழந்தைகள்,అనాథలు / PM CARES పిల్లలు,അനാഥർ / PM CARES കുട്ടികൾ,ଅନାଥ / PM CARES ପିଲା,अनाथ / PM CARES बच्चा,अनाथ / PM CARES बच्चा,અનાથ / PM CARES બાળકો,अनाथ / PM CARES मुले,ਅਨਾਥ / PM CARES ਬੱਚੇ
grp_bpl,,,BPL families,BPL परिवार,BPL পরিবার,BPL পৰিয়াল,BPL ಕುಟುಂಬಗಳು,BPL குடும்பங்கள்,BPL కుటుంబాలు,BPL കുടുംബങ്ങൾ,BPL ପରିବାର,BPL परिवार,BPL परिवार,BPL પરિવારો,BPL कुटुंबे,BPL ਪਰਿਵਾਰ
grp_teachers,,,children of teachers,शिक्षकों के बच्चे,শিক্ষকদের সন্তান,শিক্ষকৰ সন্তান,ಶಿಕ್ಷಕರ ಮಕ್ಕಳು,ஆசிரியர்களின் குழந்தைகள்,ఉపాధ్యాయుల పిల్లలు,അധ്യാപകരുടെ മക്കൾ,ଶିକ୍ଷକଙ୍କ ସନ୍ତାନ,शिक्षक लोग के बच्चा,शिक्षकक बच्चा,શિક્ષકોના બાળકો,शिक्षकांची मुले,ਅਧਿਆਪਕਾਂ ਦੇ ਬੱਚੇ
grp_other,,,a specific group,एक खास समूह,একটি নির্দিষ্ট গোষ্ঠী,এটা নিৰ্দিষ্ট গোট,ಒಂದು ನಿರ್ದಿಷ್ಟ ಗುಂಪು,ஒரு குறிப்பிட்ட குழு,ఒక నిర్దిష్ట వర్గం,ഒരു പ്രത്യേക വിഭാഗം,ଏକ ନିର୍ଦ୍ଦିଷ୍ଟ ଗୋଷ୍ଠୀ,एगो खास समूह,एकटा खास समूह,એક ચોક્કસ જૂથ,एक विशिष्ट गट,ਇੱਕ ਖ਼ਾਸ ਸਮੂਹ
grp_income,,,family income up to {amt} a year,पारिवारिक आय {amt} प्रति वर्ष तक,বছরে {amt} পর্যন্ত পারিবারিক আয়,বছৰি {amt} লৈকে পাৰিবাৰিক আয়,ವರ್ಷಕ್ಕೆ {amt} ವರೆಗಿನ ಕುಟುಂಬ ಆದಾಯ,ஆண்டுக்கு {amt} வரை குடும்ப வருமானம்,సంవత్సరానికి {amt} వరకు కుటుంబ ఆదాయం,വർഷം {amt} വരെ കുടുംബ വരുമാനം,ବର୍ଷକୁ {amt} ପର୍ଯ୍ୟନ୍ତ ପାରିବାରିକ ଆୟ,परिवार के कमाई {amt} साल ले,पारिवारिक आमदनी {amt} प्रति वर्ष धरि,વર્ષે {amt} સુધીની કૌટુંબિક આવક,वर्षाला {amt} पर्यंत कौटुंबिक उत्पन्न,ਪਰਿਵਾਰਕ ਆਮਦਨ {amt} ਸਾਲਾਨਾ ਤੱਕ
d_type,,,Type,प्रकार,ধরন,প্ৰকাৰ,ಪ್ರಕಾರ,வகை,రకం,തരം,ପ୍ରକାର,प्रकार,प्रकार,પ્રકાર,प्रकार,ਕਿਸਮ
d_benefit,,,Benefit,लाभ,সুবিধা,সুবিধা,ಲಾಭ,பலன்,ప్రయోజనం,ആനുകൂല്യം,ସୁବିଧା,लाभ,लाभ,લાભ,लाभ,ਲਾਭ
d_stage,,,Education stage,शिक्षा स्तर,শিক্ষার স্তর,শিক্ষাৰ স্তৰ,ಶಿಕ್ಷಣ ಹಂತ,கல்வி நிலை,విద్యా స్థాయి,വിദ്യാഭ്യാസ ഘട്ടം,ଶିକ୍ଷା ସ୍ତର,पढ़ाई के स्तर,शिक्षाक स्तर,શિક્ષણ સ્તર,शिक्षणाचा टप्पा,ਸਿੱਖਿਆ ਪੱਧਰ
d_category,,,Category,श्रेणी,শ্রেণি (ক্যাটাগরি),শ্ৰেণী (কেটেগৰী),ವರ್ಗ,பிரிவு,వర్గం,വിഭാഗം,ବର୍ଗ,श्रेणी,श्रेणी,શ્રેણી,प्रवर्ग,ਸ਼੍ਰੇਣੀ
d_gender,,,Gender,लिंग,লিঙ্গ,লিংগ,ಲಿಂಗ,பாலினம்,లింగం,ലിംഗം,ଲିଙ୍ଗ,लिंग,लिंग,લિંગ,लिंग,ਲਿੰਗ
d_income,,,Family income,पारिवारिक आय,পারিবারিক আয়,পাৰিবাৰিক আয়,ಕುಟುಂಬದ ಆದಾಯ,குடும்ப வருமானம்,కుటుంబ ఆదాయం,കുടുംബ വരുമാനം,ପାରିବାରିକ ଆୟ,परिवार के आमदनी,परिवारक आय,પારિવારિક આવક,कौटुंबिक उत्पन्न,ਪਰਿਵਾਰਕ ਆਮਦਨ
d_income_upto,,,up to {amt} a year,{amt} प्रति वर्ष तक,বছরে {amt} পর্যন্ত,বছৰি {amt} লৈকে,ವರ್ಷಕ್ಕೆ {amt} ವರೆಗೆ,ஆண்டுக்கு {amt} வரை,సంవత్సరానికి {amt} వరకు,വർഷം {amt} വരെ,ବର୍ଷକୁ {amt} ପର୍ଯ୍ୟନ୍ତ,{amt} सालाना ले,{amt} प्रति वर्ष धरि,વાર્ષિક {amt} સુધી,वार्षिक {amt} पर्यंत,ਸਾਲਾਨਾ {amt} ਤੱਕ
d_age,,,Age,आयु,বয়স,বয়স,ವಯಸ್ಸು,வயது,వయస్సు,പ്രായം,ବୟସ,उमिर,आयु,ઉંમર,वय,ਉਮਰ
d_domicile,,,State / domicile,राज्य / निवास,রাজ্য / বাসস্থান,ৰাজ্য / বাসস্থান,ರಾಜ್ಯ / ವಾಸಸ್ಥಳ,மாநிலம் / இருப்பிடம்,రాష్ట్రం / నివాసం,സംസ്ഥാനം / താമസം,ରାଜ୍ୟ / ବାସସ୍ଥାନ,राज्य / निवास,राज्य / निवास,રાજ્ય / રહેઠાણ,राज्य / अधिवास,ਰਾਜ / ਨਿਵਾਸ
d_only_for,,,Only for,केवल इनके लिए,শুধু এদের জন্য,কেৱল এওঁলোকৰ বাবে,ಇವರಿಗೆ ಮಾತ್ರ,இவர்களுக்கு மட்டும்,వీరికి మాత్రమే,ഇവർക്ക് മാത്രം,କେବଳ ଏମାନଙ୍କ ପାଇଁ,खाली एह लोग खातिर,मात्र हिनका लोकनिक लेल,ફક્ત આમના માટે,फक्त यांच्यासाठी,ਸਿਰਫ਼ ਇਹਨਾਂ ਲਈ
d_other,,,Other conditions,अन्य शर्तें,অন্যান্য শর্ত,অন্যান্য চৰ্ত,ಇತರ ಷರತ್ತುಗಳು,பிற நிபந்தனைகள்,ఇతర షరతులు,മറ്റ് നിബന്ധനകൾ,ଅନ୍ୟାନ୍ୟ ସର୍ତ୍ତ,दोसर शर्त,आन शर्त,અન્ય શરતો,इतर अटी,ਹੋਰ ਸ਼ਰਤਾਂ
d_deadline,,,Last date,अंतिम तिथि,শেষ তারিখ,শেষ তাৰিখ,ಕೊನೆಯ ದಿನಾಂಕ,கடைசி தேதி,చివరి తేదీ,അവസാന തീയതി,ଶେଷ ତାରିଖ,आखिरी तारीख,अंतिम तिथि,છેલ્લી તારીખ,शेवटची तारीख,ਆਖ਼ਰੀ ਮਿਤੀ
d_link,,,More info / apply,जानकारी / आवेदन,আরও তথ্য / আবেদন,অধিক তথ্য / আবেদন,ಹೆಚ್ಚಿನ ಮಾಹಿತಿ / ಅರ್ಜಿ,மேலும் தகவல் / விண்ணப்பம்,మరింత సమాచారం / దరఖాస్తు,കൂടുതൽ വിവരം / അപേക്ഷ,ଅଧିକ ତଥ୍ୟ / ଆବେଦନ,जानकारी / आवेदन,जानकारी / आवेदन,વધુ માહિતી / અરજી,अधिक माहिती / अर्ज,ਹੋਰ ਜਾਣਕਾਰੀ / ਅਰਜ਼ੀ
d_inferred,,,from scheme name – please verify,योजना के नाम से – कृपया जाँचें,প্রকল্পের নাম থেকে – যাচাই করুন,আঁচনিৰ নামৰ পৰা – পৰীক্ষা কৰক,ಯೋಜನೆಯ ಹೆಸರಿನಿಂದ – ದಯವಿಟ್ಟು ಪರಿಶೀಲಿಸಿ,திட்டப் பெயரிலிருந்து – சரிபார்க்கவும்,పథకం పేరు ఆధారంగా – దయచేసి తనిఖీ చేయండి,പദ്ധതിയുടെ പേരിൽ നിന്ന് – ദയവായി പരിശോധിക്കുക,ଯୋଜନା ନାମରୁ – ଦୟାକରି ଯାଞ୍ଚ କରନ୍ତୁ,योजना के नाम से – जाँच लीं,योजनाक नामसँ – कृपया जाँचू,યોજનાના નામ પરથી – કૃપા કરી તપાસો,योजनेच्या नावावरून – कृपया तपासा,ਯੋਜਨਾ ਦੇ ਨਾਮ ਤੋਂ – ਕਿਰਪਾ ਕਰਕੇ ਜਾਂਚੋ
d_description,,,Description,विवरण,বিবরণ,বিৱৰণ,ವಿವರಣೆ,விளக்கம்,వివరణ,വിവരണം,ବିବରଣୀ,विवरण,विवरण,વર્ણન,वर्णन,ਵੇਰਵਾ
d_eligibility,,,Eligibility,पात्रता,যোগ্যতা,যোগ্যতা,ಅರ್ಹತೆ,தகுதி,అర్హత,യോഗ്യത,ଯୋଗ୍ୟତା,पात्रता,पात्रता,પાત્રતા,पात्रता,ਯੋਗਤਾ
d_docs_short,,,Required documents,ज़रूरी दस्तावेज़,প্রয়োজনীয় নথি,প্ৰয়োজনীয় নথি,ಅಗತ್ಯ ದಾಖಲೆಗಳು,தேவையான ஆவணங்கள்,కావలసిన పత్రాలు,ആവശ്യമായ രേഖകൾ,ଆବଶ୍ୟକ ଦସ୍ତାବିଜ,जरूरी कागजात,आवश्यक कागजात,જરૂરી દસ્તાવેજો,आवश्यक कागदपत्रे,ਲੋੜੀਂਦੇ ਦਸਤਾਵੇਜ਼
d_apply,,,Application,आवेदन,আবেদন,আবেদন,ಅರ್ಜಿ,விண்ணப்பம்,దరఖాస్తు,അപേക്ഷ,ଆବେଦନ,आवेदन,आवेदन,અરજી,अर्ज,ਅਰਜ਼ੀ
see_site,,,See official site,आधिकारिक साइट देखें,অফিসিয়াল সাইট দেখুন,চৰকাৰী ছাইট চাওক,ಅಧಿಕೃತ ಸೈಟ್ ನೋಡಿ,அதிகாரப்பூர்வ தளத்தைப் பார்க்கவும்,అధికారిక సైట్ చూడండి,ഔദ്യോഗിക സൈറ്റ് കാണുക,ସରକାରୀ ସାଇଟ୍ ଦେଖନ୍ତୁ,सरकारी साइट देखीं,सरकारी साइट देखू,સત્તાવાર સાઇટ જુઓ,अधिकृत साइट पाहा,ਸਰਕਾਰੀ ਸਾਈਟ ਦੇਖੋ
more_details,,,More details,और जानकारी,আরও তথ্য,অধিক তথ্য,ಹೆಚ್ಚಿನ ವಿವರಗಳು,மேலும் விவரங்கள்,మరిన్ని వివరాలు,കൂടുതൽ വിവരങ്ങൾ,ଅଧିକ ତଥ୍ୟ,अउर जानकारी,आओर जानकारी,વધુ વિગતો,अधिक माहिती,ਹੋਰ ਜਾਣਕਾਰੀ
na,,,Not available – check official site,उपलब्ध नहीं – आधिकारिक साइट देखें,পাওয়া যায়নি – অফিসিয়াল সাইট দেখুন,উপলব্ধ নহয় – চৰকাৰী ছাইট চাওক,ಲಭ್ಯವಿಲ್ಲ – ಅಧಿಕೃತ ಸೈಟ್ ನೋಡಿ,கிடைக்கவில்லை – அதிகாரப்பூர்வ தளத்தைப் பார்க்கவும்,అందుబాటులో లేదు – అధికారిక సైట్ చూడండి,ലഭ്യമല്ല – ഔദ്യോഗിക സൈറ്റ് കാണുക,ଉପଲବ୍ଧ ନାହିଁ – ସରକାରୀ ସାଇଟ୍ ଦେଖନ୍ତୁ,उपलब्ध नइखे – आधिकारिक साइट देखीं,उपलब्ध नहि – आधिकारिक साइट देखू,ઉપલબ્ધ નથી – સત્તાવાર સાઇટ જુઓ,उपलब्ध नाही – अधिकृत साइट पहा,ਉਪਲਬਧ ਨਹੀਂ – ਸਰਕਾਰੀ ਸਾਈਟ ਦੇਖੋ
link_unverified,,,link not verified – search the scheme name on the official site,लिंक सत्यापित नहीं – आधिकारिक साइट पर योजना का नाम खोजें,লিংক যাচাই হয়নি – অফিসিয়াল সাইটে প্রকল্পের নাম খুঁজুন,লিংক পৰীক্ষিত নহয় – চৰকাৰী ছাইটত আঁচনিৰ নাম বিচাৰক,ಲಿಂಕ್ ಪರಿಶೀಲಿಸಿಲ್ಲ – ಅಧಿಕೃತ ಸೈಟ್‌ನಲ್ಲಿ ಯೋಜನೆಯ ಹೆಸರು ಹುಡುಕಿ,இணைப்பு சரிபார்க்கப்படவில்லை – அதிகாரப்பூர்வ தளத்தில் திட்டப் பெயரைத் தேடவும்,లింక్ ధృవీకరించబడలేదు – అధికారిక సైట్‌లో పథకం పేరు వెతకండి,ലിങ്ക് പരിശോധിച്ചിട്ടില്ല – ഔദ്യോഗിക സൈറ്റിൽ പദ്ധതിയുടെ പേര് തിരയുക,ଲିଙ୍କ ଯାଞ୍ଚ ହୋଇନାହିଁ – ସରକାରୀ ସାଇଟରେ ଯୋଜନା ନାମ ଖୋଜନ୍ତୁ,लिंक जाँचल नइखे – आधिकारिक साइट पर योजना के नाम खोजीं,लिंक जाँचल नहि – आधिकारिक साइट पर योजनाक नाम खोजू,લિંક ચકાસાયેલ નથી – સત્તાવાર સાઇટ પર યોજનાનું નામ શોધો,लिंक तपासलेली नाही – अधिकृत साइटवर योजनेचे नाव शोधा,ਲਿੰਕ ਜਾਂਚਿਆ ਨਹੀਂ – ਸਰਕਾਰੀ ਸਾਈਟ 'ਤੇ ਯੋਜਨਾ ਦਾ ਨਾਮ ਖੋਜੋ
guidance,,,ℹ️ This is guidance only – verify on the official site before applying.,ℹ️ यह केवल मार्गदर्शन है – आवेदन से पहले आधिकारिक साइट पर जाँच लें।,ℹ️ এটি শুধু পথনির্দেশ – আবেদনের আগে অফিসিয়াল সাইটে যাচাই করুন।,ℹ️ এইটো কেৱল দিশ-নিৰ্দেশনা – আবেদনৰ আগতে চৰকাৰী ছাইটত পৰীক্ষা কৰক।,ℹ️ ಇದು ಕೇವಲ ಮಾರ್ಗದರ್ಶನ – ಅರ್ಜಿ ಸಲ್ಲಿಸುವ ಮೊದಲು ಅಧಿಕೃತ ಸೈಟ್‌ನಲ್ಲಿ ಪರಿಶೀಲಿಸಿ.,ℹ️ இது வழிகாட்டுதல் மட்டுமே – விண்ணப்பிக்கும் முன் அதிகாரப்பூர்வ தளத்தில் சரிபார்க்கவும்.,ℹ️ ఇది మార్గదర్శనం మాత్రమే – దరఖాస్తు చేసే ముందు అధికారిక సైట్‌లో తనిఖీ చేయండి.,ℹ️ ഇത് മാർഗ്ഗനിർദ്ദേശം മാത്രമാണ് – അപേക്ഷിക്കുന്നതിന് മുമ്പ് ഔദ്യോഗിക സൈറ്റിൽ പരിശോധിക്കുക.,ℹ️ ଏହା କେବଳ ମାର୍ଗଦର୍ଶନ – ଆବେଦନ ପୂର୍ବରୁ ସରକାରୀ ସାଇଟରେ ଯାଞ୍ଚ କରନ୍ତୁ।,ℹ️ ई खाली मार्गदर्शन ह – आवेदन से पहिले आधिकारिक साइट पर जाँच लीं।,ℹ️ ई मात्र मार्गदर्शन अछि – आवेदनसँ पहिने आधिकारिक साइट पर जाँचि लिअ।,ℹ️ આ ફક્ત માર્ગદર્શન છે – અરજી કરતા પહેલા સત્તાવાર સાઇટ પર ચકાસો.,ℹ️ हे फक्त मार्गदर्शन आहे – अर्ज करण्यापूर्वी अधिकृत साइटवर तपासा.,ℹ️ ਇਹ ਸਿਰਫ਼ ਮਾਰਗਦਰਸ਼ਨ ਹੈ – ਅਰਜ਼ੀ ਦੇਣ ਤੋਂ ਪਹਿਲਾਂ ਸਰਕਾਰੀ ਸਾਈਟ 'ਤੇ ਜਾਂਚ ਕਰੋ।
o_more,20,WhatsApp button title (max 20 characters),More schemes,और योजनाएँ,আরও প্রকল্প,অধিক আঁচনি,ಇನ್ನಷ್ಟು ಯೋಜನೆಗಳು,மேலும் திட்டங்கள்,మరిన్ని పథకాలు,കൂടുതൽ പദ്ധതികൾ,ଅଧିକ ଯୋଜନା,अउरी योजना,आओर योजना,વધુ યોજનાઓ,आणखी योजना,ਹੋਰ ਯੋਜਨਾਵਾਂ
o_back,20,WhatsApp button title (max 20 characters),Go back,पीछे जाएँ,পিছনে যান,পিছলৈ যাওক,ಹಿಂದಕ್ಕೆ,பின்செல்,వెనక్కి,പിന്നോട്ട്,ପଛକୁ ଯାଆନ୍ତୁ,पाछे जाईं,पाछाँ जाउ,પાછળ જાઓ,मागे जा,ਪਿੱਛੇ ਜਾਓ
o_back_list,20,WhatsApp button title (max 20 characters),Back to list,सूची पर वापस,তালিকায় ফিরুন,তালিকালৈ উভতি যাওক,ಪಟ್ಟಿಗೆ ಹಿಂತಿರುಗಿ,பட்டியலுக்குச் செல்,జాబితాకు వెనక్కి,പട്ടികയിലേക്ക്,ତାଲିକାକୁ ଫେରନ୍ତୁ,सूची पर लवटीं,सूची पर घुरू,યાદી પર પાછા,यादीकडे परत,ਸੂਚੀ 'ਤੇ ਵਾਪਸ
o_menu,20,WhatsApp button title (max 20 characters),Main menu,मुख्य मेनू,মূল মেনু,মূল মেনু,ಮುಖ್ಯ ಮೆನು,முதன்மை மெனு,ప్రధాన మెనూ,പ്രധാന മെനു,ମୁଖ୍ୟ ମେନୁ,मुख्य मेनू,मुख्य मेनू,મુખ્ય મેનુ,मुख्य मेनू,ਮੁੱਖ ਮੀਨੂ
o_find,20,WhatsApp button title (max 20 characters),Find scholarships,छात्रवृत्ति खोजें,বৃত্তি খুঁজুন,বৃত্তি বিচাৰক,ಸ್ಕಾಲರ್‌ಶಿಪ್ ಹುಡುಕಿ,உதவித்தொகை தேடு,స్కాలర్‌షిప్ వెతకండి,സ്കോളർഷിപ്പ് തിരയുക,ଛାତ୍ରବୃତ୍ତି ଖୋଜନ୍ତୁ,छात्रवृत्ति खोजीं,छात्रवृत्ति खोजू,શિષ્યવૃત્તિ શોધો,शिष्यवृत्ती शोधा,ਵਜ਼ੀਫ਼ਾ ਖੋਜੋ
o_my_schemes,20,WhatsApp button title (max 20 characters),See my schemes,मेरी योजनाएँ,আমার প্রকল্প,মোৰ আঁচনিসমূহ,ನನ್ನ ಯೋಜನೆಗಳು,என் திட்டங்கள்,నా పథకాలు,എന്റെ പദ്ധതികൾ,ମୋର ଯୋଜନା,हमार योजना,हमर योजना,મારી યોજનાઓ,माझ्या योजना,ਮੇਰੀਆਂ ਯੋਜਨਾਵਾਂ
o_lang,20,WhatsApp button title (max 20 characters),Language,भाषा,ভাষা,ভাষা,ಭಾಷೆ,மொழி,భాష,ഭാഷ,ଭାଷା,भाषा,भाषा,ભાષા,भाषा,ਭਾਸ਼ਾ
o_help,20,WhatsApp button title (max 20 characters),Help,मदद,সাহায্য,সহায়,ಸಹಾಯ,உதவி,సహాయం,സഹായം,ସାହାଯ୍ୟ,मदद,मदति,મદદ,मदत,ਮਦਦ
o_feedback,20,WhatsApp button title (max 20 characters),Share feedback,फीडबैक दें,মতামত দিন,মতামত দিয়ক,ಅಭಿಪ್ರಾಯ ನೀಡಿ,கருத்து தெரிவி,అభిప్రాయం ఇవ్వండి,അഭിപ്രായം നൽകുക,ମତାମତ ଦିଅନ୍ତୁ,राय दीं,राय दिअ,પ્રતિસાદ આપો,अभिप्राय द्या,ਰਾਏ ਦਿਓ
o_share_scheme,20,WhatsApp button title (max 20 characters),Share scheme,योजना शेयर करें,প্রকল্প শেয়ার করুন,আঁচনি শ্বেয়াৰ কৰক,ಯೋಜನೆ ಹಂಚಿಕೊಳ್ಳಿ,திட்டத்தைப் பகிர்,పథకం షేర్ చేయండి,പദ്ധതി പങ്കിടുക,ଯୋଜନା ସେୟାର୍ କରନ୍ତୁ,योजना शेयर करीं,योजना शेयर करू,યોજના શેર કરો,योजना शेअर करा,ਯੋਜਨਾ ਸਾਂਝੀ ਕਰੋ
o_view,20,WhatsApp button title (max 20 characters),View details,विवरण देखें,বিস্তারিত দেখুন,বিতং চাওক,ವಿವರ ನೋಡಿ,விவரம் பார்,వివరాలు చూడండి,വിശദാംശങ്ങൾ,ବିବରଣୀ ଦେଖନ୍ତୁ,विवरण देखीं,विवरण देखू,વિગતો જુઓ,तपशील पहा,ਵੇਰਵੇ ਦੇਖੋ
menu_title,,,🏠 Main menu – what would you like to do?,🏠 मुख्य मेनू – आप क्या करना चाहेंगे?,🏠 মূল মেনু – আপনি কী করতে চান?,🏠 মূল মেনু – আপুনি কি কৰিব বিচাৰে?,🏠 ಮುಖ್ಯ ಮೆನು – ನೀವು ಏನು ಮಾಡಲು ಬಯಸುತ್ತೀರಿ?,🏠 முதன்மை மெனு – நீங்கள் என்ன செய்ய விரும்புகிறீர்கள்?,🏠 ప్రధాన మెనూ – మీరు ఏమి చేయాలనుకుంటున్నారు?,🏠 പ്രധാന മെനു – നിങ്ങൾക്ക് എന്ത് ചെയ്യണം?,🏠 ମୁଖ୍ୟ ମେନୁ – ଆପଣ କ'ଣ କରିବାକୁ ଚାହୁଁଛନ୍ତି?,🏠 मुख्य मेनू – रउआ का करे के चाहत बानी?,🏠 मुख्य मेनू – अहाँ की करए चाहैत छी?,🏠 મુખ્ય મેનુ – તમે શું કરવા માંગો છો?,🏠 मुख्य मेनू – तुम्हाला काय करायचे आहे?,🏠 ਮੁੱਖ ਮੀਨੂ – ਤੁਸੀਂ ਕੀ ਕਰਨਾ ਚਾਹੁੰਦੇ ਹੋ?
help,,,"I help you find government scholarships in 2 minutes.
• Tap an option or type its number.
• BACK – previous step · MENU – main menu · HI – start again
• LANGUAGE – change language · STOP – stop messages
Your answers are used only to suggest schemes. Official portal: https://scholarships.gov.in/","मैं 2 मिनट में सरकारी छात्रवृत्तियाँ खोजने में आपकी मदद करता हूँ।
• कोई विकल्प टैप करें या उसका नंबर लिखें।
• BACK – पिछला चरण · MENU – मुख्य मेनू · HI – फिर से शुरू
• LANGUAGE – भाषा बदलें · STOP – संदेश बंद करें
आपके जवाब केवल योजनाएँ सुझाने के लिए उपयोग होते हैं। आधिकारिक पोर्टल: https://scholarships.gov.in/","আমি ২ মিনিটে সরকারি বৃত্তি খুঁজে পেতে আপনাকে সাহায্য করি।
• একটি বিকল্পে ট্যাপ করুন বা তার নম্বর লিখুন।
• BACK – আগের ধাপ · MENU – মূল মেনু · HI – আবার শুরু
• LANGUAGE – ভাষা বদলান · STOP – বার্তা বন্ধ
আপনার উত্তর শুধু প্রকল্প সুপারিশের জন্য ব্যবহার হয়। অফিসিয়াল পোর্টাল: https://scholarships.gov.in/","মই ২ মিনিটত চৰকাৰী বৃত্তি বিচাৰি উলিয়াবলৈ আপোনাক সহায় কৰোঁ।
• এটা বিকল্পত টেপ কৰক বা তাৰ নম্বৰ লিখক।
• BACK – আগৰ পদক্ষেপ · MENU – মূল মেনু · HI – পুনৰ আৰম্ভ
• LANGUAGE – ভাষা সলনি · STOP – বাৰ্তা বন্ধ
আপোনাৰ উত্তৰ কেৱল আঁচনি পৰামৰ্শৰ বাবে ব্যৱহাৰ হয়। চৰকাৰী প'ৰ্টেল: https://scholarships.gov.in/","2 ನಿಮಿಷಗಳಲ್ಲಿ ಸರ್ಕಾರಿ ವಿದ್ಯಾರ್ಥಿವೇತನಗಳನ್ನು ಹುಡುಕಲು ನಾನು ಸಹಾಯ ಮಾಡುತ್ತೇನೆ.
• ಒಂದು ಆಯ್ಕೆಯನ್ನು ಟ್ಯಾಪ್ ಮಾಡಿ ಅಥವಾ ಅದರ ಸಂಖ್ಯೆ ಬರೆಯಿರಿ.
• BACK – ಹಿಂದಿನ ಹಂತ · MENU – ಮುಖ್ಯ ಮೆನು · HI – ಮತ್ತೆ ಪ್ರಾರಂಭ
• LANGUAGE – ಭಾಷೆ ಬದಲಿಸಿ · STOP – ಸಂದೇಶ ನಿಲ್ಲಿಸಿ
ನಿಮ್ಮ ಉತ್ತರಗಳನ್ನು ಯೋಜನೆಗಳನ್ನು ಸೂಚಿಸಲು ಮಾತ್ರ ಬಳಸಲಾಗುತ್ತದೆ. ಅಧಿಕೃತ ಪೋರ್ಟಲ್: https://scholarships.gov.in/","2 நிமிடங்களில் அரசு உதவித்தொகைகளைக் கண்டறிய நான் உதவுகிறேன்.
• ஒரு விருப்பத்தைத் தட்டவும் அல்லது அதன் எண்ணை எழுதவும்.
• BACK – முந்தைய படி · MENU – முதன்மை மெனு · HI – மீண்டும் தொடங்கு
• LANGUAGE – மொழியை மாற்று · STOP – செய்திகளை நிறுத்து
உங்கள் பதில்கள் திட்டங்களைப் பரிந்துரைக்க மட்டுமே பயன்படுத்தப்படும். அதிகாரப்பூர்வ தளம்: https://scholarships.gov.in/","2 నిమిషాల్లో ప్రభుత్వ స్కాలర్‌షిప్‌లను కనుగొనడంలో నేను సహాయం చేస్తాను.
• ఒక ఆప్షన్‌ను నొక్కండి లేదా దాని నంబర్ టైప్ చేయండి.
• BACK – మునుపటి దశ · MENU – ప్రధాన మెనూ · HI – మళ్లీ ప్రారంభం
• LANGUAGE – భాష మార్చండి · STOP – సందేశాలు ఆపండి
మీ జవాబులు పథకాలను సూచించడానికి మాత్రమే ఉపయోగించబడతాయి. అధికారిక పోర్టల్: https://scholarships.gov.in/","2 മിനിറ്റിൽ സർക്കാർ സ്കോളർഷിപ്പുകൾ കണ്ടെത്താൻ ഞാൻ സഹായിക്കും.
• ഒരു ഓപ്ഷൻ ടാപ്പ് ചെയ്യുക അല്ലെങ്കിൽ അതിന്റെ നമ്പർ ടൈപ്പ് ചെയ്യുക.
• BACK – മുമ്പത്തെ ഘട്ടം · MENU – പ്രധാന മെനു · HI – വീണ്ടും തുടങ്ങുക
• LANGUAGE – ഭാഷ മാറ്റുക · STOP – സന്ദേശങ്ങൾ നിർത്തുക
നിങ്ങളുടെ ഉത്തരങ്ങൾ പദ്ധതികൾ നിർദ്ദേശിക്കാൻ മാത്രം ഉപയോഗിക്കുന്നു. ഔദ്യോഗിക പോർട്ടൽ: https://scholarships.gov.in/","ମୁଁ 2 ମିନିଟରେ ସରକାରୀ ଛାତ୍ରବୃତ୍ତି ଖୋଜିବାରେ ସାହାଯ୍ୟ କରେ।
• ଏକ ବିକଳ୍ପ ଟ୍ୟାପ୍ କରନ୍ତୁ କିମ୍ବା ତାହାର ନମ୍ବର ଲେଖନ୍ତୁ।
• BACK – ପୂର୍ବ ପର୍ଯ୍ୟାୟ · MENU – ମୁଖ୍ୟ ମେନୁ · HI – ପୁଣି ଆରମ୍ଭ
• LANGUAGE – ଭାଷା ବଦଳାନ୍ତୁ · STOP – ସନ୍ଦେଶ ବନ୍ଦ
ଆପଣଙ୍କ ଉତ୍ତର କେବଳ ଯୋଜନା ପରାମର୍ଶ ପାଇଁ ବ୍ୟବହୃତ ହୁଏ। ସରକାରୀ ପୋର୍ଟାଲ: https://scholarships.gov.in/","हम 2 मिनट में सरकारी छात्रवृत्ति खोजे में रउआ के मदद करीले।
• कवनो विकल्प टैप करीं भा ओकर नंबर लिखीं।
• BACK – पिछिला चरण · MENU – मुख्य मेनू · HI – फेर से सुरू
• LANGUAGE – भाषा बदलीं · STOP – संदेश बंद
रउआ के जवाब खाली योजना सुझावे खातिर इस्तेमाल होला। आधिकारिक पोर्टल: https://scholarships.gov.in/","हम 2 मिनटमे सरकारी छात्रवृत्ति खोजबामे अहाँक मदति करैत छी।
• कोनो विकल्प टैप करू वा ओकर नंबर लिखू।
• BACK – पछिला चरण · MENU – मुख्य मेनू · HI – फेरसँ शुरू
• LANGUAGE – भाषा बदलू · STOP – संदेश बंद
अहाँक उत्तर मात्र योजना सुझएबाक लेल उपयोग होइत अछि। आधिकारिक पोर्टल: https://scholarships.gov.in/","હું 2 મિનિટમાં સરકારી શિષ્યવૃત્તિઓ શોધવામાં તમારી મદદ કરું છું.
• કોઈ વિકલ્પ પર ટૅપ કરો અથવા તેનો નંબર લખો.
• BACK – પાછલું પગલું · MENU – મુખ્ય મેનુ · HI – ફરી શરૂ
• LANGUAGE – ભાષા બદલો · STOP – સંદેશા બંધ
તમારા જવાબો ફક્ત યોજનાઓ સૂચવવા માટે વપરાય છે. સત્તાવાર પોર્ટલ: https://scholarships.gov.in/","मी 2 मिनिटांत सरकारी शिष्यवृत्ती शोधण्यात तुमची मदत करतो.
• एखादा पर्याय टॅप करा किंवा त्याचा क्रमांक लिहा.
• BACK – मागील टप्पा · MENU – मुख्य मेनू · HI – पुन्हा सुरू
• LANGUAGE – भाषा बदला · STOP – संदेश बंद
तुमची उत्तरे फक्त योजना सुचवण्यासाठी वापरली जातात. अधिकृत पोर्टल: https://scholarships.gov.in/","ਮੈਂ 2 ਮਿੰਟਾਂ ਵਿੱਚ ਸਰਕਾਰੀ ਵਜ਼ੀਫ਼ੇ ਲੱਭਣ ਵਿੱਚ ਤੁਹਾਡੀ ਮਦਦ ਕਰਦਾ ਹਾਂ।
• ਕੋਈ ਵਿਕਲਪ ਟੈਪ ਕਰੋ ਜਾਂ ਉਸਦਾ ਨੰਬਰ ਲਿਖੋ।
• BACK – ਪਿਛਲਾ ਕਦਮ · MENU – ਮੁੱਖ ਮੀਨੂ · HI – ਮੁੜ ਸ਼ੁਰੂ
• LANGUAGE – ਭਾਸ਼ਾ ਬਦਲੋ · STOP – ਸੁਨੇਹੇ ਬੰਦ
ਤੁਹਾਡੇ ਜਵਾਬ ਸਿਰਫ਼ ਯੋਜਨਾਵਾਂ ਸੁਝਾਉਣ ਲਈ ਵਰਤੇ ਜਾਂਦੇ ਹਨ। ਸਰਕਾਰੀ ਪੋਰਟਲ: https://scholarships.gov.in/"
stopped,,,You will not get more messages from us. Reply HI any time to start again.,अब आपको हमारे संदेश नहीं मिलेंगे। फिर से शुरू करने के लिए कभी भी HI लिखें।,আপনি আর আমাদের বার্তা পাবেন না। আবার শুরু করতে যেকোনো সময় HI লিখুন।,আপুনি আৰু আমাৰ বাৰ্তা নাপাব। পুনৰ আৰম্ভ কৰিবলৈ যিকোনো সময়ত HI লিখক।,ಇನ್ನು ಮುಂದೆ ನಿಮಗೆ ನಮ್ಮ ಸಂದೇಶಗಳು ಬರುವುದಿಲ್ಲ. ಮತ್ತೆ ಪ್ರಾರಂಭಿಸಲು ಯಾವಾಗ ಬೇಕಾದರೂ HI ಬರೆಯಿರಿ.,இனி உங்களுக்கு எங்கள் செய்திகள் வராது. மீண்டும் தொடங்க எப்போது வேண்டுமானாலும் HI என எழுதவும்.,ఇకపై మీకు మా సందేశాలు రావు. మళ్లీ ప్రారంభించడానికి ఎప్పుడైనా HI అని పంపండి.,ഇനി നിങ്ങൾക്ക് ഞങ്ങളുടെ സന്ദേശങ്ങൾ ലഭിക്കില്ല. വീണ്ടും തുടങ്ങാൻ എപ്പോൾ വേണമെങ്കിലും HI അയയ്ക്കുക.,ଆପଣ ଆଉ ଆମର ସନ୍ଦେଶ ପାଇବେ ନାହିଁ। ପୁଣି ଆରମ୍ଭ କରିବାକୁ ଯେକୌଣସି ସମୟରେ HI ଲେଖନ୍ତୁ।,अब रउआ के हमनी के संदेश ना मिली। फेर से सुरू करे खातिर कबो HI लिखीं।,आब अहाँकेँ हमर संदेश नहि भेटत। फेरसँ शुरू करबाक लेल कखनो HI लिखू।,હવે તમને અમારા સંદેશા નહીં મળે. ફરી શરૂ કરવા માટે ક્યારેય પણ HI લખો.,आता तुम्हाला आमचे संदेश मिळणार नाहीत. पुन्हा सुरू करण्यासाठी कधीही HI लिहा.,ਹੁਣ ਤੁਹਾਨੂੰ ਸਾਡੇ ਸੁਨੇਹੇ ਨਹੀਂ ਮਿਲਣਗੇ। ਮੁੜ ਸ਼ੁਰੂ ਕਰਨ ਲਈ ਕਦੇ ਵੀ HI ਲਿਖੋ।
reply_number,,,Reply with a number:,नंबर भेजें:,একটি নম্বর পাঠান:,এটা নম্বৰ পঠিয়াওক:,ಒಂದು ಸಂಖ್ಯೆ ಕಳುಹಿಸಿ:,ஒரு எண்ணை அனுப்பவும்:,ఒక నంబర్ పంపండి:,ഒരു നമ്പർ അയയ്ക്കുക:,ଏକ ନମ୍ବର ପଠାନ୍ତୁ:,नंबर भेजीं:,नंबर पठाउ:,નંબર મોકલો:,क्रमांक पाठवा:,ਨੰਬਰ ਭੇਜੋ:
why,,,"Sorry if the list looked wrong 🙏 I only show schemes that match your answers:
{facts}
Schemes marked ""Only for…"" are for specific groups (for example farmer families) – check before applying. If an answer is wrong, change it below.","अगर सूची गलत लगी तो माफ़ कीजिए 🙏 मैं केवल वही योजनाएँ दिखाता हूँ जो आपके जवाबों से मेल खाती हैं:
{facts}
जिन योजनाओं पर ""केवल…"" लिखा है वे खास समूहों (जैसे किसान परिवार) के लिए हैं – आवेदन से पहले जाँच लें। अगर कोई जवाब गलत है, तो नीचे बदलें।","তালিকা ভুল মনে হলে দুঃখিত 🙏 আমি শুধু সেই প্রকল্পগুলি দেখাই যেগুলি আপনার উত্তরের সাথে মেলে:
{facts}
""শুধু…"" লেখা প্রকল্পগুলি নির্দিষ্ট গোষ্ঠীর জন্য (যেমন কৃষক পরিবার) – আবেদনের আগে যাচাই করুন। কোনো উত্তর ভুল হলে নিচে বদলান।","তালিকা ভুল যেন লাগিলে দুঃখিত 🙏 মই কেৱল আপোনাৰ উত্তৰৰ লগত মিলা আঁচনিহে দেখুৱাওঁ:
{facts}
""কেৱল…"" লিখা আঁচনিসমূহ নিৰ্দিষ্ট গোটৰ বাবে (যেনে কৃষক পৰিয়াল) – আবেদনৰ আগতে পৰীক্ষা কৰক। কোনো উত্তৰ ভুল হ'লে তলত সলনি কৰক।","ಪಟ್ಟಿ ತಪ್ಪಾಗಿ ಕಂಡರೆ ಕ್ಷಮಿಸಿ 🙏 ನಿಮ್ಮ ಉತ್ತರಗಳಿಗೆ ಹೊಂದುವ ಯೋಜನೆಗಳನ್ನು ಮಾತ್ರ ನಾನು ತೋರಿಸುತ್ತೇನೆ:
{facts}
""ಇವರಿಗೆ ಮಾತ್ರ…"" ಎಂದಿರುವ ಯೋಜನೆಗಳು ನಿರ್ದಿಷ್ಟ ಗುಂಪುಗಳಿಗೆ (ಉದಾ. ರೈತ ಕುಟುಂಬಗಳು) – ಅರ್ಜಿ ಸಲ್ಲಿಸುವ ಮೊದಲು ಪರಿಶೀಲಿಸಿ. ಯಾವುದಾದರೂ ಉತ್ತರ ತಪ್ಪಾಗಿದ್ದರೆ ಕೆಳಗೆ ಬದಲಾಯಿಸಿ.","பட்டியல் தவறாகத் தோன்றினால் மன்னிக்கவும் 🙏 உங்கள் பதில்களுக்குப் பொருந்தும் திட்டங்களை மட்டுமே நான் காட்டுகிறேன்:
{facts}
""இவர்களுக்கு மட்டும்…"" எனக் குறிக்கப்பட்ட திட்டங்கள் குறிப்பிட்ட குழுக்களுக்கானவை (எ.கா. விவசாயக் குடும்பங்கள்) – விண்ணப்பிக்கும் முன் சரிபார்க்கவும். ஏதேனும் பதில் தவறு என்றால் கீழே மாற்றவும்.","జాబితా తప్పుగా అనిపిస్తే క్షమించండి 🙏 మీ జవాబులకు సరిపోయే పథకాలను మాత్రమే నేను చూపిస్తాను:
{facts}
""వీరికి మాత్రమే…"" అని ఉన్న పథకాలు నిర్దిష్ట వర్గాలకు (ఉదా. రైతు కుటుంబాలు) – దరఖాస్తుకు ముందు తనిఖీ చేయండి. ఏదైనా జవాబు తప్పు అయితే కింద మార్చండి.","പട്ടിക തെറ്റായി തോന്നിയെങ്കിൽ ക്ഷമിക്കണം 🙏 നിങ്ങളുടെ ഉത്തരങ്ങളുമായി പൊരുത്തപ്പെടുന്ന പദ്ധതികൾ മാത്രമേ ഞാൻ കാണിക്കൂ:
{facts}
""ഇവർക്ക് മാത്രം…"" എന്ന് അടയാളപ്പെടുത്തിയ പദ്ധതികൾ പ്രത്യേക വിഭാഗങ്ങൾക്കുള്ളതാണ് (ഉദാ. കർഷക കുടുംബങ്ങൾ) – അപേക്ഷിക്കും മുമ്പ് പരിശോധിക്കുക. ഏതെങ്കിലും ഉത്തരം തെറ്റാണെങ്കിൽ താഴെ മാറ്റുക.","ତାଲିକା ଭୁଲ ଲାଗିଲେ କ୍ଷମା କରିବେ 🙏 ମୁଁ କେବଳ ଆପଣଙ୍କ ଉତ୍ତର ସହ ମେଳ ଖାଉଥିବା ଯୋଜନା ଦେଖାଏ:
{facts}
""କେବଳ…"" ଲେଖାଥିବା ଯୋଜନାଗୁଡ଼ିକ ନିର୍ଦ୍ଦିଷ୍ଟ ଗୋଷ୍ଠୀ ପାଇଁ (ଯେପରି କୃଷକ ପରିବାର) – ଆବେଦନ ପୂର୍ବରୁ ଯାଞ୍ଚ କରନ୍ତୁ। କୌଣସି ଉତ୍ତର ଭୁଲ ଥିଲେ ତଳେ ବଦଳାନ୍ତୁ।","अगर सूची गलत लागल त माफ करीं 🙏 हम खाली उहे योजना देखाइले जवन रउआ जवाब से मेल खाला:
{facts}
जवना योजना पर ""खाली…"" लिखल बा ऊ खास समूह (जइसे किसान परिवार) खातिर बा – आवेदन से पहिले जाँच लीं। अगर कवनो जवाब गलत बा त नीचे बदलीं।","जँ सूची गलत लागल तँ क्षमा करू 🙏 हम मात्र ओहे योजना देखबैत छी जे अहाँक उत्तरसँ मेल खाइत अछि:
{facts}
जाहि योजना पर ""मात्र…"" लिखल अछि ओ खास समूह (जेना किसान परिवार) क लेल अछि – आवेदनसँ पहिने जाँचू। जँ कोनो उत्तर गलत अछि तँ नीचाँ बदलू।","યાદી ખોટી લાગી હોય તો માફ કરશો 🙏 હું ફક્ત તમારા જવાબો સાથે મેળ ખાતી યોજનાઓ બતાવું છું:
{facts}
""ફક્ત…"" લખેલી યોજનાઓ ચોક્કસ જૂથો (દા.ત. ખેડૂત પરિવારો) માટે છે – અરજી પહેલા તપાસો. કોઈ જવાબ ખોટો હોય તો નીચે બદલો.","यादी चुकीची वाटली असल्यास क्षमस्व 🙏 मी फक्त तुमच्या उत्तरांशी जुळणाऱ्या योजना दाखवतो:
{facts}
""फक्त…"" असे लिहिलेल्या योजना विशिष्ट गटांसाठी (उदा. शेतकरी कुटुंबे) आहेत – अर्जापूर्वी तपासा. एखादे उत्तर चुकीचे असल्यास खाली बदला.","ਜੇ ਸੂਚੀ ਗਲਤ ਲੱਗੀ ਤਾਂ ਮਾਫ਼ ਕਰਨਾ 🙏 ਮੈਂ ਸਿਰਫ਼ ਉਹੀ ਯੋਜਨਾਵਾਂ ਦਿਖਾਉਂਦਾ ਹਾਂ ਜੋ ਤੁਹਾਡੇ ਜਵਾਬਾਂ ਨਾਲ ਮੇਲ ਖਾਂਦੀਆਂ ਹਨ:
{facts}
""ਸਿਰਫ਼…"" ਲਿਖੀਆਂ ਯੋਜਨਾਵਾਂ ਖ਼ਾਸ ਸਮੂਹਾਂ (ਜਿਵੇਂ ਕਿਸਾਨ ਪਰਿਵਾਰ) ਲਈ ਹਨ – ਅਰਜ਼ੀ ਤੋਂ ਪਹਿਲਾਂ ਜਾਂਚੋ। ਜੇ ਕੋਈ ਜਵਾਬ ਗਲਤ ਹੈ ਤਾਂ ਹੇਠਾਂ ਬਦਲੋ।"
why_cat_same,,,"Your saved category is {cat}, so schemes only for other categories are not shown.","आपकी सहेजी गई श्रेणी {cat} है, इसलिए केवल दूसरी श्रेणियों वाली योजनाएँ नहीं दिखाई जातीं।","আপনার সংরক্ষিত শ্রেণি {cat}, তাই শুধু অন্য শ্রেণির প্রকল্পগুলি দেখানো হয় না।","আপোনাৰ সংৰক্ষিত শ্ৰেণী {cat}, সেয়েহে কেৱল অন্য শ্ৰেণীৰ আঁচনি দেখুওৱা নহয়।","ನಿಮ್ಮ ಉಳಿಸಿದ ವರ್ಗ {cat}, ಆದ್ದರಿಂದ ಬೇರೆ ವರ್ಗಗಳಿಗೆ ಮಾತ್ರ ಇರುವ ಯೋಜನೆಗಳನ್ನು ತೋರಿಸಲಾಗುವುದಿಲ್ಲ.","நீங்கள் சேமித்த பிரிவு {cat}, எனவே பிற பிரிவுகளுக்கு மட்டுமான திட்டங்கள் காட்டப்படாது.","మీరు సేవ్ చేసిన వర్గం {cat}, కాబట్టి ఇతర వర్గాలకు మాత్రమే ఉన్న పథకాలు చూపించబడవు.","നിങ്ങൾ സേവ് ചെയ്ത വിഭാഗം {cat} ആണ്, അതിനാൽ മറ്റ് വിഭാഗങ്ങൾക്ക് മാത്രമുള്ള പദ്ധതികൾ കാണിക്കില്ല.","ଆପଣଙ୍କ ସଞ୍ଚିତ ବର୍ଗ {cat}, ତେଣୁ କେବଳ ଅନ୍ୟ ବର୍ଗର ଯୋଜନା ଦେଖାଯାଏ ନାହିଁ।","रउआ के सहेजल श्रेणी {cat} बा, एह से खाली दोसर श्रेणी वाला योजना ना देखावल जाला।","अहाँक सहेजल श्रेणी {cat} अछि, तेँ मात्र आन श्रेणीक योजना नहि देखाओल जाइत अछि।","તમારી સાચવેલી શ્રેણી {cat} છે, તેથી ફક્ત અન્ય શ્રેણીઓની યોજનાઓ બતાવવામાં આવતી નથી.","तुमचा जतन केलेला प्रवर्ग {cat} आहे, त्यामुळे फक्त इतर प्रवर्गांच्या योजना दाखवल्या जात नाहीत.","ਤੁਹਾਡੀ ਸੰਭਾਲੀ ਸ਼੍ਰੇਣੀ {cat} ਹੈ, ਇਸ ਲਈ ਸਿਰਫ਼ ਹੋਰ ਸ਼੍ਰੇਣੀਆਂ ਵਾਲੀਆਂ ਯੋਜਨਾਵਾਂ ਨਹੀਂ ਦਿਖਾਈਆਂ ਜਾਂਦੀਆਂ।"
why_cat_diff,,,"You mentioned {said}, but your saved category is {cat}. Tap below to update it.","आपने {said} बताया, लेकिन सहेजी गई श्रेणी {cat} है। इसे बदलने के लिए नीचे टैप करें।","আপনি {said} বলেছেন, কিন্তু সংরক্ষিত শ্রেণি {cat}। বদলাতে নিচে ট্যাপ করুন।","আপুনি {said} বুলি কৈছে, কিন্তু সংৰক্ষিত শ্ৰেণী {cat}। সলনি কৰিবলৈ তলত টেপ কৰক।","ನೀವು {said} ಎಂದು ಹೇಳಿದಿರಿ, ಆದರೆ ಉಳಿಸಿದ ವರ್ಗ {cat}. ಬದಲಾಯಿಸಲು ಕೆಳಗೆ ಟ್ಯಾಪ್ ಮಾಡಿ.","நீங்கள் {said} என்று குறிப்பிட்டீர்கள், ஆனால் சேமித்த பிரிவு {cat}. மாற்ற கீழே தட்டவும்.","మీరు {said} అని చెప్పారు, కానీ సేవ్ చేసిన వర్గం {cat}. మార్చడానికి కింద నొక్కండి.","നിങ്ങൾ {said} എന്ന് പറഞ്ഞു, പക്ഷേ സേവ് ചെയ്ത വിഭാഗം {cat} ആണ്. മാറ്റാൻ താഴെ ടാപ്പ് ചെയ്യുക.","ଆପଣ {said} କହିଲେ, କିନ୍ତୁ ସଞ୍ଚିତ ବର୍ଗ {cat}। ବଦଳାଇବାକୁ ତଳେ ଟ୍ୟାପ୍ କରନ୍ତୁ।","रउआ {said} बतवनी, बाकिर सहेजल श्रेणी {cat} बा। बदले खातिर नीचे टैप करीं।","अहाँ {said} कहलहुँ, मुदा सहेजल श्रेणी {cat} अछि। बदलबाक लेल नीचाँ टैप करू।","તમે {said} કહ્યું, પણ સાચવેલી શ્રેણી {cat} છે. બદલવા માટે નીચે ટૅપ કરો.","तुम्ही {said} सांगितले, पण जतन केलेला प्रवर्ग {cat} आहे. बदलण्यासाठी खाली टॅप करा.","ਤੁਸੀਂ {said} ਦੱਸਿਆ, ਪਰ ਸੰਭਾਲੀ ਸ਼੍ਰੇਣੀ {cat} ਹੈ। ਬਦਲਣ ਲਈ ਹੇਠਾਂ ਟੈਪ ਕਰੋ।"
why_early,,,"I show schemes after a few quick questions. Please answer the question, or change your answers any time.","कुछ आसान सवालों के बाद मैं योजनाएँ दिखाता हूँ। कृपया सवाल का जवाब दें, या कभी भी अपने जवाब बदलें।","কয়েকটি সহজ প্রশ্নের পরে আমি প্রকল্প দেখাই। প্রশ্নের উত্তর দিন, বা যেকোনো সময় উত্তর বদলান।","কেইটামান সহজ প্ৰশ্নৰ পিছত মই আঁচনি দেখুৱাওঁ। প্ৰশ্নৰ উত্তৰ দিয়ক, বা যিকোনো সময়ত উত্তৰ সলনি কৰক।","ಕೆಲವು ಸುಲಭ ಪ್ರಶ್ನೆಗಳ ನಂತರ ನಾನು ಯೋಜನೆಗಳನ್ನು ತೋರಿಸುತ್ತೇನೆ. ಪ್ರಶ್ನೆಗೆ ಉತ್ತರಿಸಿ, ಅಥವಾ ಯಾವಾಗ ಬೇಕಾದರೂ ಉತ್ತರ ಬದಲಿಸಿ.","சில எளிய கேள்விகளுக்குப் பிறகு திட்டங்களைக் காட்டுகிறேன். கேள்விக்குப் பதில் அளியுங்கள், அல்லது எப்போது வேண்டுமானாலும் பதில்களை மாற்றுங்கள்.","కొన్ని సులభమైన ప్రశ్నల తర్వాత నేను పథకాలు చూపిస్తాను. ప్రశ్నకు జవాబు ఇవ్వండి, లేదా ఎప్పుడైనా జవాబులు మార్చండి.","കുറച്ച് ലളിതമായ ചോദ്യങ്ങൾക്ക് ശേഷം ഞാൻ പദ്ധതികൾ കാണിക്കും. ചോദ്യത്തിന് ഉത്തരം നൽകുക, അല്ലെങ്കിൽ എപ്പോൾ വേണമെങ്കിലും ഉത്തരങ്ങൾ മാറ്റുക.","କିଛି ସହଜ ପ୍ରଶ୍ନ ପରେ ମୁଁ ଯୋଜନା ଦେଖାଏ। ପ୍ରଶ୍ନର ଉତ୍ତର ଦିଅନ୍ତୁ, କିମ୍ବା ଯେକୌଣସି ସମୟରେ ଉତ୍ତର ବଦଳାନ୍ତୁ।","कुछ आसान सवाल के बाद हम योजना देखाइले। सवाल के जवाब दीं, भा कबो आपन जवाब बदलीं।","किछु सहज प्रश्नक बाद हम योजना देखबैत छी। प्रश्नक उत्तर दिअ, वा कखनो अपन उत्तर बदलू।","થોડા સરળ પ્રશ્નો પછી હું યોજનાઓ બતાવું છું. પ્રશ્નનો જવાબ આપો, અથવા ક્યારેય પણ જવાબો બદલો.","काही सोप्या प्रश्नांनंतर मी योजना दाखवतो. प्रश्नाचे उत्तर द्या, किंवा कधीही उत्तरे बदला.","ਕੁਝ ਸੌਖੇ ਸਵਾਲਾਂ ਤੋਂ ਬਾਅਦ ਮੈਂ ਯੋਜਨਾਵਾਂ ਦਿਖਾਉਂਦਾ ਹਾਂ। ਸਵਾਲ ਦਾ ਜਵਾਬ ਦਿਓ, ਜਾਂ ਕਦੇ ਵੀ ਜਵਾਬ ਬਦਲੋ।"
q_rating,,,"How would you rate this service? 1 ⭐ = lowest, 5 ⭐ = highest.","आप इस सेवा को कितने अंक देंगे? 1 ⭐ = सबसे कम, 5 ⭐ = सबसे अच्छा।","এই পরিষেবাকে আপনি কত দেবেন? 1 ⭐ = সবচেয়ে কম, 5 ⭐ = সবচেয়ে ভালো।","এই সেৱাক আপুনি কিমান দিব? 1 ⭐ = আটাইতকৈ কম, 5 ⭐ = আটাইতকৈ ভাল।","ಈ ಸೇವೆಗೆ ನೀವು ಎಷ್ಟು ಅಂಕ ನೀಡುತ್ತೀರಿ? 1 ⭐ = ಅತಿ ಕಡಿಮೆ, 5 ⭐ = ಅತ್ಯುತ್ತಮ.","இந்தச் சேவைக்கு நீங்கள் எத்தனை மதிப்பெண் தருவீர்கள்? 1 ⭐ = மிகக் குறைவு, 5 ⭐ = மிகச் சிறப்பு.","ఈ సేవకు మీరు ఎన్ని మార్కులు ఇస్తారు? 1 ⭐ = అతి తక్కువ, 5 ⭐ = అత్యుత్తమం.","ഈ സേവനത്തിന് നിങ്ങൾ എത്ര മാർക്ക് നൽകും? 1 ⭐ = ഏറ്റവും കുറവ്, 5 ⭐ = ഏറ്റവും മികച്ചത്.","ଏହି ସେବାକୁ ଆପଣ କେତେ ନମ୍ବର ଦେବେ? 1 ⭐ = ସବୁଠାରୁ କମ୍, 5 ⭐ = ସବୁଠାରୁ ଭଲ।","एह सेवा के रउआ केतना नंबर देब? 1 ⭐ = सबसे कम, 5 ⭐ = सबसे बढ़िया।","एहि सेवाकेँ अहाँ कतेक अंक देब? 1 ⭐ = सभसँ कम, 5 ⭐ = सभसँ नीक।","આ સેવાને તમે કેટલા ગુણ આપશો? 1 ⭐ = સૌથી ઓછું, 5 ⭐ = સૌથી સારું.","या सेवेला तुम्ही किती गुण द्याल? 1 ⭐ = सर्वात कमी, 5 ⭐ = सर्वोत्तम.","ਤੁਸੀਂ ਇਸ ਸੇਵਾ ਨੂੰ ਕਿੰਨੇ ਅੰਕ ਦਿਓਗੇ? 1 ⭐ = ਸਭ ਤੋਂ ਘੱਟ, 5 ⭐ = ਸਭ ਤੋਂ ਵਧੀਆ।"
r_1,,,Very poor,बहुत खराब,খুব খারাপ,বহুত বেয়া,ತುಂಬಾ ಕಳಪೆ,மிக மோசம்,చాలా బాగాలేదు,വളരെ മോശം,ବହୁତ ଖରାପ,बहुत खराब,बहुत खराब,ખૂબ ખરાબ,खूप वाईट,ਬਹੁਤ ਮਾੜਾ
r_2,,,Poor,खराब,খারাপ,বেয়া,ಕಳಪೆ,மோசம்,బాగాలేదు,മോശം,ଖରାପ,खराब,खराब,ખરાબ,वाईट,ਮਾੜਾ
r_3,,,Okay,ठीक-ठाक,মোটামুটি,চলিব,ಪರವಾಗಿಲ್ಲ,பரவாயில்லை,పర్వాలేదు,തരക്കേടില്ല,ଠିକ୍ ଅଛି,ठीक-ठाक,ठीक-ठाक,ઠીક,ठीक,ਠੀਕ
r_4,,,Good,अच्छा,ভালো,ভাল,ಚೆನ್ನಾಗಿದೆ,நன்று,బాగుంది,നല്ലത്,ଭଲ,बढ़िया,नीक,સારું,चांगले,ਵਧੀਆ
r_5,,,Excellent,बहुत अच्छा,খুব ভালো,বহুত ভাল,ಅತ್ಯುತ್ತಮ,மிகச் சிறப்பு,అద్భుతం,മികച്ചത്,ବହୁତ ଭଲ,बहुत बढ़िया,बहुत नीक,ઉત્તમ,उत्कृष्ट,ਸ਼ਾਨਦਾਰ
q_comment,,,"Thank you! Any comment or suggestion? Type it, or reply SKIP.","धन्यवाद! कोई टिप्पणी या सुझाव? लिखें, या SKIP भेजें।","ধন্যবাদ! কোনো মন্তব্য বা পরামর্শ? লিখুন, বা SKIP পাঠান।","ধন্যবাদ! কোনো মন্তব্য বা পৰামৰ্শ? লিখক, বা SKIP পঠিয়াওক।","ಧನ್ಯವಾದಗಳು! ಯಾವುದೇ ಅಭಿಪ್ರಾಯ ಅಥವಾ ಸಲಹೆ? ಬರೆಯಿರಿ, ಅಥವಾ SKIP ಕಳುಹಿಸಿ.","நன்றி! ஏதேனும் கருத்து அல்லது ஆலோசனை? எழுதவும், அல்லது SKIP அனுப்பவும்.","ధన్యవాదాలు! ఏదైనా అభిప్రాయం లేదా సూచన? టైప్ చేయండి, లేదా SKIP పంపండి.","നന്ദി! എന്തെങ്കിലും അഭിപ്രായമോ നിർദ്ദേശമോ? ടൈപ്പ് ചെയ്യുക, അല്ലെങ്കിൽ SKIP അയയ്ക്കുക.","ଧନ୍ୟବାଦ! କୌଣସି ମତାମତ କିମ୍ବା ପରାମର୍ଶ? ଲେଖନ୍ତୁ, କିମ୍ବା SKIP ପଠାନ୍ତୁ।","धन्यवाद! कवनो टिप्पणी भा सुझाव? लिखीं, भा SKIP भेजीं।","धन्यवाद! कोनो टिप्पणी वा सुझाव? लिखू, वा SKIP पठाउ।","આભાર! કોઈ ટિપ્પણી કે સૂચન? લખો, અથવા SKIP મોકલો.","धन्यवाद! काही प्रतिक्रिया किंवा सूचना? लिहा, किंवा SKIP पाठवा.","ਧੰਨਵਾਦ! ਕੋਈ ਟਿੱਪਣੀ ਜਾਂ ਸੁਝਾਅ? ਲਿਖੋ, ਜਾਂ SKIP ਭੇਜੋ।"
share,,,"🙏 Thanks for your feedback!
Know a student who could use this? Share your personal link:
WhatsApp: {wa}
Web: {web}
Or ask them to send the code *{code}* to this number.","🙏 फीडबैक के लिए धन्यवाद!
किसी विद्यार्थी को इसकी ज़रूरत हो सकती है? अपना निजी लिंक शेयर करें:
WhatsApp: {wa}
वेब: {web}
या उनसे कहें कि इस नंबर पर कोड *{code}* भेजें।","🙏 মতামতের জন্য ধন্যবাদ!
কোনো ছাত্রছাত্রীর কাজে লাগতে পারে? আপনার ব্যক্তিগত লিঙ্ক শেয়ার করুন:
WhatsApp: {wa}
ওয়েব: {web}
অথবা তাদের এই নম্বরে কোড *{code}* পাঠাতে বলুন।","🙏 মতামতৰ বাবে ধন্যবাদ!
কোনো ছাত্ৰ-ছাত্ৰীৰ কামত আহিব পাৰে? আপোনাৰ ব্যক্তিগত লিংক শ্বেয়াৰ কৰক:
WhatsApp: {wa}
ৱেব: {web}
নাইবা তেওঁলোকক এই নম্বৰলৈ ক'ড *{code}* পঠিয়াবলৈ কওক।","🙏 ಅಭಿಪ್ರಾಯಕ್ಕೆ ಧನ್ಯವಾದಗಳು!
ಯಾವುದಾದರೂ ವಿದ್ಯಾರ್ಥಿಗೆ ಇದು ಉಪಯೋಗವಾಗಬಹುದೇ? ನಿಮ್ಮ ವೈಯಕ್ತಿಕ ಲಿಂಕ್ ಹಂಚಿಕೊಳ್ಳಿ:
WhatsApp: {wa}
ವೆಬ್: {web}
ಅಥವಾ ಈ ಸಂಖ್ಯೆಗೆ *{code}* ಕೋಡ್ ಕಳುಹಿಸಲು ಹೇಳಿ.","🙏 உங்கள் கருத்துக்கு நன்றி!
இது எந்த மாணவருக்காவது உதவுமா? உங்கள் தனிப்பட்ட இணைப்பைப் பகிருங்கள்:
WhatsApp: {wa}
இணையம்: {web}
அல்லது இந்த எண்ணுக்கு *{code}* குறியீட்டை அனுப்பச் சொல்லுங்கள்.","🙏 మీ అభిప్రాయానికి ధన్యవాదాలు!
ఎవరైనా విద్యార్థికి ఇది ఉపయోగపడుతుందా? మీ వ్యక్తిగత లింక్ షేర్ చేయండి:
WhatsApp: {wa}
వెబ్: {web}
లేదా ఈ నంబర్‌కు *{code}* కోడ్ పంపమని చెప్పండి.","🙏 അഭിപ്രായത്തിന് നന്ദി!
ഏതെങ്കിലും വിദ്യാർത്ഥിക്ക് ഇത് ഉപകാരപ്പെടുമോ? നിങ്ങളുടെ സ്വന്തം ലിങ്ക് പങ്കിടുക:
WhatsApp: {wa}
വെബ്: {web}
അല്ലെങ്കിൽ ഈ നമ്പറിലേക്ക് *{code}* കോഡ് അയക്കാൻ പറയുക.","🙏 ମତାମତ ପାଇଁ ଧନ୍ୟବାଦ!
କୌଣସି ଛାତ୍ରଛାତ୍ରୀଙ୍କ କାମରେ ଆସିପାରେ କି? ଆପଣଙ୍କ ନିଜସ୍ୱ ଲିଙ୍କ୍ ସେୟାର୍ କରନ୍ତୁ:
WhatsApp: {wa}
ୱେବ୍: {web}
କିମ୍ବା ସେମାନଙ୍କୁ ଏହି ନମ୍ବରକୁ *{code}* କୋଡ୍ ପଠାଇବାକୁ କୁହନ୍ତୁ।","🙏 राय खातिर धन्यवाद!
कवनो विद्यार्थी के एकर जरूरत हो सकेला? आपन निजी लिंक शेयर करीं:
WhatsApp: {wa}
वेब: {web}
भा उनका से कहीं कि एह नंबर पर कोड *{code}* भेजस।","🙏 रायक लेल धन्यवाद!
कोनो विद्यार्थीकेँ एकर जरूरति भऽ सकैत छैक? अपन निजी लिंक शेयर करू:
WhatsApp: {wa}
वेब: {web}
वा हुनका कहू जे एहि नंबर पर कोड *{code}* पठाबथि।","🙏 પ્રતિસાદ માટે આભાર!
કોઈ વિદ્યાર્થીને આની જરૂર હોઈ શકે? તમારી અંગત લિંક શેર કરો:
WhatsApp: {wa}
વેબ: {web}
અથવા તેમને આ નંબર પર કોડ *{code}* મોકલવા કહો.","🙏 अभिप्रायाबद्दल धन्यवाद!
एखाद्या विद्यार्थ्याला याचा उपयोग होऊ शकतो? तुमची वैयक्तिक लिंक शेअर करा:
WhatsApp: {wa}
वेब: {web}
किंवा त्यांना या नंबरवर कोड *{code}* पाठवायला सांगा.","🙏 ਰਾਏ ਲਈ ਧੰਨਵਾਦ!
ਕਿਸੇ ਵਿਦਿਆਰਥੀ ਨੂੰ ਇਸ ਦੀ ਲੋੜ ਹੋ ਸਕਦੀ ਹੈ? ਆਪਣਾ ਨਿੱਜੀ ਲਿੰਕ ਸਾਂਝਾ ਕਰੋ:
WhatsApp: {wa}
ਵੈੱਬ: {web}
ਜਾਂ ਉਨ੍ਹਾਂ ਨੂੰ ਇਸ ਨੰਬਰ ’ਤੇ ਕੋਡ *{code}* ਭੇਜਣ ਲਈ ਕਹੋ।"
share_no_wa,,,(WhatsApp link available once the WhatsApp number is set up),(WhatsApp नंबर सेट होने पर लिंक उपलब्ध होगा),(WhatsApp নম্বর সেট হলে লিংক পাওয়া যাবে),(WhatsApp নম্বৰ ছেট হ'লে লিংক উপলব্ধ হ'ব),(WhatsApp ಸಂಖ್ಯೆ ಹೊಂದಿಸಿದ ನಂತರ ಲಿಂಕ್ ಲಭ್ಯವಾಗುತ್ತದೆ),(WhatsApp எண் அமைக்கப்பட்டதும் இணைப்பு கிடைக்கும்),(WhatsApp నంబర్ సెట్ అయిన తర్వాత లింక్ అందుబాటులో ఉంటుంది),(WhatsApp നമ്പർ സജ്ജമാക്കിയ ശേഷം ലിങ്ക് ലഭ്യമാകും),(WhatsApp ନମ୍ବର ସେଟ୍ ହେଲେ ଲିଙ୍କ ଉପଲବ୍ଧ ହେବ),(WhatsApp नंबर सेट भइला पर लिंक मिली),(WhatsApp नंबर सेट भेला पर लिंक भेटत),(WhatsApp નંબર સેટ થયા પછી લિંક મળશે),(WhatsApp क्रमांक सेट झाल्यावर लिंक मिळेल),(WhatsApp ਨੰਬਰ ਸੈੱਟ ਹੋਣ 'ਤੇ ਲਿੰਕ ਮਿਲੇਗਾ)
share_scheme_intro,,,"📤 Forward this message to friends on WhatsApp, email or social media:","📤 यह संदेश दोस्तों को WhatsApp, ईमेल या सोशल मीडिया पर भेजें:","📤 এই বার্তাটি বন্ধুদের WhatsApp, ইমেল বা সোশ্যাল মিডিয়ায় পাঠান:","📤 এই বাৰ্তাটো বন্ধুসকললৈ WhatsApp, ইমেইল বা ছ'চিয়েল মিডিয়াত পঠিয়াওক:","📤 ಈ ಸಂದೇಶವನ್ನು ಸ್ನೇಹಿತರಿಗೆ WhatsApp, ಇಮೇಲ್ ಅಥವಾ ಸಾಮಾಜಿಕ ಮಾಧ್ಯಮದಲ್ಲಿ ಕಳುಹಿಸಿ:","📤 இந்தச் செய்தியை நண்பர்களுக்கு WhatsApp, மின்னஞ்சல் அல்லது சமூக ஊடகத்தில் அனுப்புங்கள்:","📤 ఈ సందేశాన్ని స్నేహితులకు WhatsApp, ఈమెయిల్ లేదా సోషల్ మీడియాలో పంపండి:","📤 ഈ സന്ദേശം സുഹൃത്തുക്കൾക്ക് WhatsApp, ഇമെയിൽ അല്ലെങ്കിൽ സോഷ്യൽ മീഡിയ വഴി അയക്കുക:","📤 ଏହି ବାର୍ତ୍ତା ସାଙ୍ଗମାନଙ୍କୁ WhatsApp, ଇମେଲ୍ କିମ୍ବା ସୋସିଆଲ୍ ମିଡିଆରେ ପଠାନ୍ତୁ:","📤 ई संदेश दोस्तन के WhatsApp, ईमेल भा सोशल मीडिया पर भेजीं:","📤 ई संदेश संगी सभकेँ WhatsApp, ईमेल वा सोशल मीडिया पर पठाउ:","📤 આ સંદેશ મિત્રોને WhatsApp, ઇમેઇલ કે સોશિયલ મીડિયા પર મોકલો:","📤 हा संदेश मित्रांना WhatsApp, ईमेल किंवा सोशल मीडियावर पाठवा:","📤 ਇਹ ਸੁਨੇਹਾ ਦੋਸਤਾਂ ਨੂੰ WhatsApp, ਈਮੇਲ ਜਾਂ ਸੋਸ਼ਲ ਮੀਡੀਆ ’ਤੇ ਭੇਜੋ:"
share_scheme_msg,,,"🎓 I found this scholarship: *{name}* ({tag})
{desc}
Apply: {url}

Find scholarships for you in 2 minutes:
WhatsApp: {wa}
Web: {web}","🎓 मुझे यह छात्रवृत्ति मिली: *{name}* ({tag})
{desc}
आवेदन: {url}

2 मिनट में अपने लिए छात्रवृत्तियाँ खोजें:
WhatsApp: {wa}
वेब: {web}","🎓 আমি এই বৃত্তিটি পেয়েছি: *{name}* ({tag})
{desc}
আবেদন: {url}

২ মিনিটে নিজের জন্য বৃত্তি খুঁজুন:
WhatsApp: {wa}
ওয়েব: {web}","🎓 মই এই বৃত্তিটো পালোঁ: *{name}* ({tag})
{desc}
আবেদন: {url}

২ মিনিটত নিজৰ বাবে বৃত্তি বিচাৰক:
WhatsApp: {wa}
ৱেব: {web}","🎓 ನನಗೆ ಈ ವಿದ್ಯಾರ್ಥಿವೇತನ ಸಿಕ್ಕಿತು: *{name}* ({tag})
{desc}
ಅರ್ಜಿ: {url}

2 ನಿಮಿಷದಲ್ಲಿ ನಿಮಗಾಗಿ ವಿದ್ಯಾರ್ಥಿವೇತನ ಹುಡುಕಿ:
WhatsApp: {wa}
ವೆಬ್: {web}","🎓 இந்த உதவித்தொகையைக் கண்டேன்: *{name}* ({tag})
{desc}
விண்ணப்பம்: {url}

2 நிமிடத்தில் உங்களுக்கான உதவித்தொகைகளைக் கண்டறியுங்கள்:
WhatsApp: {wa}
இணையம்: {web}","🎓 నాకు ఈ స్కాలర్‌షిప్ దొరికింది: *{name}* ({tag})
{desc}
దరఖాస్తు: {url}

2 నిమిషాల్లో మీ కోసం స్కాలర్‌షిప్‌లు వెతకండి:
WhatsApp: {wa}
వెబ్: {web}","🎓 ഈ സ്കോളർഷിപ്പ് കണ്ടെത്തി: *{name}* ({tag})
{desc}
അപേക്ഷ: {url}

2 മിനിറ്റിൽ നിങ്ങൾക്കുള്ള സ്കോളർഷിപ്പുകൾ കണ്ടെത്തൂ:
WhatsApp: {wa}
വെബ്: {web}","🎓 ମୁଁ ଏହି ଛାତ୍ରବୃତ୍ତି ପାଇଲି: *{name}* ({tag})
{desc}
ଆବେଦନ: {url}

୨ ମିନିଟରେ ନିଜ ପାଇଁ ଛାତ୍ରବୃତ୍ତି ଖୋଜନ୍ତୁ:
WhatsApp: {wa}
ୱେବ୍: {web}","🎓 हमरा ई छात्रवृत्ति मिलल: *{name}* ({tag})
{desc}
आवेदन: {url}

2 मिनट में अपना खातिर छात्रवृत्ति खोजीं:
WhatsApp: {wa}
वेब: {web}","🎓 हमरा ई छात्रवृत्ति भेटल: *{name}* ({tag})
{desc}
आवेदन: {url}

2 मिनटमे अपना लेल छात्रवृत्ति खोजू:
WhatsApp: {wa}
वेब: {web}","🎓 મને આ શિષ્યવૃત્તિ મળી: *{name}* ({tag})
{desc}
અરજી: {url}

2 મિનિટમાં તમારા માટે શિષ્યવૃત્તિ શોધો:
WhatsApp: {wa}
વેબ: {web}","🎓 मला ही शिष्यवृत्ती सापडली: *{name}* ({tag})
{desc}
अर्ज: {url}

2 मिनिटांत तुमच्यासाठी शिष्यवृत्ती शोधा:
WhatsApp: {wa}
वेब: {web}","🎓 ਮੈਨੂੰ ਇਹ ਵਜ਼ੀਫ਼ਾ ਮਿਲਿਆ: *{name}* ({tag})
{desc}
ਅਰਜ਼ੀ: {url}

2 ਮਿੰਟ ਵਿੱਚ ਆਪਣੇ ਲਈ ਵਜ਼ੀਫ਼ੇ ਲੱਭੋ:
WhatsApp: {wa}
ਵੈੱਬ: {web}"
share_subject,,,A scholarship you may be eligible for,एक छात्रवृत्ति जो आपके काम की हो सकती है,একটি বৃত্তি যা আপনার কাজে লাগতে পারে,আপোনাৰ কামত অহা এটা বৃত্তি,ನಿಮಗೆ ಉಪಯೋಗವಾಗಬಹುದಾದ ವಿದ್ಯಾರ್ಥಿವೇತನ,உங்களுக்குப் பயன்படக்கூடிய ஓர் உதவித்தொகை,మీకు ఉపయోగపడే ఒక స్కాలర్‌షిప్,നിങ്ങൾക്ക് ഉപകാരപ്പെടാവുന്ന ഒരു സ്കോളർഷിപ്പ്,ଆପଣଙ୍କ କାମରେ ଆସିପାରୁଥିବା ଏକ ଛାତ୍ରବୃତ୍ତି,एगो छात्रवृत्ति जवन रउआ काम के हो सकेला,एकटा छात्रवृत्ति जे अहाँक काजक भऽ सकैत अछि,તમને કામ લાગી શકે એવી એક શિષ્યવૃત્તિ,तुमच्या उपयोगाची एक शिष्यवृत्ती,ਇੱਕ ਵਜ਼ੀਫ਼ਾ ਜੋ ਤੁਹਾਡੇ ਕੰਮ ਆ ਸਕਦਾ ਹੈ
share_fwd_hint,,,☝️ Long-press the message above and tap Forward to share it.,☝️ ऊपर वाले संदेश को दबाकर रखें और Forward पर टैप करें।,☝️ উপরের বার্তাটি চেপে ধরে Forward-এ ট্যাপ করুন।,☝️ ওপৰৰ বাৰ্তাটো টিপি ধৰি Forward-ত টেপ কৰক।,☝️ ಮೇಲಿನ ಸಂದೇಶವನ್ನು ಒತ್ತಿ ಹಿಡಿದು Forward ಟ್ಯಾಪ್ ಮಾಡಿ.,☝️ மேலே உள்ள செய்தியை அழுத்திப் பிடித்து Forward தட்டவும்.,☝️ పై సందేశాన్ని నొక్కి పట్టి Forward ట్యాప్ చేయండి.,☝️ മുകളിലെ സന്ദേശം അമർത്തിപ്പിടിച്ച് Forward ടാപ്പ് ചെയ്യുക.,☝️ ଉପର ବାର୍ତ୍ତାକୁ ଦବାଇ ଧରି Forward ଟ୍ୟାପ୍ କରନ୍ତୁ।,☝️ ऊपर वाला संदेश के दबा के राखीं आ Forward पर टैप करीं।,☝️ ऊपरका संदेशकेँ दबा कऽ राखू आ Forward पर टैप करू।,☝️ ઉપરના સંદેશને દબાવી રાખો અને Forward ટૅપ કરો.,☝️ वरचा संदेश दाबून धरा आणि Forward वर टॅप करा.,☝️ ਉੱਪਰਲੇ ਸੁਨੇਹੇ ਨੂੰ ਦਬਾ ਕੇ ਰੱਖੋ ਅਤੇ Forward ’ਤੇ ਟੈਪ ਕਰੋ।
sh_whatsapp,,,WhatsApp,WhatsApp,WhatsApp,WhatsApp,WhatsApp,WhatsApp,WhatsApp,WhatsApp,WhatsApp,WhatsApp,WhatsApp,WhatsApp,WhatsApp,WhatsApp
sh_email,,,Email,ईमेल,ইমেল,ইমেইল,ಇಮೇಲ್,மின்னஞ்சல்,ఈమెయిల్,ഇമെയിൽ,ଇମେଲ୍,ईमेल,ईमेल,ઇમેઇલ,ईमेल,ਈਮੇਲ
sh_copy,,,Copy message,संदेश कॉपी करें,বার্তা কপি করুন,বাৰ্তা কপি কৰক,ಸಂದೇಶ ಕಾಪಿ ಮಾಡಿ,செய்தியை நகலெடு,సందేశం కాపీ చేయండి,സന്ദേശം പകർത്തുക,ବାର୍ତ୍ତା କପି କରନ୍ତୁ,संदेश कॉपी करीं,संदेश कॉपी करू,સંદેશ કૉપિ કરો,संदेश कॉपी करा,ਸੁਨੇਹਾ ਕਾਪੀ ਕਰੋ
sh_more,,,Share…,शेयर…,শেয়ার…,শ্বেয়াৰ…,ಹಂಚಿಕೊಳ್ಳಿ…,பகிர்…,షేర్…,പങ്കിടുക…,ସେୟାର୍…,शेयर…,शेयर…,શેર…,शेअर…,ਸਾਂਝਾ ਕਰੋ…
sh_copied,,,Copied ✓,कॉपी हो गया ✓,কপি হয়েছে ✓,কপি হ'ল ✓,ಕಾಪಿ ಆಯಿತು ✓,நகலெடுக்கப்பட்டது ✓,కాపీ అయింది ✓,പകർത്തി ✓,କପି ହେଲା ✓,कॉपी हो गइल ✓,कॉपी भऽ गेल ✓,કૉપિ થયું ✓,कॉपी झाले ✓,ਕਾਪੀ ਹੋ ਗਿਆ ✓
share_invite,,,"🎓 I found government scholarships for me in 2 minutes – free, and no documents needed to check. Try it: {link}","🎓 मुझे 2 मिनट में अपने लिए सरकारी छात्रवृत्तियाँ मिल गईं – मुफ़्त, जाँचने के लिए कोई दस्तावेज़ नहीं चाहिए। आप भी आज़माएँ: {link}","🎓 ২ মিনিটে আমার জন্য সরকারি বৃত্তি খুঁজে পেলাম – বিনামূল্যে, যাচাই করতে কোনো নথি লাগে না। তুমিও দেখো: {link}","🎓 ২ মিনিটতে মোৰ বাবে চৰকাৰী বৃত্তি বিচাৰি পালোঁ – বিনামূলীয়া, পৰীক্ষা কৰিবলৈ কোনো নথি নালাগে। আপুনিও চাওক: {link}","🎓 2 ನಿಮಿಷದಲ್ಲಿ ನನಗೆ ಸರ್ಕಾರಿ ವಿದ್ಯಾರ್ಥಿವೇತನಗಳು ಸಿಕ್ಕವು – ಉಚಿತ, ಪರಿಶೀಲಿಸಲು ಯಾವುದೇ ದಾಖಲೆ ಬೇಡ. ನೀವೂ ಪ್ರಯತ್ನಿಸಿ: {link}","🎓 2 நிமிடங்களில் எனக்கான அரசு உதவித்தொகைகளைக் கண்டுபிடித்தேன் – இலவசம், சரிபார்க்க எந்த ஆவணமும் தேவையில்லை. நீங்களும் முயலுங்கள்: {link}","🎓 2 నిమిషాల్లో నాకు సరిపోయే ప్రభుత్వ స్కాలర్‌షిప్‌లు దొరికాయి – ఉచితం, చూడటానికి ఏ పత్రాలూ అక్కర్లేదు. మీరూ ప్రయత్నించండి: {link}","🎓 2 മിനിറ്റിൽ എനിക്കുള്ള സർക്കാർ സ്കോളർഷിപ്പുകൾ കണ്ടെത്തി – സൗജന്യം, പരിശോധിക്കാൻ രേഖകൾ ഒന്നും വേണ്ട. നിങ്ങളും നോക്കൂ: {link}","🎓 2 ମିନିଟରେ ମୋ ପାଇଁ ସରକାରୀ ଛାତ୍ରବୃତ୍ତି ପାଇଲି – ମାଗଣା, ଯାଞ୍ଚ ପାଇଁ କୌଣସି କାଗଜପତ୍ର ଦରକାର ନାହିଁ। ଆପଣ ବି ଚେଷ୍ଟା କରନ୍ତୁ: {link}","🎓 हमरा 2 मिनट में अपना खातिर सरकारी छात्रवृत्ति मिल गइल – मुफ़्त, जाँचे खातिर कवनो कागज ना चाहीं। रउओ आजमाईं: {link}","🎓 हमरा 2 मिनटमे अपना लेल सरकारी छात्रवृत्ति भेटि गेल – निःशुल्क, जाँचबाक लेल कोनो कागज नहि चाही। अहूँ देखू: {link}","🎓 મને 2 મિનિટમાં મારા માટે સરકારી શિષ્યવૃત્તિઓ મળી – મફત, તપાસવા માટે કોઈ દસ્તાવેજ જોઈતો નથી. તમે પણ અજમાવો: {link}","🎓 मला 2 मिनिटांत माझ्यासाठी सरकारी शिष्यवृत्ती सापडल्या – मोफत, तपासण्यासाठी कोणतेही कागदपत्र लागत नाही. तुम्हीही पाहा: {link}","🎓 ਮੈਨੂੰ 2 ਮਿੰਟਾਂ ਵਿੱਚ ਆਪਣੇ ਲਈ ਸਰਕਾਰੀ ਵਜ਼ੀਫ਼ੇ ਮਿਲ ਗਏ – ਮੁਫ਼ਤ, ਜਾਂਚ ਲਈ ਕੋਈ ਦਸਤਾਵੇਜ਼ ਨਹੀਂ ਚਾਹੀਦਾ। ਤੁਸੀਂ ਵੀ ਵਰਤੋ: {link}"
menu_hint,,,Type MENU for the main menu.,मुख्य मेनू के लिए MENU लिखें।,মূল মেনুর জন্য MENU লিখুন।,মূল মেনুৰ বাবে MENU লিখক।,ಮುಖ್ಯ ಮೆನುಗಾಗಿ MENU ಎಂದು ಬರೆಯಿರಿ.,முதன்மை மெனுவுக்கு MENU என்று எழுதவும்.,ప్రధాన మెనూ కోసం MENU అని రాయండి.,പ്രധാന മെനുവിന് MENU എന്ന് എഴുതുക.,ମୁଖ୍ୟ ମେନୁ ପାଇଁ MENU ଲେଖନ୍ତୁ।,मुख्य मेनू खातिर MENU लिखीं।,मुख्य मेनू लेल MENU लिखू।,મુખ્ય મેનુ માટે MENU લખો.,मुख्य मेनूसाठी MENU लिहा.,ਮੁੱਖ ਮੀਨੂ ਲਈ MENU ਲਿਖੋ।
lang_continue,,,Continue,आगे बढ़ें,এগিয়ে যান,আগবাঢ়ক,ಮುಂದುವರಿಸಿ,தொடரவும்,కొనసాగించండి,തുടരുക,ଆଗକୁ ଯାଆନ୍ତୁ,आगे बढ़ीं,आगाँ बढ़ू,આગળ વધો,पुढे जा,ਅੱਗੇ ਵਧੋ
f_class_passed,24,WhatsApp list row title (max 24 characters),Education level,पढ़ाई का स्तर,পড়াশোনার স্তর,পঢ়াৰ স্তৰ,ಶಿಕ್ಷಣ ಮಟ್ಟ,கல்வி நிலை,విద్యా స్థాయి,വിദ്യാഭ്യാസ നില,ଶିକ୍ଷା ସ୍ତର,पढ़ाई के स्तर,पढ़ाइक स्तर,શિક્ષણ સ્તર,शिक्षण स्तर,ਸਿੱਖਿਆ ਪੱਧਰ
f_state,24,WhatsApp list row title (max 24 characters),State/UT,राज्य/UT,রাজ্য/UT,ৰাজ্য/UT,ರಾಜ್ಯ/UT,மாநிலம்/UT,రాష్ట్రం/UT,സംസ്ഥാനം/UT,ରାଜ୍ୟ/UT,राज्य/UT,राज्य/UT,રાજ્ય/UT,राज्य/UT,ਰਾਜ/UT
f_category,24,WhatsApp list row title (max 24 characters),Category,श्रेणी,শ্রেণি (ক্যাটাগরি),শ্ৰেণী (কেটেগৰী),ವರ್ಗ,பிரிவு,వర్గం,വിഭാഗം,ବର୍ଗ,श्रेणी,श्रेणी,શ્રેણી,प्रवर्ग,ਸ਼੍ਰੇਣੀ
f_gender,24,WhatsApp list row title (max 24 characters),Gender,लिंग,লিঙ্গ,লিংগ,ಲಿಂಗ,பாலினம்,లింగం,ലിംഗം,ଲିଙ୍ଗ,लिंग,लिंग,લિંગ,लिंग,ਲਿੰਗ
f_annual_family_income,24,WhatsApp list row title (max 24 characters),Family income,पारिवारिक आय,পারিবারিক আয়,পাৰিবাৰিক আয়,ಕುಟುಂಬದ ಆದಾಯ,குடும்ப வருமானம்,కుటుంబ ఆదాయం,കുടുംബ വരുമാനം,ପାରିବାରିକ ଆୟ,परिवार के आमदनी,परिवारक आय,પારિવારિક આવક,कौटुंबिक उत्पन्न,ਪਰਿਵਾਰਕ ਆਮਦਨ
wa_choose,20,WhatsApp button title (max 20 characters),Choose,चुनें,বেছে নিন,বাছনি কৰক,ಆಯ್ಕೆಮಾಡಿ,தேர்ந்தெடு,ఎంచుకోండి,തിരഞ്ഞെടുക്കുക,ବାଛନ୍ତୁ,चुनीं,चुनू,પસંદ કરો,निवडा,ਚੁਣੋ
wa_options,24,WhatsApp list row title (max 24 characters),Options,विकल्प,বিকল্প,বিকল্প,ಆಯ್ಕೆಗಳು,விருப்பங்கள்,ఆప్షన్లు,ഓപ്ഷനുകൾ,ବିକଳ୍ପ,विकल्प,विकल्प,વિકલ્પો,पर्याय,ਵਿਕਲਪ
wa_nav,24,WhatsApp list row title (max 24 characters),Navigate,आगे-पीछे,নেভিগেশন,নেভিগেশ্বন,ನ್ಯಾವಿಗೇಷನ್,வழிசெலுத்தல்,నావిగేషన్,നാവിഗേഷൻ,ନେଭିଗେସନ୍,आगे-पाछे,आगाँ-पाछाँ,આગળ-પાછળ,मागे-पुढे,ਅੱਗੇ-ਪਿੱਛੇ
wa_next,24,WhatsApp list row title (max 24 characters),More options ▶,और विकल्प ▶,আরও বিকল্প ▶,অধিক বিকল্প ▶,ಇನ್ನಷ್ಟು ಆಯ್ಕೆಗಳು ▶,மேலும் விருப்பங்கள் ▶,మరిన్ని ఆప్షన్లు ▶,കൂടുതൽ ഓപ്ഷനുകൾ ▶,ଅଧିକ ବିକଳ୍ପ ▶,अउरी विकल्प ▶,आओर विकल्प ▶,વધુ વિકલ્પો ▶,आणखी पर्याय ▶,ਹੋਰ ਵਿਕਲਪ ▶
wa_prev,24,WhatsApp list row title (max 24 characters),◀ Previous,◀ पिछले,◀ আগের,◀ আগৰ,◀ ಹಿಂದಿನ,◀ முந்தைய,◀ మునుపటి,◀ മുമ്പത്തേത്,◀ ପୂର୍ବ,◀ पिछिला,◀ पछिला,◀ પાછલા,◀ मागील,◀ ਪਿਛਲੇ
wa_page,,,Page {p} of {n} – choose an option:,पेज {p} / {n} – कोई विकल्प चुनें:,পৃষ্ঠা {p} / {n} – একটি বিকল্প বেছে নিন:,পৃষ্ঠা {p} / {n} – এটা বিকল্প বাছনি কৰক:,ಪುಟ {p} / {n} – ಒಂದು ಆಯ್ಕೆ ಮಾಡಿ:,பக்கம் {p} / {n} – ஒன்றைத் தேர்ந்தெடுக்கவும்:,పేజీ {p} / {n} – ఒక ఆప్షన్ ఎంచుకోండి:,പേജ് {p} / {n} – ഒരു ഓപ്ഷൻ തിരഞ്ഞെടുക്കുക:,ପୃଷ୍ଠା {p} / {n} – ଏକ ବିକଳ୍ପ ବାଛନ୍ତୁ:,पेज {p} / {n} – कवनो विकल्प चुनीं:,पेज {p} / {n} – कोनो विकल्प चुनू:,પાનું {p} / {n} – કોઈ વિકલ્પ પસંદ કરો:,पान {p} / {n} – एक पर्याय निवडा:,ਪੰਨਾ {p} / {n} – ਕੋਈ ਵਿਕਲਪ ਚੁਣੋ:
choose_next,,,What would you like to do next?,आगे आप क्या करना चाहेंगे?,এরপর আপনি কী করতে চান?,ইয়াৰ পিছত আপুনি কি কৰিব বিচাৰে?,ಮುಂದೆ ನೀವು ಏನು ಮಾಡಲು ಬಯಸುತ್ತೀರಿ?,அடுத்து என்ன செய்ய விரும்புகிறீர்கள்?,తర్వాత మీరు ఏమి చేయాలనుకుంటున్నారు?,അടുത്തതായി നിങ്ങൾക്ക് എന്ത് ചെയ്യണം?,ଏହା ପରେ ଆପଣ କ'ଣ କରିବାକୁ ଚାହୁଁଛନ୍ତି?,अब रउआ का करे के चाहत बानी?,आब अहाँ की करए चाहैत छी?,હવે તમે શું કરવા માંગો છો?,आता तुम्हाला काय करायचे आहे?,ਹੁਣ ਤੁਸੀਂ ਕੀ ਕਰਨਾ ਚਾਹੁੰਦੇ ਹੋ?
unsupported,,,Please reply with text (a number or a word).,कृपया टेक्स्ट में जवाब दें (नंबर या शब्द)।,অনুগ্রহ করে টেক্সটে উত্তর দিন (নম্বর বা শব্দ)।,অনুগ্ৰহ কৰি টেক্সটত উত্তৰ দিয়ক (নম্বৰ বা শব্দ)।,ದಯವಿಟ್ಟು ಪಠ್ಯದಲ್ಲಿ ಉತ್ತರಿಸಿ (ಸಂಖ್ಯೆ ಅಥವಾ ಪದ).,தயவுசெய்து உரையாகப் பதில் அளியுங்கள் (எண் அல்லது சொல்).,దయచేసి టెక్స్ట్‌లో జవాబు ఇవ్వండి (నంబర్ లేదా పదం).,ദയവായി ടെക്സ്റ്റായി മറുപടി നൽകുക (നമ്പർ അല്ലെങ്കിൽ വാക്ക്).,ଦୟାକରି ଟେକ୍ସଟରେ ଉତ୍ତର ଦିଅନ୍ତୁ (ନମ୍ବର କିମ୍ବା ଶବ୍ଦ)।,किरपा करके टेक्स्ट में जवाब दीं (नंबर भा शब्द)।,कृपया टेक्स्टमे उत्तर दिअ (नंबर वा शब्द)।,કૃપા કરી ટેક્સ્ટમાં જવાબ આપો (નંબર અથવા શબ્દ).,कृपया मजकुरात उत्तर द्या (क्रमांक किंवा शब्द).,ਕਿਰਪਾ ਕਰਕੇ ਟੈਕਸਟ ਵਿੱਚ ਜਵਾਬ ਦਿਓ (ਨੰਬਰ ਜਾਂ ਸ਼ਬਦ)।
o_refer,20,WhatsApp button title (max 20 characters),Refer a friend,दोस्त को बताएं,বন্ধুকে জানান,বন্ধুক জনাওক,ಸ್ನೇಹಿತರಿಗೆ ತಿಳಿಸಿ,நண்பரிடம் சொல்க,మిత్రుడికి చెప్పండి,സുഹൃത്തിനോട് പറയൂ,ବନ୍ଧୁଙ୍କୁ କୁହନ୍ତୁ,दोस्त के बताईं,मित्रकेँ कहू,મિત્રને જણાવો,मित्राला सांगा,ਦੋਸਤ ਨੂੰ ਦੱਸੋ
refer,,,"🤝 Know a student who could use this? Share your personal link:
WhatsApp: {wa}
Web: {web}
Or ask them to send the code *{code}* to this number.","🤝 किसी विद्यार्थी को इसकी ज़रूरत हो सकती है? अपना निजी लिंक शेयर करें:
WhatsApp: {wa}
वेब: {web}
या उनसे कहें कि इस नंबर पर कोड *{code}* भेजें।","🤝 কোনো ছাত্রছাত্রীর এটা কাজে লাগতে পারে? আপনার ব্যক্তিগত লিংক শেয়ার করুন:
WhatsApp: {wa}
ওয়েব: {web}
অথবা তাদের এই নম্বরে কোড *{code}* পাঠাতে বলুন।","🤝 কোনো ছাত্ৰ-ছাত্ৰীৰ ইয়াৰ প্ৰয়োজন হ'ব পাৰে? আপোনাৰ ব্যক্তিগত লিংক শ্বেয়াৰ কৰক:
WhatsApp: {wa}
ৱেব: {web}
নাইবা তেওঁলোকক এই নম্বৰলৈ কোড *{code}* পঠিয়াবলৈ কওক।","🤝 ಯಾವುದೇ ವಿದ್ಯಾರ್ಥಿಗೆ ಇದು ಉಪಯೋಗವಾಗಬಹುದೇ? ನಿಮ್ಮ ವೈಯಕ್ತಿಕ ಲಿಂಕ್ ಹಂಚಿಕೊಳ್ಳಿ:
WhatsApp: {wa}
ವೆಬ್: {web}
ಅಥವಾ ಈ ಸಂಖ್ಯೆಗೆ *{code}* ಕೋಡ್ ಕಳುಹಿಸಲು ಹೇಳಿ.","🤝 ஒரு மாணவருக்கு இது பயன்படுமா? உங்கள் தனிப்பட்ட இணைப்பைப் பகிருங்கள்:
WhatsApp: {wa}
வலை: {web}
அல்லது இந்த எண்ணுக்கு *{code}* குறியீட்டை அனுப்பச் சொல்லுங்கள்.","🤝 ఏ విద్యార్థికైనా ఇది ఉపయోగపడవచ్చా? మీ వ్యక్తిగత లింక్‌ను షేర్ చేయండి:
WhatsApp: {wa}
వెబ్: {web}
లేదా ఈ నంబర్‌కు *{code}* కోడ్ పంపమని చెప్పండి.","🤝 ഏതെങ്കിലും വിദ്യാർത്ഥിക്ക് ഇത് ഉപകാരപ്പെടുമോ? നിങ്ങളുടെ വ്യക്തിഗത ലിങ്ക് പങ്കിടൂ:
WhatsApp: {wa}
വെബ്: {web}
അല്ലെങ്കിൽ ഈ നമ്പറിലേക്ക് *{code}* കോഡ് അയയ്ക്കാൻ പറയൂ.","🤝 କୌଣସି ଛାତ୍ରଛାତ୍ରୀଙ୍କ ଏହା ଦରକାର ହୋଇପାରେ? ଆପଣଙ୍କ ବ୍ୟକ୍ତିଗତ ଲିଙ୍କ ସେୟାର କରନ୍ତୁ:
WhatsApp: {wa}
ୱେବ: {web}
କିମ୍ବା ତାଙ୍କୁ ଏହି ନମ୍ବରକୁ କୋଡ୍ *{code}* ପଠାଇବାକୁ କୁହନ୍ତୁ।","🤝 कवनो विद्यार्थी के एकर जरूरत हो सकेला? आपन निजी लिंक शेयर करीं:
WhatsApp: {wa}
वेब: {web}
या उनसे कहीं कि एह नंबर पर कोड *{code}* भेजस।","🤝 कोनो विद्यार्थीकेँ एकर जरूरति भ' सकैत अछि? अपन निजी लिंक शेयर करू:
WhatsApp: {wa}
वेब: {web}
वा हुनकासँ कहू जे एहि नंबर पर कोड *{code}* पठाबथि।","🤝 કોઈ વિદ્યાર્થીને આની જરૂર હોઈ શકે? તમારી વ્યક્તિગત લિંક શેર કરો:
WhatsApp: {wa}
વેબ: {web}
અથવા તેમને આ નંબર પર કોડ *{code}* મોકલવા કહો.","🤝 एखाद्या विद्यार्थ्याला याची गरज असेल? तुमची वैयक्तिक लिंक शेअर करा:
WhatsApp: {wa}
वेब: {web}
किंवा त्यांना या नंबरवर कोड *{code}* पाठवायला सांगा.","🤝 ਕਿਸੇ ਵਿਦਿਆਰਥੀ ਨੂੰ ਇਸਦੀ ਲੋੜ ਹੋ ਸਕਦੀ ਹੈ? ਆਪਣਾ ਨਿੱਜੀ ਲਿੰਕ ਸਾਂਝਾ ਕਰੋ:
WhatsApp: {wa}
ਵੈੱਬ: {web}
ਜਾਂ ਉਨ੍ਹਾਂ ਨੂੰ ਇਸ ਨੰਬਰ 'ਤੇ ਕੋਡ *{code}* ਭੇਜਣ ਲਈ ਕਹੋ।"
web_link,,,"📱 Prefer a bigger screen? Open your one-time link (only for you, expires in {h} hours):
{url}","📱 बड़ी स्क्रीन पर देखना है? अपना एक-बार का लिंक खोलें (सिर्फ़ आपके लिए, {h} घंटे में समाप्त):
{url}","📱 বড় স্ক্রিনে দেখতে চান? আপনার এককালীন লিংক খুলুন (শুধু আপনার জন্য, {h} ঘণ্টায় মেয়াদ শেষ):
{url}","📱 ডাঙৰ স্ক্ৰীণত চাব বিচাৰে? আপোনাৰ এবাৰৰ লিংক খোলক (কেৱল আপোনাৰ বাবে, {h} ঘণ্টাত ম্যাদ শেষ):
{url}","📱 ದೊಡ್ಡ ಪರದೆಯಲ್ಲಿ ನೋಡಬೇಕೇ? ನಿಮ್ಮ ಒಂದು-ಬಾರಿಯ ಲಿಂಕ್ ತೆರೆಯಿರಿ (ನಿಮಗೆ ಮಾತ್ರ, {h} ಗಂಟೆಗಳಲ್ಲಿ ಅವಧಿ ಮುಗಿಯುತ್ತದೆ):
{url}","📱 பெரிய திரையில் பார்க்க வேண்டுமா? உங்கள் ஒருமுறை இணைப்பைத் திறக்கவும் (உங்களுக்கு மட்டும், {h} மணி நேரத்தில் காலாவதி):
{url}","📱 పెద్ద స్క్రీన్‌పై చూడాలా? మీ ఒకసారి లింక్‌ను తెరవండి (మీకు మాత్రమే, {h} గంటల్లో గడువు ముగుస్తుంది):
{url}","📱 വലിയ സ്ക്രീനിൽ കാണണോ? നിങ്ങളുടെ ഒറ്റത്തവണ ലിങ്ക് തുറക്കൂ (നിങ്ങൾക്ക് മാത്രം, {h} മണിക്കൂറിൽ കാലഹരണപ്പെടും):
{url}","📱 ବଡ ସ୍କ୍ରିନରେ ଦେଖିବାକୁ ଚାହାଁନ୍ତି? ଆପଣଙ୍କ ଏକଥର ଲିଙ୍କ ଖୋଲନ୍ତୁ (କେବଳ ଆପଣଙ୍କ ପାଇଁ, {h} ଘଣ୍ଟାରେ ଶେଷ):
{url}","📱 बड़ स्क्रीन पर देखे के बा? आपन एक-बेर के लिंक खोलीं (खाली रउआ खातिर, {h} घंटा में खतम):
{url}","📱 पैघ स्क्रीन पर देखबाक अछि? अपन एक-बेरक लिंक खोलू (मात्र अहाँक लेल, {h} घंटामे समाप्त):
{url}","📱 મોટી સ્ક્રીન પર જોવું છે? તમારી એક-વખતની લિંક ખોલો (ફક્ત તમારા માટે, {h} કલાકમાં સમાપ્ત):
{url}","📱 मोठ्या स्क्रीनवर पाहायचे आहे? तुमची एक-वेळची लिंक उघडा (फक्त तुमच्यासाठी, {h} तासांत संपेल):
{url}","📱 ਵੱਡੀ ਸਕ੍ਰੀਨ 'ਤੇ ਦੇਖਣਾ ਹੈ? ਆਪਣਾ ਇੱਕ-ਵਾਰ ਦਾ ਲਿੰਕ ਖੋਲ੍ਹੋ (ਸਿਰਫ਼ ਤੁਹਾਡੇ ਲਈ, {h} ਘੰਟਿਆਂ ਵਿੱਚ ਖਤਮ):
{url}"
my_link,,,"📋 Your saved schemes, reminders and application tracker (one-time link, only for you):
{url}","📋 आपकी सेव की गई योजनाएँ, रिमाइंडर और आवेदन ट्रैकर (एक-बार का लिंक, सिर्फ़ आपके लिए):
{url}","📋 আপনার সেভ করা স্কিম, রিমাইন্ডার ও আবেদন ট্র্যাকার (এককালীন লিংক, শুধু আপনার জন্য):
{url}","📋 আপোনাৰ ছেভ কৰা আঁচনি, ৰিমাইণ্ডাৰ আৰু আবেদন ট্ৰেকাৰ (এবাৰৰ লিংক, কেৱল আপোনাৰ বাবে):
{url}","📋 ನೀವು ಉಳಿಸಿದ ಯೋಜನೆಗಳು, ಜ್ಞಾಪನೆಗಳು ಮತ್ತು ಅರ್ಜಿ ಟ್ರ್ಯಾಕರ್ (ಒಂದು-ಬಾರಿಯ ಲಿಂಕ್, ನಿಮಗೆ ಮಾತ್ರ):
{url}","📋 நீங்கள் சேமித்த திட்டங்கள், நினைவூட்டல்கள், விண்ணப்ப நிலை (ஒருமுறை இணைப்பு, உங்களுக்கு மட்டும்):
{url}","📋 మీరు సేవ్ చేసిన పథకాలు, రిమైండర్లు, దరఖాస్తు ట్రాకర్ (ఒకసారి లింక్, మీకు మాత్రమే):
{url}","📋 നിങ്ങൾ സേവ് ചെയ്ത പദ്ധതികൾ, ഓർമ്മപ്പെടുത്തലുകൾ, അപേക്ഷാ ട്രാക്കർ (ഒറ്റത്തവണ ലിങ്ക്, നിങ്ങൾക്ക് മാത്രം):
{url}","📋 ଆପଣଙ୍କ ସେଭ୍ ହୋଇଥିବା ଯୋଜନା, ରିମାଇଣ୍ଡର ଓ ଆବେଦନ ଟ୍ରାକର (ଏକଥର ଲିଙ୍କ, କେବଳ ଆପଣଙ୍କ ପାଇଁ):
{url}","📋 रउआ के सेव कइल योजना, रिमाइंडर आ आवेदन ट्रैकर (एक-बेर के लिंक, खाली रउआ खातिर):
{url}","📋 अहाँक सेव कएल योजना, रिमाइंडर आ आवेदन ट्रैकर (एक-बेरक लिंक, मात्र अहाँक लेल):
{url}","📋 તમારી સેવ કરેલી યોજનાઓ, રિમાઇન્ડર અને અરજી ટ્રેકર (એક-વખતની લિંક, ફક્ત તમારા માટે):
{url}","📋 तुमच्या सेव्ह केलेल्या योजना, स्मरणपत्रे आणि अर्ज ट्रॅकर (एक-वेळची लिंक, फक्त तुमच्यासाठी):
{url}","📋 ਤੁਹਾਡੀਆਂ ਸੇਵ ਕੀਤੀਆਂ ਯੋਜਨਾਵਾਂ, ਰਿਮਾਈਂਡਰ ਅਤੇ ਅਰਜ਼ੀ ਟ੍ਰੈਕਰ (ਇੱਕ-ਵਾਰ ਦਾ ਲਿੰਕ, ਸਿਰਫ਼ ਤੁਹਾਡੇ ਲਈ):
{url}"
save_ok,,,"✅ Saved! {n} scheme(s) are in My schemes. We'll remind you before last dates. Reply STOP anytime.
{url}","✅ सेव हो गया! {n} योजना(एँ) मेरी योजनाएँ में हैं। अंतिम तिथि से पहले हम याद दिलाएँगे। कभी भी STOP लिखें।
{url}","✅ সেভ হয়েছে! {n}টি স্কিম আমার স্কিম-এ আছে। শেষ তারিখের আগে আমরা মনে করিয়ে দেব। যেকোনো সময় STOP লিখুন।
{url}","✅ ছেভ হ'ল! {n}টা আঁচনি মোৰ আঁচনিত আছে। শেষ তাৰিখৰ আগতে আমি মনত পেলাই দিম। যিকোনো সময়ত STOP লিখক।
{url}","✅ ಉಳಿಸಲಾಗಿದೆ! {n} ಯೋಜನೆ(ಗಳು) ನನ್ನ ಯೋಜನೆಗಳಲ್ಲಿ ಇವೆ. ಕೊನೆಯ ದಿನಾಂಕದ ಮೊದಲು ನೆನಪಿಸುತ್ತೇವೆ. ಯಾವಾಗ ಬೇಕಾದರೂ STOP ಕಳುಹಿಸಿ.
{url}","✅ சேமிக்கப்பட்டது! {n} திட்டம்(கள்) என் திட்டங்களில் உள்ளன. கடைசி தேதிக்கு முன் நினைவூட்டுவோம். எப்போது வேண்டுமானாலும் STOP என அனுப்பவும்.
{url}","✅ సేవ్ అయింది! {n} పథకం(లు) నా పథకాలు లో ఉన్నాయి. చివరి తేదీకి ముందు గుర్తు చేస్తాం. ఎప్పుడైనా STOP అని పంపండి.
{url}","✅ സേവ് ചെയ്തു! {n} പദ്ധതി(കൾ) എന്റെ പദ്ധതികളിൽ ഉണ്ട്. അവസാന തീയതിക്ക് മുമ്പ് ഓർമ്മിപ്പിക്കും. എപ്പോൾ വേണമെങ്കിലും STOP അയയ്ക്കൂ.
{url}","✅ ସେଭ୍ ହେଲା! {n}ଟି ଯୋଜନା ମୋ ଯୋଜନାରେ ଅଛି। ଶେଷ ତାରିଖ ପୂର୍ବରୁ ଆମେ ମନେ ପକାଇଦେବୁ। ଯେକୌଣସି ସମୟରେ STOP ଲେଖନ୍ତୁ।
{url}","✅ सेव हो गइल! {n} योजना हमार योजना में बा। अंतिम तारीख से पहिले हम याद दिलाइब। कबो STOP लिखीं।
{url}","✅ सेव भ' गेल! {n} योजना हमर योजनामे अछि। अंतिम तिथिसँ पहिने हम मोन पाड़ब। कखनो STOP लिखू।
{url}","✅ સેવ થયું! {n} યોજના મારી યોજનાઓમાં છે. છેલ્લી તારીખ પહેલાં અમે યાદ અપાવીશું. ગમે ત્યારે STOP લખો.
{url}","✅ सेव्ह झाले! {n} योजना माझ्या योजना मध्ये आहेत. शेवटच्या तारखेपूर्वी आम्ही आठवण करून देऊ. कधीही STOP लिहा.
{url}","✅ ਸੇਵ ਹੋ ਗਿਆ! {n} ਯੋਜਨਾ ਮੇਰੀਆਂ ਯੋਜਨਾਵਾਂ ਵਿੱਚ ਹਨ। ਆਖਰੀ ਮਿਤੀ ਤੋਂ ਪਹਿਲਾਂ ਅਸੀਂ ਯਾਦ ਕਰਾਵਾਂਗੇ। ਕਦੇ ਵੀ STOP ਲਿਖੋ।
{url}"
save_bad,,,This code is not valid or has expired. Please tap Save again on the web page.,यह कोड मान्य नहीं है या समाप्त हो गया है। कृपया वेब पेज पर फिर से सेव दबाएँ।,এই কোডটি বৈধ নয় বা মেয়াদ শেষ। ওয়েব পেজে আবার সেভ চাপুন।,এই কোড বৈধ নহয় বা ম্যাদ উকলিছে। ৱেব পেজত পুনৰ ছেভ টিপক।,ಈ ಕೋಡ್ ಮಾನ್ಯವಲ್ಲ ಅಥವಾ ಅವಧಿ ಮುಗಿದಿದೆ. ದಯವಿಟ್ಟು ವೆಬ್ ಪುಟದಲ್ಲಿ ಮತ್ತೆ ಉಳಿಸಿ ಒತ್ತಿ.,இந்தக் குறியீடு செல்லாது அல்லது காலாவதியானது. வலைப் பக்கத்தில் மீண்டும் சேமி அழுத்தவும்.,ఈ కోడ్ చెల్లదు లేదా గడువు ముగిసింది. దయచేసి వెబ్ పేజీలో మళ్లీ సేవ్ నొక్కండి.,ഈ കോഡ് സാധുവല്ല അല്ലെങ്കിൽ കാലഹരണപ്പെട്ടു. ദയവായി വെബ് പേജിൽ വീണ്ടും സേവ് അമർത്തൂ.,ଏହି କୋଡ୍ ବୈଧ ନୁହେଁ କିମ୍ବା ମିଆଦ ଶେଷ। ୱେବ ପେଜରେ ପୁଣି ସେଭ୍ ଦବାନ୍ତୁ।,ई कोड सही नइखे या खतम हो गइल बा। वेब पेज पर फेर से सेव दबाईं।,ई कोड मान्य नहि अछि वा समाप्त भ' गेल। वेब पेज पर फेरसँ सेव दबाउ।,આ કોડ માન્ય નથી અથવા સમાપ્ત થઈ ગયો છે. કૃપા કરીને વેબ પેજ પર ફરી સેવ દબાવો.,हा कोड वैध नाही किंवा कालबाह्य झाला आहे. कृपया वेब पेजवर पुन्हा सेव्ह दाबा.,ਇਹ ਕੋਡ ਵੈਧ ਨਹੀਂ ਹੈ ਜਾਂ ਮਿਆਦ ਖਤਮ ਹੋ ਗਈ ਹੈ। ਕਿਰਪਾ ਕਰਕੇ ਵੈੱਬ ਪੇਜ 'ਤੇ ਦੁਬਾਰਾ ਸੇਵ ਦਬਾਓ।
parent_ok,,,✅ Thank you. Your consent is recorded. Reminders will now go to your child's number.,✅ धन्यवाद। आपकी सहमति दर्ज हो गई है। अब रिमाइंडर आपके बच्चे के नंबर पर जाएँगे।,✅ ধন্যবাদ। আপনার সম্মতি নথিভুক্ত হয়েছে। এখন রিমাইন্ডার আপনার সন্তানের নম্বরে যাবে।,✅ ধন্যবাদ। আপোনাৰ সন্মতি ৰেকৰ্ড কৰা হ'ল। এতিয়া ৰিমাইণ্ডাৰ আপোনাৰ সন্তানৰ নম্বৰলৈ যাব।,✅ ಧನ್ಯವಾದಗಳು. ನಿಮ್ಮ ಒಪ್ಪಿಗೆ ದಾಖಲಾಗಿದೆ. ಇನ್ನು ಜ್ಞಾಪನೆಗಳು ನಿಮ್ಮ ಮಗುವಿನ ಸಂಖ್ಯೆಗೆ ಹೋಗುತ್ತವೆ.,✅ நன்றி. உங்கள் ஒப்புதல் பதிவு செய்யப்பட்டது. இனி நினைவூட்டல்கள் உங்கள் குழந்தையின் எண்ணுக்குச் செல்லும்.,✅ ధన్యవాదాలు. మీ సమ్మతి నమోదైంది. ఇకపై రిమైండర్లు మీ పిల్లల నంబర్‌కు వెళ్తాయి.,✅ നന്ദി. നിങ്ങളുടെ സമ്മതം രേഖപ്പെടുത്തി. ഇനി ഓർമ്മപ്പെടുത്തലുകൾ നിങ്ങളുടെ കുട്ടിയുടെ നമ്പറിലേക്ക് പോകും.,✅ ଧନ୍ୟବାଦ। ଆପଣଙ୍କ ସମ୍ମତି ରେକର୍ଡ ହେଲା। ଏବେ ରିମାଇଣ୍ଡର ଆପଣଙ୍କ ପିଲାଙ୍କ ନମ୍ବରକୁ ଯିବ।,✅ धन्यवाद। रउआ के सहमति दर्ज हो गइल। अब रिमाइंडर रउआ के बच्चा के नंबर पर जाई।,✅ धन्यवाद। अहाँक सहमति दर्ज भ' गेल। आब रिमाइंडर अहाँक बच्चाक नंबर पर जाएत।,✅ આભાર. તમારી સંમતિ નોંધાઈ ગઈ છે. હવે રિમાઇન્ડર તમારા બાળકના નંબર પર જશે.,✅ धन्यवाद. तुमची संमती नोंदवली आहे. आता स्मरणपत्रे तुमच्या मुलाच्या नंबरवर जातील.,✅ ਧੰਨਵਾਦ। ਤੁਹਾਡੀ ਸਹਿਮਤੀ ਦਰਜ ਹੋ ਗਈ ਹੈ। ਹੁਣ ਰਿਮਾਈਂਡਰ ਤੁਹਾਡੇ ਬੱਚੇ ਦੇ ਨੰਬਰ 'ਤੇ ਜਾਣਗੇ।
voice_soon,,,🎤 Voice notes are coming soon. Please type your answer for now.,🎤 वॉइस नोट जल्द आ रहे हैं। अभी कृपया अपना जवाब टाइप करें।,🎤 ভয়েস নোট শীঘ্রই আসছে। এখন অনুগ্রহ করে উত্তর টাইপ করুন।,🎤 ভইচ নোট সোনকালে আহিব। এতিয়া অনুগ্ৰহ কৰি উত্তৰ টাইপ কৰক।,🎤 ಧ್ವನಿ ಸಂದೇಶಗಳು ಶೀಘ್ರದಲ್ಲೇ ಬರಲಿವೆ. ಈಗ ದಯವಿಟ್ಟು ನಿಮ್ಮ ಉತ್ತರ ಟೈಪ್ ಮಾಡಿ.,🎤 குரல் செய்திகள் விரைவில் வரும். இப்போது உங்கள் பதிலைத் தட்டச்சு செய்யவும்.,🎤 వాయిస్ నోట్లు త్వరలో వస్తాయి. ఇప్పుడు దయచేసి మీ జవాబు టైప్ చేయండి.,🎤 വോയ്സ് നോട്ടുകൾ ഉടൻ വരുന്നു. ഇപ്പോൾ ദയവായി നിങ്ങളുടെ മറുപടി ടൈപ്പ് ചെയ്യൂ.,🎤 ଭଏସ୍ ନୋଟ୍ ଶୀଘ୍ର ଆସୁଛି। ଏବେ ଦୟାକରି ଉତ୍ତର ଟାଇପ୍ କରନ୍ତୁ।,🎤 वॉइस नोट जल्दी आई। अबहीं आपन जवाब टाइप करीं।,🎤 वॉइस नोट जल्दी आओत। एखन अपन उत्तर टाइप करू।,🎤 વૉઇસ નોટ ટૂંક સમયમાં આવી રહ્યા છે. હમણાં કૃપા કરીને જવાબ ટાઇપ કરો.,🎤 व्हॉइस नोट लवकरच येत आहेत. आत्ता कृपया तुमचे उत्तर टाइप करा.,🎤 ਵੌਇਸ ਨੋਟ ਜਲਦੀ ਆ ਰਹੇ ਹਨ। ਹੁਣੇ ਕਿਰਪਾ ਕਰਕੇ ਆਪਣਾ ਜਵਾਬ ਟਾਈਪ ਕਰੋ।
voice_heard,,,🎤 I heard: “{text}”,🎤 मैंने सुना: “{text}”,🎤 আমি শুনলাম: “{text}”,🎤 মই শুনিলোঁ: “{text}”,🎤 ನಾನು ಕೇಳಿದ್ದು: “{text}”,🎤 நான் கேட்டது: “{text}”,🎤 నేను విన్నది: “{text}”,🎤 ഞാൻ കേട്ടത്: “{text}”,🎤 ମୁଁ ଶୁଣିଲି: “{text}”,🎤 हम सुननी: “{text}”,🎤 हम सुनलहुँ: “{text}”,🎤 મેં સાંભળ્યું: “{text}”,🎤 मी ऐकले: “{text}”,🎤 ਮੈਂ ਸੁਣਿਆ: “{text}”
no_saved,,,"You have not saved any schemes yet. Find scholarships first, then tap Save on the web page.","आपने अभी कोई योजना सेव नहीं की है। पहले छात्रवृत्ति खोजें, फिर वेब पेज पर सेव दबाएँ।","আপনি এখনও কোনো স্কিম সেভ করেননি। আগে বৃত্তি খুঁজুন, তারপর ওয়েব পেজে সেভ চাপুন।","আপুনি এতিয়ালৈকে কোনো আঁচনি ছেভ কৰা নাই। প্ৰথমে বৃত্তি বিচাৰক, তাৰ পিছত ৱেব পেজত ছেভ টিপক।","ನೀವು ಇನ್ನೂ ಯಾವುದೇ ಯೋಜನೆ ಉಳಿಸಿಲ್ಲ. ಮೊದಲು ವಿದ್ಯಾರ್ಥಿವೇತನಗಳನ್ನು ಹುಡುಕಿ, ನಂತರ ವೆಬ್ ಪುಟದಲ್ಲಿ ಉಳಿಸಿ ಒತ್ತಿ.","நீங்கள் இன்னும் எந்தத் திட்டத்தையும் சேமிக்கவில்லை. முதலில் உதவித்தொகைகளைத் தேடி, பிறகு வலைப் பக்கத்தில் சேமி அழுத்தவும்.","మీరు ఇంకా ఏ పథకాన్నీ సేవ్ చేయలేదు. ముందుగా స్కాలర్‌షిప్‌లు వెతకండి, తర్వాత వెబ్ పేజీలో సేవ్ నొక్కండి.","നിങ്ങൾ ഇതുവരെ ഒരു പദ്ധതിയും സേവ് ചെയ്തിട്ടില്ല. ആദ്യം സ്കോളർഷിപ്പുകൾ കണ്ടെത്തൂ, പിന്നെ വെബ് പേജിൽ സേവ് അമർത്തൂ.","ଆପଣ ଏପର୍ଯ୍ୟନ୍ତ କୌଣସି ଯୋଜନା ସେଭ୍ କରିନାହାଁନ୍ତି। ପ୍ରଥମେ ଛାତ୍ରବୃତ୍ତି ଖୋଜନ୍ତୁ, ତାପରେ ୱେବ ପେଜରେ ସେଭ୍ ଦବାନ୍ତୁ।","रउआ अबहीं कवनो योजना सेव नइखीं कइले। पहिले छात्रवृत्ति खोजीं, फेर वेब पेज पर सेव दबाईं।","अहाँ एखन धरि कोनो योजना सेव नहि कएलहुँ। पहिने छात्रवृत्ति खोजू, फेर वेब पेज पर सेव दबाउ।","તમે હજી કોઈ યોજના સેવ કરી નથી. પહેલાં શિષ્યવૃત્તિ શોધો, પછી વેબ પેજ પર સેવ દબાવો.","तुम्ही अजून कोणतीही योजना सेव्ह केलेली नाही. आधी शिष्यवृत्ती शोधा, मग वेब पेजवर सेव्ह दाबा.","ਤੁਸੀਂ ਅਜੇ ਕੋਈ ਯੋਜਨਾ ਸੇਵ ਨਹੀਂ ਕੀਤੀ। ਪਹਿਲਾਂ ਵਜ਼ੀਫ਼ੇ ਲੱਭੋ, ਫਿਰ ਵੈੱਬ ਪੇਜ 'ਤੇ ਸੇਵ ਦਬਾਓ।"
