Scheme_ID,Scheme_Name,Level,State_UT,Department,Master_Category,New_Categories,Category_Source,Master_Gender,New_Gender,Target_Groups,Region_States,Overlay_Notes,Needs_Review
MSM-0013,Pre-Matric Scholarship for Students with Disabilities,Central,Central,,All categories; disability criterion,,master,All,,disability,,only for: disability,
MSM-0014,Post-Matric Scholarship for Students with Disabilities,Central,Central,,All categories; disability criterion,,master,All,,disability,,only for: disability,
MSM-0015,Scholarship for Top Class Education for Students with Disabilities,Central,Central,,All categories; disability criterion,,master,All,,disability,,only for: disability,
MSM-0016,Ishan Uday Special Scholarship Scheme for North Eastern Region,Central,Central,,General / all categories,,master,All,,,Arunachal Pradesh; Assam; Manipur; Meghalaya; Mizoram; Nagaland; Sikkim; Tripura,region: Arunachal Pradesh; Assam; Manipur; Meghalaya; Mizoram; Nagaland; Sikkim; Tripura,
MSM-0018,AICTE Saksham Scholarship Scheme - Degree,Central,Central,,All categories; specially-abled,,master,All,,disability,,only for: disability,
MSM-0021,Prime Minister's Scholarship Scheme for CAPF and Assam Rifles,Central,Central,,General / all categories,,master,All,,defence,,only for: defence,
MSM-0022,Prime Minister's Scholarship Scheme for Wards of States/UTs Police Personnel Martyred during Terror/Naxal Attacks,Central,Central,,General / all categories,,master,All,,defence,,only for: defence,
MSM-0023,Prime Minister's Scholarship Scheme for Ministry of Railways,Central,Central,,General / all categories,,master,All,,defence,,only for: defence,
MSM-0024,Financial Assistance for Education to Wards of Beedi/Cine/IOMC/LSDM Workers - Pre-Matric,Central,Central,,General / all categories,,master,All,,workers,,only for: workers,
MSM-0025,Financial Assistance for Education to Wards of Beedi/Cine/IOMC/LSDM Workers - Post-Matric,Central,Central,,General / all categories,,master,All,,workers,,only for: workers,
MSM-0027,NEC Merit Scholarship,Central,Central,,General / all categories,,master,All,,,Arunachal Pradesh; Assam; Manipur; Meghalaya; Mizoram; Nagaland; Sikkim; Tripura,region: Arunachal Pradesh; Assam; Manipur; Meghalaya; Mizoram; Nagaland; Sikkim; Tripura,
MSM-0028,PM-USP Special Scholarship Scheme for Jammu & Kashmir and Ladakh,Central,Central,,General / all categories,,master,All,,,Jammu and Kashmir; Ladakh,region: Jammu and Kashmir; Ladakh,
MSM-0068,AICTE Pragati Scholarship Scheme - Degree,Central,Central,AICTE,Not specified in verified source,,master,Not specified in verified source,Female,,,gender Female [name] | education level: XII; UG ['Undergraduate / Professional'],
MSM-0069,AICTE Pragati Scholarship Scheme - Diploma,Central,Central,AICTE,Not specified in verified source,,master,Not specified in verified source,Female,,,gender Female [name],
MSM-0070,AICTE Saksham Scholarship Scheme - Diploma,Central,Central,AICTE,Not specified in verified source,,master,Not specified in verified source,,disability,,only for: disability,
MSM-0071,Savitribai Jyotirao Phule Fellowship for Single Girl Child,Central,Central,University Grants Commission,Not specified in verified source,,master,Female,,other,,only for: other | education level: PG ['PhD / Research'],
MSM-0072,"Junior Research Fellowship in Science, Humanities and Social Sciences",Central,Central,University Grants Commission,Not specified in verified source,,master,Not specified in verified source,,,,education level: PG ['PhD / Research'],
MSM-0073,Scholarship for PM CARES Children,Central,Central,Department of Social Justice & Empowerment,Not specified in verified source,,master,Not specified in verified source,,orphan,,only for: orphan,
MSM-0076,Dr. Ambedkar Scheme of Interest Subsidy on Educational Loan for Overseas Studies for OBCs & EBCs,Central,Central,Department of Social Justice & Empowerment,Not specified in verified source,OBC; General,inferred-name,Not specified in verified source,,,,"category OBC; General [inferred-name: EBC/EWS, OBC/BC/MBC/SEBC/SBC/VJNT/DNT/DNC/OEC]",
MSM-0080,Ambedkar Fellowship Scheme for SC Category Students,State/UT,Rajasthan,Social Justice & Empowerment Department,SC,,master,Not specified in verified source,,,,education level: PG ['Research'],
MSM-0083,Post-Matric Scholarship for SBC Students - Rajasthan,State/UT,Rajasthan,Social Justice & Empowerment Department,Not specified in verified source,OBC,inferred-name,Not specified in verified source,,,,category OBC [inferred-name: OBC/BC/MBC/SEBC/SBC/VJNT/DNT/DNC/OEC],
MSM-0084,Post-Matric Scholarship for EBC Students - Rajasthan,State/UT,Rajasthan,Social Justice & Empowerment Department,Not specified in verified source,General,inferred-name,Not specified in verified source,,,,category General [inferred-name: EBC/EWS],
MSM-0085,Post-Matric Scholarship for DNT Students - Rajasthan,State/UT,Rajasthan,Social Justice & Empowerment Department,Not specified in verified source,OBC,inferred-name,Not specified in verified source,,,,category OBC [inferred-name: OBC/BC/MBC/SEBC/SBC/VJNT/DNT/DNC/OEC],
MSM-0088,Post-Matric Scholarship to VJNT Students - Maharashtra,State/UT,Maharashtra,Government of Maharashtra,Not specified in verified source,OBC,inferred-name,Not specified in verified source,,,,category OBC [inferred-name: OBC/BC/MBC/SEBC/SBC/VJNT/DNT/DNC/OEC],
MSM-0092,Research Scholarship for Disabled Students - Madhya Pradesh,State/UT,Madhya Pradesh,Higher Education Department,Not specified in verified source,,master,Not specified in verified source,,disability,,only for: disability | education level: PG ['PhD / Research'],
MSM-0093,Dr. A.P.J. Abdul Kalam Meritorious Students Incentive Scheme (Class 12 Passed),State/UT,Madhya Pradesh,School Education Department,Not specified in verified source,,master,Not specified in verified source,,,,education level: X; XII ['Class 12'],
MSM-0096,Delhi Higher & Technical Education Support Scheme,State/UT,Delhi,"Higher Education Department, GNCTD",Not specified in verified source,,master,Not specified in verified source,,,,education level: XII; UG ['Undergraduate / Technical'],
MSM-0100,ICAR National Talent Scholarship (NTS-UG),Central,Central,Department of Agricultural Research and Education / ICAR,Not specified in verified source,,master,Not specified in verified source,,,,education level: XII; UG ['Undergraduate'],
MSM-0101,ICAR Post Graduate Scholarship (PGS),Central,Central,Department of Agricultural Research and Education / ICAR,Not specified in verified source,,master,Not specified in verified source,,,,education level: PG ['Postgraduate'],
MSM-0102,ICAR National Talent Scholarship (NTS-PG),Central,Central,Department of Agricultural Research and Education / ICAR,Not specified in verified source,,master,Not specified in verified source,,,,education level: PG ['Postgraduate'],
MSM-0103,ICAR Junior Research Fellowship (JRF) and Senior Research Fellowship (SRF),Central,Central,Department of Agricultural Research and Education / ICAR,Not specified in verified source,,master,Not specified in verified source,,,,education level: PG ['PhD / Research'],
MSM-0104,"Free Coaching for SCs, OBCs and Beneficiaries of PM CARES Children Scheme",Central,Central,Department of Social Justice & Empowerment,Not specified in verified source,SC; OBC,inferred-name,Not specified in verified source,,,,category SC; OBC [inferred-name: curated: SC/OBC students (PM CARES children also eligible)],
MSM-0108,Post-Matric Scholarship for Persons with Disability - Maharashtra,State/UT,Maharashtra,Social Justice and Special Assistance Department,Not specified in verified source,,master,Not specified in verified source,,disability,,only for: disability,
MSM-0117,Education Concession to Children of Ex-Servicemen - Maharashtra,State/UT,Maharashtra,Directorate of Higher Education,Not specified in verified source,,master,Not specified in verified source,,defence,,only for: defence,
MSM-0118,Eklavya Scholarship - Maharashtra,State/UT,Maharashtra,Directorate of Higher Education,Not specified in verified source,,master,Not specified in verified source,,,,education level: PG ['Postgraduate'],
MSM-0120,Scholarship to Meritorious Students Possessing Mathematics / Physics - Maharashtra,State/UT,Maharashtra,Directorate of Higher Education,Not specified in verified source,,master,Not specified in verified source,,,,education level: XII; UG ['Undergraduate'],
MSM-0121,Government Vidyaniketan Scholarship - Maharashtra,State/UT,Maharashtra,Directorate of Higher Education,Not specified in verified source,,master,Not specified in verified source,,school,,only for: school,
MSM-0123,Government Research Adhichatra,State/UT,Maharashtra,Directorate of Higher Education,Not specified in verified source,,master,Not specified in verified source,,,,education level: PG ['Research'],
MSM-0124,Education Concession to Children of Freedom Fighters - Maharashtra,State/UT,Maharashtra,Directorate of Higher Education,Not specified in verified source,,master,Not specified in verified source,,defence,,only for: defence,
MSM-0128,Rajarshi Chhatrapati Shahu Maharaj Shikshan Shulkh Shishyavrutti Yojna (EBC) - DTE,State/UT,Maharashtra,Directorate of Technical Education,Not specified in verified source,General,inferred-name,Not specified in verified source,,,,category General [inferred-name: EBC/EWS],
MSM-0130,Open Merit Scholarships in Junior College - Maharashtra,State/UT,Maharashtra,School Education and Sports Department,Not specified in verified source,,master,Not specified in verified source,,,,education level: X ['Class XI-XII'],
MSM-0131,Merit Scholarships for Economically Backward Class Students - Maharashtra,State/UT,Maharashtra,School Education and Sports Department,Not specified in verified source,General,inferred-name,Not specified in verified source,,,,category General [inferred-name: economically backward/weaker] | education level: X ['Class XI-XII'],
MSM-0132,Tuition Fees and Examination Fees to VJNT Students,State/UT,Maharashtra,"OBC, SEBC, VJNT & SBC Welfare Department",Not specified in verified source,OBC,inferred-name,Not specified in verified source,,,,category OBC [inferred-name: OBC/BC/MBC/SEBC/SBC/VJNT/DNT/DNC/OEC],
MSM-0133,Maintenance Allowance to VJNT and SBC Students in Professional College Hostels,State/UT,Maharashtra,"OBC, SEBC, VJNT & SBC Welfare Department",Not specified in verified source,OBC,inferred-name,Not specified in verified source,,,,category OBC [inferred-name: OBC/BC/MBC/SEBC/SBC/VJNT/DNT/DNC/OEC],
MSM-0134,Rajarshi Chhatrapati Shahu Maharaj Merit Scholarship for VJNT & SBC Students in XI-XII,State/UT,Maharashtra,"OBC, SEBC, VJNT & SBC Welfare Department",Not specified in verified source,OBC,inferred-name,Not specified in verified source,,,,category OBC [inferred-name: OBC/BC/MBC/SEBC/SBC/VJNT/DNT/DNC/OEC] | education level: X ['Class XI-XII'],
MSM-0136,Post Matric Scholarship to SBC Students - Maharashtra,State/UT,Maharashtra,"OBC, SEBC, VJNT & SBC Welfare Department",Not specified in verified source,OBC,inferred-name,Not specified in verified source,,,,category OBC [inferred-name: OBC/BC/MBC/SEBC/SBC/VJNT/DNT/DNC/OEC],
MSM-0138,Tuition Fees and Examination Fees to SBC Students - Maharashtra,State/UT,Maharashtra,"OBC, SEBC, VJNT & SBC Welfare Department",Not specified in verified source,OBC,inferred-name,Not specified in verified source,,,,category OBC [inferred-name: OBC/BC/MBC/SEBC/SBC/VJNT/DNT/DNC/OEC],
MSM-0148,Vocational Training Fee Reimbursement for SEBC/Open EWS Students - Maharashtra,State/UT,Maharashtra,"Skill Development, Employment and Entrepreneurship Department",Not specified in verified source,OBC; General,inferred-name,Not specified in verified source,,,,"category OBC; General [inferred-name: EBC/EWS, OBC/BC/MBC/SEBC/SBC/VJNT/DNT/DNC/OEC]",
MSM-0151,Devnarayan Girls Student Scooty Distribution Scheme (First Year Girls),State/UT,Rajasthan,College Education Department,Not specified in verified source,,master,Female,,,,education level: XII; UG ['Undergraduate first year'],
MSM-0153,Economic Help to Sahariya Students for B.Ed Training,State/UT,Rajasthan,College Education Department,Not specified in verified source,ST,inferred-name,Not specified in verified source,,,,category ST [inferred-name: curated: Sahariya tribe (ST)],
MSM-0156,Kali Bai Bheel Medhavi Chhatra Scooty Yojana - Passed Class 10,State/UT,Rajasthan,College Education Department,Not specified in verified source,,master,Not specified in verified source,Female,,,gender Female [name],
MSM-0157,Kali Bai Bheel Medhavi Chhatra Scooty Yojana - Passed Class 12,State/UT,Rajasthan,College Education Department,Not specified in verified source,,master,Not specified in verified source,Female,,,gender Female [name],
MSM-0160,Widow/Divorcee Chief Minister B.Ed Sambal Scheme,State/UT,Rajasthan,College Education Department,Not specified in verified source,,master,Not specified in verified source,Female,orphan,,gender Female [name] | only for: orphan,
MSM-0165,Dr. Ambedkar Pre-Matric and Post-Matric Scholarship for DNTs - Haryana,State/UT,Haryana,"Social Justice, Empowerment, Welfare of SC & BC and Antyodaya",Not specified in verified source,OBC,inferred-name,Not specified in verified source,,,,category OBC [inferred-name: OBC/BC/MBC/SEBC/SBC/VJNT/DNT/DNC/OEC],
MSM-0167,Annusuchit Jati Chhattra Ucch Shiksha Protsahan Yojna,State/UT,Haryana,"Social Justice, Empowerment, Welfare of SC & BC and Antyodaya",Not specified in verified source,SC,inferred-name,Not specified in verified source,,,,category SC [inferred-name: Scheduled Caste],
MSM-0170,Pre-Matric Scholarship for Children of Those Engaged in Unclean Occupations - Haryana,State/UT,Haryana,"Social Justice, Empowerment, Welfare of SC & BC and Antyodaya",Not specified in verified source,,master,Not specified in verified source,,workers,,only for: workers,
MSM-0171,e-Medhabruti - UG Merit,State/UT,Odisha,Higher Education Department,Not specified in verified source,,master,Not specified in verified source,,,,education level: XII; UG ['Undergraduate'],
MSM-0172,e-Medhabruti - PG Merit,State/UT,Odisha,Higher Education Department,Not specified in verified source,,master,Not specified in verified source,,,,education level: PG ['Postgraduate'],
MSM-0176,Sainik School Sujanpur Tihra Scholarship Scheme,State/UT,Himachal Pradesh,Department of Education,Not specified in verified source,,master,Not specified in verified source,,school,,only for: school,
MSM-0177,BPL Student Welfare Scholarship - Technical Education,State/UT,Chhattisgarh,Technical Education Department,Not specified in verified source,,master,Not specified in verified source,,bpl,,only for: bpl,
MSM-0179,Shikshashree,State/UT,West Bengal,Backward Classes Welfare Department,Not specified in verified source,OBC,inferred-department,Not specified in verified source,,,,category OBC [inferred-department: department 'Backward Classes Welfare Department'],YES
MSM-0180,Mukhyamantri Alpasankhyak Medhavi Balika Protsahan Yojana,State/UT,Uttarakhand,Minority Welfare Department,Not specified in verified source,Minority,inferred-name,Female,,,,category Minority [inferred-name: Minority],
MSM-0181,Merit Scholarship (Top 3 UG Students) - GBPUAT,State/UT,Uttarakhand,Department of Agriculture / GBPUAT,Not specified in verified source,,master,Not specified in verified source,,,,education level: XII; UG ['Undergraduate'],
MSM-0182,Combined Merit Scholarship - Degree,State/UT,Assam,Directorate of Higher Education,Not specified in verified source,,master,Not specified in verified source,,,,education level: XII; UG ['Undergraduate'],
MSM-0183,Combined Merit Scholarship - Master Degree,State/UT,Assam,Directorate of Higher Education,Not specified in verified source,,master,Not specified in verified source,,,,education level: PG ['Postgraduate'],
MSM-0184,P.G. Research Scholarship (Ph.D and M.Phil),State/UT,Assam,Directorate of Higher Education,Not specified in verified source,,master,Not specified in verified source,,,,education level: PG ['M.Phil / PhD'],
MSM-0185,Mukhya Mantrir Nijut Moina Aasoni,State/UT,Assam,Higher Education Department,Not specified in verified source,,master,Not specified in verified source,Female,,,gender Female [name],
MSM-0186,Mukhya Mantrir Nijut Babu Aasoni,State/UT,Assam,Higher Education Department,Not specified in verified source,,master,Not specified in verified source,Male,,,gender Male [name],
MSM-0189,Chief Minister's Assam Bikash Yojana - Pre/Post Matric Scholarship for Meritorious BPL Students,State/UT,Assam,Secondary Education Department,Not specified in verified source,,master,Not specified in verified source,,bpl,,only for: bpl,
MSM-0191,Physically Disability Scholarship - Assam,State/UT,Assam,Secondary Education Department,Not specified in verified source,,master,Not specified in verified source,,disability,,only for: disability,
MSM-0192,Scholarship to Assam Domicile Students Studying in Sainik School Goalpara,State/UT,Assam,Secondary Education Department,Not specified in verified source,,master,Not specified in verified source,,school,,only for: school,
MSM-0193,"Scholarship to Assam Students Studying in Rashtriya Indian Military College, Dehradun",State/UT,Assam,Secondary Education Department,Not specified in verified source,,master,Not specified in verified source,,school,,only for: school,
MSM-0195,Simon Sing Horo Special Post-Matric Scholarship,State/UT,Assam,Tea Tribes & Adivasi Welfare Department,Not specified in verified source,ST; OBC,inferred-department,Not specified in verified source,,,,category ST; OBC [inferred-department: department 'Tea Tribes & Adivasi Welfare Department'],YES
MSM-0196,Pre-Matric Scholarship - Tea Tribes/Adivasi Welfare Assam,State/UT,Assam,Tea Tribes & Adivasi Welfare Department,Not specified in verified source,ST; OBC,inferred-name,Not specified in verified source,,,,category ST; OBC [inferred-name: curated: Assam tea tribes/Adivasi (OBC/ST)],
MSM-0197,Post-Matric Scholarship - Tea Tribes/Adivasi Welfare Assam,State/UT,Assam,Tea Tribes & Adivasi Welfare Department,Not specified in verified source,ST; OBC,inferred-name,Not specified in verified source,,,,category ST; OBC [inferred-name: curated: Assam tea tribes/Adivasi (OBC/ST)],
MSM-0198,Higher Studies Assistance - Tea Tribes/Adivasi Welfare Assam,State/UT,Assam,Tea Tribes & Adivasi Welfare Department,Not specified in verified source,ST; OBC,inferred-name,Not specified in verified source,,,,category ST; OBC [inferred-name: curated: Assam tea tribes/Adivasi (OBC/ST)],
MSM-0203,Pre-SSC Scholarship to Children of Persons Engaged in Cleaning / Health-Hazard Occupations - Gujarat,State/UT,Gujarat,"Director, Scheduled Caste Welfare",Not specified in verified source,,master,Not specified in verified source,,workers,,only for: workers,
MSM-0207,Private Coaching Assistance to SC Students in Std 11-12 Science - Gujarat,State/UT,Gujarat,"Director, Scheduled Caste Welfare",SC,,master,Not specified in verified source,,,,education level: X ['Class XI-XII'],
MSM-0208,Private Coaching Assistance to SC Students in Std 11-12 General - Gujarat,State/UT,Gujarat,"Director, Scheduled Caste Welfare",SC,,master,Not specified in verified source,,,,education level: X ['Class XI-XII'],
MSM-0210,Assistance to M.Phil & Ph.D. SC Students for Thesis - Gujarat,State/UT,Gujarat,"Director, Scheduled Caste Welfare",SC,,master,Not specified in verified source,,,,education level: PG ['M.Phil / PhD'],
MSM-0214,Dr. Babasaheb Ambedkar Loan for Higher Study in Foreign Countries - Gujarat,State/UT,Gujarat,"Director, Scheduled Caste Welfare",Not specified in verified source,SC,inferred-department,Not specified in verified source,,,,"category SC [inferred-department: department 'Director, Scheduled Caste Welfare']",YES
MSM-0216,Vandaniy Sant Shri Vasiyadada Scholarship,State/UT,Gujarat,"Director, Scheduled Caste Welfare",Not specified in verified source,SC,inferred-department,Not specified in verified source,,,,"category SC [inferred-department: department 'Director, Scheduled Caste Welfare']",YES
MSM-0222,Free Tablet to Scheduled Caste Class 12 Students - Gujarat,State/UT,Gujarat,"Director, Scheduled Caste Welfare",SC,,master,Not specified in verified source,,,,education level: X; XII ['Class XII'],
MSM-0225,Pre-SSC Scholarship - Nomadic and Denotified Tribes Gujarat,State/UT,Gujarat,"Director, Developing Castes Welfare",Not specified in verified source,OBC,inferred-name,Not specified in verified source,,,,category OBC [inferred-name: Backward Class / DNT / Nomadic / Kapu / Developing Castes],
MSM-0226,Post-SSC Scholarship to Girls - Gujarat Developing Castes,State/UT,Gujarat,"Director, Developing Castes Welfare",Not specified in verified source,OBC,inferred-name,Female,,,,category OBC [inferred-name: Backward Class / DNT / Nomadic / Kapu / Developing Castes],
MSM-0227,Food Bill Concession to Students Studying Medical and Engineering - Gujarat,State/UT,Gujarat,"Director, Developing Castes Welfare",Not specified in verified source,OBC,inferred-department,Not specified in verified source,,,,"category OBC [inferred-department: department 'Director, Developing Castes Welfare']",YES
MSM-0228,Financial Assistance to Purchase Medical and Engineering Instruments - Gujarat,State/UT,Gujarat,"Director, Developing Castes Welfare",Not specified in verified source,OBC,inferred-department,Not specified in verified source,,,,"category OBC [inferred-department: department 'Director, Developing Castes Welfare']",YES
MSM-0229,Post-SSC Scholarship for Boys - Gujarat Developing Castes,State/UT,Gujarat,"Director, Developing Castes Welfare",Not specified in verified source,OBC,inferred-name,Male,,,,category OBC [inferred-name: Backward Class / DNT / Nomadic / Kapu / Developing Castes],
MSM-0230,Post-SSC Scholarship to SEBC Students Living in Hostels - Gujarat,State/UT,Gujarat,"Director, Developing Castes Welfare",Not specified in verified source,OBC,inferred-name,Not specified in verified source,,,,category OBC [inferred-name: OBC/BC/MBC/SEBC/SBC/VJNT/DNT/DNC/OEC],
MSM-0232,Scholarship for Higher Secondary Std XI-XII - Gujarat Developing Castes,State/UT,Gujarat,"Director, Developing Castes Welfare",Not specified in verified source,OBC,inferred-name,Not specified in verified source,,,,category OBC [inferred-name: Backward Class / DNT / Nomadic / Kapu / Developing Castes] | education level: X ['Class XI-XII'],
MSM-0234,Assistance to Nomadic/De-notified Tribe Students in Self-Finance Institutes - Gujarat,State/UT,Gujarat,"Director, Developing Castes Welfare",Not specified in verified source,OBC,inferred-name,Not specified in verified source,,,,category OBC [inferred-name: Backward Class / DNT / Nomadic / Kapu / Developing Castes],
MSM-0235,Scholarship for Technical and Professional Courses - Gujarat Developing Castes,State/UT,Gujarat,"Director, Developing Castes Welfare",Not specified in verified source,OBC,inferred-name,Not specified in verified source,,,,category OBC [inferred-name: Backward Class / DNT / Nomadic / Kapu / Developing Castes],
MSM-0236,Financial Loan for Commercial Pilot Training - Gujarat Developing Castes,State/UT,Gujarat,"Director, Developing Castes Welfare",Not specified in verified source,OBC,inferred-name,Not specified in verified source,,,,category OBC [inferred-name: Backward Class / DNT / Nomadic / Kapu / Developing Castes],
MSM-0237,Book Bank for Medical and Engineering Students - Gujarat,State/UT,Gujarat,"Director, Developing Castes Welfare",Not specified in verified source,OBC,inferred-department,Not specified in verified source,,,,"category OBC [inferred-department: department 'Director, Developing Castes Welfare']",YES
MSM-0238,Prize Scheme for SEBC Students Top Ranks in Std X and XII - Gujarat,State/UT,Gujarat,"Director, Developing Castes Welfare",Not specified in verified source,OBC,inferred-name,Not specified in verified source,,,,category OBC [inferred-name: OBC/BC/MBC/SEBC/SBC/VJNT/DNT/DNC/OEC],
MSM-0239,Bicycle to Girls Studying in Std IX - Gujarat Developing Castes,State/UT,Gujarat,"Director, Developing Castes Welfare",Not specified in verified source,OBC,inferred-name,Female,,,,category OBC [inferred-name: Backward Class / DNT / Nomadic / Kapu / Developing Castes],
MSM-0240,Scholarship for M.Phil and Ph.D. - Gujarat Developing Castes,State/UT,Gujarat,"Director, Developing Castes Welfare",Not specified in verified source,OBC,inferred-name,Not specified in verified source,,,,category OBC [inferred-name: Backward Class / DNT / Nomadic / Kapu / Developing Castes] | education level: PG ['M.Phil / PhD'],
MSM-0241,Loan for Study Abroad - Gujarat Developing Castes,State/UT,Gujarat,"Director, Developing Castes Welfare",Not specified in verified source,OBC,inferred-name,Not specified in verified source,,,,category OBC [inferred-name: Backward Class / DNT / Nomadic / Kapu / Developing Castes],
MSM-0242,Scholarship/Stipend for IAS and IPS Training - Gujarat Developing Castes,State/UT,Gujarat,"Director, Developing Castes Welfare",Not specified in verified source,OBC,inferred-name,Not specified in verified source,,,,category OBC [inferred-name: Backward Class / DNT / Nomadic / Kapu / Developing Castes],
MSM-0243,Pre-SSC Scholarship to Most Backward Classes Std I-X - Gujarat,State/UT,Gujarat,"Director, Developing Castes Welfare",Not specified in verified source,OBC,inferred-name,Not specified in verified source,,,,category OBC [inferred-name: Backward Class / DNT / Nomadic / Kapu / Developing Castes],
MSM-0244,Assistance for Private Tuition to Std 11-12 Science Students - Gujarat SEBC,State/UT,Gujarat,"Director, Developing Castes Welfare",Not specified in verified source,OBC,inferred-name,Not specified in verified source,,,,category OBC [inferred-name: OBC/BC/MBC/SEBC/SBC/VJNT/DNT/DNC/OEC] | education level: X ['Class XI-XII'],
MSM-0245,Financial Assistance to SEBC Students for NIIT/JEE/GUJCET/PMT Training,State/UT,Gujarat,"Director, Developing Castes Welfare",Not specified in verified source,OBC,inferred-name,Not specified in verified source,,,,category OBC [inferred-name: OBC/BC/MBC/SEBC/SBC/VJNT/DNT/DNC/OEC],
MSM-0246,Assistance to SEBC Std 12 Science Students for IIM/CEPT/NIFT/NLU Coaching,State/UT,Gujarat,"Director, Developing Castes Welfare",Not specified in verified source,OBC,inferred-name,Not specified in verified source,,,,category OBC [inferred-name: OBC/BC/MBC/SEBC/SBC/VJNT/DNT/DNC/OEC],
MSM-0247,Talent Pool Scheme for Nomadic and Denotified Tribe Students - Gujarat,State/UT,Gujarat,"Director, Developing Castes Welfare",Not specified in verified source,OBC,inferred-name,Not specified in verified source,,,,category OBC [inferred-name: Backward Class / DNT / Nomadic / Kapu / Developing Castes],
MSM-0264,Stipend to Disabled Students - Goa,State/UT,Goa,Department of Empowerment of Persons with Disabilities,Not specified in verified source,,master,Not specified in verified source,,disability,,only for: disability,
MSM-0265,Scholarship for Disabled Students - Goa,State/UT,Goa,Department of Empowerment of Persons with Disabilities,Not specified in verified source,,master,Not specified in verified source,,disability,,only for: disability,
MSM-0266,Financial Assistance for Education of Children with Special Needs (I-XII) - Goa,State/UT,Goa,Directorate of Education,Not specified in verified source,,master,Not specified in verified source,,disability,,only for: disability,
MSM-0267,Incentive Scholarship to Meritorious Students in Government/Aided Schools V-X - Goa,State/UT,Goa,Directorate of Education,Not specified in verified source,,master,Not specified in verified source,,school,,only for: school,
MSM-0271,Educational Concession to Children of Freedom Fighters - Goa,State/UT,Goa,Directorate of Education,Not specified in verified source,,master,Not specified in verified source,,defence,,only for: defence,
MSM-0272,Educational Concession to Children of Service Personnel - Goa,State/UT,Goa,Directorate of Education,Not specified in verified source,,master,Not specified in verified source,,defence,,only for: defence,
MSM-0273,Backward Classes Post-Matric Scholarship - Karnataka,State/UT,Karnataka,Backward Classes Welfare Department,Not specified in verified source,OBC,inferred-name,Not specified in verified source,,,,category OBC [inferred-name: Backward Class / DNT / Nomadic / Kapu / Developing Castes],
MSM-0274,Backward Classes Fee Reimbursement - Karnataka,State/UT,Karnataka,Backward Classes Welfare Department,Not specified in verified source,OBC,inferred-name,Not specified in verified source,,,,category OBC [inferred-name: Backward Class / DNT / Nomadic / Kapu / Developing Castes],
MSM-0275,Vidyasiri Food and Accommodation Scholarship Scheme - Backward Classes Karnataka,State/UT,Karnataka,Backward Classes Welfare Department,Not specified in verified source,OBC,inferred-name,Not specified in verified source,,,,category OBC [inferred-name: Backward Class / DNT / Nomadic / Kapu / Developing Castes],
MSM-0283,CM Vidyanidhi / Post-Matric Scholarship for Farmer Family Children - Karnataka,State/UT,Karnataka,Department of Agriculture,Not specified in verified source,,master,Not specified in verified source,,farmer,,only for: farmer,
MSM-0285,Blind/PH Scholarship - Kerala,State/UT,Kerala,Directorate of Collegiate Education,Not specified in verified source,,master,Not specified in verified source,,disability,,only for: disability,
MSM-0286,C.H. Muhammed Koya Scholarship,State/UT,Kerala,Directorate of Collegiate Education,Not specified in verified source,Minority,inferred-name,Not specified in verified source,Female,,,category Minority [inferred-name: curated: Kerala minority girls] | gender Female [name],
MSM-0291,Merit Scholarship to Children of School Teachers - Kerala,State/UT,Kerala,Directorate of Collegiate Education,Not specified in verified source,,master,Not specified in verified source,,teachers,,only for: teachers,
MSM-0295,OEC Post-Matric Educational Assistance - Kerala,State/UT,Kerala,Backward Classes Development Department,Not specified in verified source,OBC,inferred-name,Not specified in verified source,,,,category OBC [inferred-name: OBC/BC/MBC/SEBC/SBC/VJNT/DNT/DNC/OEC],
MSM-0297,Overseas Scholarship - Backward Classes Kerala,State/UT,Kerala,Backward Classes Development Department,Not specified in verified source,OBC,inferred-name,Not specified in verified source,,,,category OBC [inferred-name: Backward Class / DNT / Nomadic / Kapu / Developing Castes],
MSM-0298,Employability Enhancement Programme - Kerala,State/UT,Kerala,Backward Classes Development Department,Not specified in verified source,OBC,inferred-department,Not specified in verified source,,,,category OBC [inferred-department: department 'Backward Classes Development Department'],YES
MSM-0299,Kedavilakku Scholarship Scheme - Kerala,State/UT,Kerala,Backward Classes Development Department,Not specified in verified source,OBC,inferred-department,Not specified in verified source,,,,category OBC [inferred-department: department 'Backward Classes Development Department'],YES
MSM-0301,Ayyankali Memorial Talent Search and Development Scholarship,State/UT,Kerala,Scheduled Tribes Development Department,Not specified in verified source,SC; ST,inferred-name,Not specified in verified source,,,,category SC; ST [inferred-name: curated: Kerala SC/ST talent scheme],
MSM-0306,RIMC Dehradun Scholarship - Tamil Nadu,State/UT,Tamil Nadu,Directorate of Collegiate Education,Not specified in verified source,,master,Not specified in verified source,,school,,only for: school,
MSM-0307,EVR Nagammai Scholarship,State/UT,Tamil Nadu,Directorate of Collegiate Education,Not specified in verified source,,master,Not specified in verified source,,,,education level: PG ['Postgraduate'],
MSM-0308,Scholarship for Differently Abled Students towards Purchase of Books and Notebooks - Tamil Nadu,State/UT,Tamil Nadu,Commissionerate for Welfare of Differently Abled,Not specified in verified source,,master,Not specified in verified source,,disability,,only for: disability,
MSM-0309,Free Education Scheme for BC/MBC/DNC - Degree,State/UT,Tamil Nadu,Backward Classes Welfare,Not specified in verified source,OBC,inferred-name,Not specified in verified source,,,,category OBC [inferred-name: OBC/BC/MBC/SEBC/SBC/VJNT/DNT/DNC/OEC] | education level: XII; UG ['Undergraduate'],
MSM-0310,Free Education Scheme for BC/MBC/DNC - Polytechnic,State/UT,Tamil Nadu,Backward Classes Welfare,Not specified in verified source,OBC,inferred-name,Not specified in verified source,,,,category OBC [inferred-name: OBC/BC/MBC/SEBC/SBC/VJNT/DNT/DNC/OEC],
MSM-0311,Free Education Scheme for BC/MBC/DNC - Professional,State/UT,Tamil Nadu,Backward Classes Welfare,Not specified in verified source,OBC,inferred-name,Not specified in verified source,,,,category OBC [inferred-name: OBC/BC/MBC/SEBC/SBC/VJNT/DNT/DNC/OEC],
MSM-0312,Incentive Scheme for Rural MBC/DNC Girl Students,State/UT,Tamil Nadu,Backward Classes Welfare,Not specified in verified source,OBC,inferred-name,Female,,,,category OBC [inferred-name: OBC/BC/MBC/SEBC/SBC/VJNT/DNT/DNC/OEC],
MSM-0313,Thanthai Periyar Memorial Award,State/UT,Tamil Nadu,Backward Classes Welfare,Not specified in verified source,OBC,inferred-department,Not specified in verified source,,,,category OBC [inferred-department: department 'Backward Classes Welfare'],YES
MSM-0314,Perarignar Anna Memorial Award,State/UT,Tamil Nadu,Backward Classes Welfare,Not specified in verified source,OBC,inferred-department,Not specified in verified source,,,,category OBC [inferred-department: department 'Backward Classes Welfare'],YES
MSM-0315,Post-Matric Scholarship for BC/MBC/DNC School Students - Tamil Nadu,State/UT,Tamil Nadu,Backward Classes Welfare,Not specified in verified source,OBC,inferred-name,Not specified in verified source,,,,category OBC [inferred-name: OBC/BC/MBC/SEBC/SBC/VJNT/DNT/DNC/OEC] | education level: X ['Class XI-XII'],
MSM-0316,Post-Matric Scholarship for BC/MBC/DNC College Students - Tamil Nadu,State/UT,Tamil Nadu,Backward Classes Welfare,Not specified in verified source,OBC,inferred-name,Not specified in verified source,,,,category OBC [inferred-name: OBC/BC/MBC/SEBC/SBC/VJNT/DNT/DNC/OEC],
MSM-0318,Higher Education Special Scholarship Scheme - Tamil Nadu,State/UT,Tamil Nadu,Adi Dravidar & Tribal Welfare,Not specified in verified source,SC; ST,inferred-department,Not specified in verified source,,,,category SC; ST [inferred-department: department 'Adi Dravidar & Tribal Welfare'],YES
MSM-0320,Chief Minister Research Fellowship - Tamil Nadu,State/UT,Tamil Nadu,Directorate of Collegiate Education,Not specified in verified source,,master,Not specified in verified source,,,,education level: PG ['PhD'],
MSM-0321,Pudhumai Penn Scheme,State/UT,Tamil Nadu,Government of Tamil Nadu,Not specified in verified source,,master,Not specified in verified source,Female,,,gender Female [name],
MSM-0322,Tamil Pudhalvan Scheme,State/UT,Tamil Nadu,Government of Tamil Nadu,Not specified in verified source,,master,Not specified in verified source,Male,,,gender Male [name],
MSM-0323,Reimbursement of Course Fees under 7.5% Reservation in Medical/Dental Courses - Tamil Nadu,State/UT,Tamil Nadu,Backward Classes Welfare,Not specified in verified source,,master,Not specified in verified source,,school,,only for: school,
MSM-0324,Educational Assistance to BC/MBC Students in Professional Courses - Tamil Nadu,State/UT,Tamil Nadu,Backward Classes Welfare,Not specified in verified source,OBC,inferred-name,Not specified in verified source,,,,category OBC [inferred-name: OBC/BC/MBC/SEBC/SBC/VJNT/DNT/DNC/OEC],
MSM-0325,Educational Assistance to BC/MBC Graduates - Tamil Nadu,State/UT,Tamil Nadu,Backward Classes Welfare,Not specified in verified source,OBC,inferred-name,Not specified in verified source,,,,category OBC [inferred-name: OBC/BC/MBC/SEBC/SBC/VJNT/DNT/DNC/OEC],
MSM-0326,Educational Assistance to BC/MBC Polytechnic Students - Tamil Nadu,State/UT,Tamil Nadu,Backward Classes Welfare,Not specified in verified source,OBC,inferred-name,Not specified in verified source,,,,category OBC [inferred-name: OBC/BC/MBC/SEBC/SBC/VJNT/DNT/DNC/OEC],
MSM-0330,Post-Matric Scholarship - BC Students Telangana,State/UT,Telangana,Backward Classes Welfare,Not specified in verified source,OBC,inferred-name,Not specified in verified source,,,,category OBC [inferred-name: OBC/BC/MBC/SEBC/SBC/VJNT/DNT/DNC/OEC],
MSM-0331,Post-Matric Scholarship - EBC Students Telangana,State/UT,Telangana,Backward Classes Welfare,Not specified in verified source,General,inferred-name,Not specified in verified source,,,,category General [inferred-name: EBC/EWS],
MSM-0333,Post-Matric Scholarship - Students with Disabilities Telangana,State/UT,Telangana,Department for Empowerment of Persons with Disabilities,Not specified in verified source,,master,Not specified in verified source,,disability,,only for: disability,
MSM-0336,Pre-Matric Scholarship for BC Students - Telangana,State/UT,Telangana,Backward Classes Welfare,Not specified in verified source,OBC,inferred-name,Not specified in verified source,,,,category OBC [inferred-name: OBC/BC/MBC/SEBC/SBC/VJNT/DNT/DNC/OEC],
MSM-0337,FAST Maintenance Fee Scholarship (FAST-MTF) - Telangana,State/UT,Telangana,Backward Classes Welfare,Not specified in verified source,OBC,inferred-department,Not specified in verified source,,,,category OBC [inferred-department: department 'Backward Classes Welfare'],YES
MSM-0338,Maintenance Fee Scholarship for Students Studying in Other-State Premier Institutions - Telangana,State/UT,Telangana,Backward Classes Welfare,Not specified in verified source,OBC,inferred-department,Not specified in verified source,,,,category OBC [inferred-department: department 'Backward Classes Welfare'],YES
MSM-0341,Pre-Matric Scholarship for Students with Disabilities I-X - Telangana,State/UT,Telangana,Department for Empowerment of Persons with Disabilities,Not specified in verified source,,master,Not specified in verified source,,disability,,only for: disability,
MSM-0350,Post-Matric Intermediate Scholarship - Uttar Pradesh,State/UT,Uttar Pradesh,Social Sector Departments,Not specified in verified source,,master,Not specified in verified source,,,,education level: X ['Class XI-XII'],
MSM-0355,Pre-Matric Scholarship to Other Economically Backward Class Students - Puducherry,State/UT,Puducherry,Directorate of School Education,Not specified in verified source,General,inferred-name,Not specified in verified source,,,,category General [inferred-name: economically backward/weaker],YES
MSM-0356,Scholarship to Outstanding NCC Cadets - Puducherry,State/UT,Puducherry,Directorate of School Education,Not specified in verified source,,master,Not specified in verified source,,school,,only for: school,
MSM-0358,Scholarship to Puducherry Cadets Studying in RIMC Dehradun,State/UT,Puducherry,Directorate of School Education,Not specified in verified source,,master,Not specified in verified source,,school,,only for: school,
MSM-0359,Scholarship to Puducherry Students Studying in Sainik School Amaravathi Nagar,State/UT,Puducherry,Directorate of School Education,Not specified in verified source,,master,Not specified in verified source,,school,,only for: school,
MSM-0360,Scholarship to Children Receiving National Child Award / National or International Merit Awards - Puducherry,State/UT,Puducherry,Directorate of School Education,Not specified in verified source,,master,Not specified in verified source,,other,,only for: other,
MSM-0361,Incentive to Government School Students VI-XII - Puducherry,State/UT,Puducherry,Directorate of School Education,Not specified in verified source,,master,Not specified in verified source,,school,,only for: school,
MSM-0364,Scholarship to Differently Abled Person Students - Puducherry,State/UT,Puducherry,Department of Social Welfare,Not specified in verified source,,master,Not specified in verified source,,disability,,only for: disability,
MSM-0366,Pre-Matric Scholarship to Children of Persons Engaged in Unclean Occupations - DNH & DD,State/UT,Dadra & Nagar Haveli and Daman & Diu,Directorate of Education,Not specified in verified source,,master,Not specified in verified source,,workers,,only for: workers,
MSM-0371,Scholarship for Students with Disabilities - DNH & DD,State/UT,Dadra & Nagar Haveli and Daman & Diu,Social Welfare,Not specified in verified source,,master,Not specified in verified source,,disability,,only for: disability,
MSM-0381,Pre-Matric Scholarship Component II for Children of Parents/Guardians in Hazardous Occupations - West Bengal,State/UT,West Bengal,Backward Classes Welfare / Tribal Development,Not specified in verified source,,master,Not specified in verified source,,workers,,only for: workers,
MSM-0392,Kanyashree K3 Scholarship,State/UT,West Bengal,Department of Higher Education,Not specified in verified source,,master,Female,,,,education level: PG ['Postgraduate'],
MSM-0394,Aikyashree Pre-Matric Scholarship,State/UT,West Bengal,Minority Affairs and Madrasah Education / WBMDFC,Not specified in verified source,Minority,inferred-name,Not specified in verified source,,,,category Minority [inferred-name: curated: West Bengal minority scholarship],
MSM-0395,Aikyashree Post-Matric Scholarship,State/UT,West Bengal,Minority Affairs and Madrasah Education / WBMDFC,Not specified in verified source,Minority,inferred-name,Not specified in verified source,,,,category Minority [inferred-name: curated: West Bengal minority scholarship],
MSM-0396,Aikyashree Merit-cum-Means Scholarship,State/UT,West Bengal,Minority Affairs and Madrasah Education / WBMDFC,Not specified in verified source,Minority,inferred-name,Not specified in verified source,,,,category Minority [inferred-name: curated: West Bengal minority scholarship],
MSM-0403,Post-Matric Scholarship - RTF Fee Reimbursement - BC Students Andhra Pradesh,State/UT,Andhra Pradesh,Social/Tribal/BC/Minority Welfare Departments,Not specified in verified source,OBC,inferred-name,Not specified in verified source,,,,category OBC [inferred-name: OBC/BC/MBC/SEBC/SBC/VJNT/DNT/DNC/OEC],
MSM-0404,Post-Matric Scholarship - MTF Maintenance - BC Students Andhra Pradesh,State/UT,Andhra Pradesh,Social/Tribal/BC/Minority Welfare Departments,Not specified in verified source,OBC,inferred-name,Not specified in verified source,,,,category OBC [inferred-name: OBC/BC/MBC/SEBC/SBC/VJNT/DNT/DNC/OEC],
MSM-0405,Post-Matric Scholarship - RTF Fee Reimbursement - EBC Students Andhra Pradesh,State/UT,Andhra Pradesh,Social/Tribal/BC/Minority Welfare Departments,Not specified in verified source,General,inferred-name,Not specified in verified source,,,,category General [inferred-name: EBC/EWS],
MSM-0406,Post-Matric Scholarship - MTF Maintenance - EBC Students Andhra Pradesh,State/UT,Andhra Pradesh,Social/Tribal/BC/Minority Welfare Departments,Not specified in verified source,General,inferred-name,Not specified in verified source,,,,category General [inferred-name: EBC/EWS],
MSM-0407,Post-Matric Scholarship - RTF Fee Reimbursement - Kapu Students Andhra Pradesh,State/UT,Andhra Pradesh,Social/Tribal/BC/Minority Welfare Departments,Not specified in verified source,OBC,inferred-name,Not specified in verified source,,,,category OBC [inferred-name: Backward Class / DNT / Nomadic / Kapu / Developing Castes],
MSM-0408,Post-Matric Scholarship - MTF Maintenance - Kapu Students Andhra Pradesh,State/UT,Andhra Pradesh,Social/Tribal/BC/Minority Welfare Departments,Not specified in verified source,OBC,inferred-name,Not specified in verified source,,,,category OBC [inferred-name: Backward Class / DNT / Nomadic / Kapu / Developing Castes],
MSM-0411,Post-Matric Scholarship - RTF Fee Reimbursement - Differently Abled Students Andhra Pradesh,State/UT,Andhra Pradesh,Social/Tribal/BC/Minority Welfare Departments,Not specified in verified source,,master,Not specified in verified source,,disability,,only for: disability,
MSM-0412,Post-Matric Scholarship - MTF Maintenance - Differently Abled Students Andhra Pradesh,State/UT,Andhra Pradesh,Social/Tribal/BC/Minority Welfare Departments,Not specified in verified source,,master,Not specified in verified source,,disability,,only for: disability,
MSM-0420,Arunachal Pradesh Scheme for Award of Stipend to APST Students,State/UT,Arunachal Pradesh,Education Department,Not specified in verified source,ST,inferred-name,Not specified in verified source,,,,category ST [inferred-name: ST],
MSM-0427,Scholarship for Students with Disabilities - Chandigarh,State/UT,Chandigarh,Social Welfare / Education Department,Not specified in verified source,,master,Not specified in verified source,,disability,,only for: disability,
MSM-0428,Financial Assistance for Education under Mission Vatsalya / Child Care - Chandigarh,State/UT,Chandigarh,Social Welfare / Education Department,Not specified in verified source,,master,Not specified in verified source,,orphan,,only for: orphan,
MSM-0430,Post-Matric Scholarship for SC Students XI-XII - Punjab,State/UT,Punjab,School Education / Social Justice / Labour / Social Security,SC,,master,Not specified in verified source,,,,education level: X ['Class XI-XII'],
MSM-0431,Post-Matric Scholarship for OBC Students XI-XII - Punjab,State/UT,Punjab,School Education / Social Justice / Labour / Social Security,OBC,,master,Not specified in verified source,,,,education level: X ['Class XI-XII'],
MSM-0434,Pre-Matric Scholarship for Children of Parents in Unclean Occupations - Punjab,State/UT,Punjab,School Education / Social Justice / Labour / Social Security,Not specified in verified source,,master,Not specified in verified source,,workers,,only for: workers,
MSM-0437,Encouragement Award to SC Girl Students for Pursuing 10+2 Education - Punjab,State/UT,Punjab,School Education / Social Justice / Labour / Social Security,SC,,master,Female,,,,education level: X ['Class XI-XII'],
MSM-0440,Sainik Scholarship Scheme - Punjab,State/UT,Punjab,School Education / Social Justice / Labour / Social Security,Not specified in verified source,,master,Not specified in verified source,,school,,only for: school,
MSM-0442,Attendance Scholarship to BC/EWS Primary Girl Students - Punjab,State/UT,Punjab,School Education / Social Justice / Labour / Social Security,Not specified in verified source,OBC; General,inferred-name,Female,,,,"category OBC; General [inferred-name: EBC/EWS, OBC/BC/MBC/SEBC/SBC/VJNT/DNT/DNC/OEC]",
MSM-0443,Scholarship Scheme for Children of Registered Construction Workers - Punjab,State/UT,Punjab,School Education / Social Justice / Labour / Social Security,Not specified in verified source,,master,Not specified in verified source,,workers,,only for: workers,
MSM-0444,Scholarship to Disabled Students - Punjab,State/UT,Punjab,School Education / Social Justice / Labour / Social Security,Not specified in verified source,,master,Not specified in verified source,,disability,,only for: disability,
MSM-0445,Dr. Ambedkar Medhavi Chhatravriti Yojna for SC Students - Himachal Pradesh,State/UT,Himachal Pradesh,Directorate of Higher Education,SC,,master,Not specified in verified source,,,,education level: X ['Class XI-XII'],
MSM-0446,Dr. Ambedkar Medhavi Chhatravriti Yojna for OBC Students - Himachal Pradesh,State/UT,Himachal Pradesh,Directorate of Higher Education,OBC,,master,Not specified in verified source,,,,education level: X ['Class XI-XII'],
MSM-0447,Swami Vivekanand Utkrisht Chhatervritti Yojna,State/UT,Himachal Pradesh,Directorate of Higher Education,Not specified in verified source,,master,Not specified in verified source,,,,education level: X ['Class XI-XII'],
MSM-0448,Thakur Sen Negi Utkrisht Chhatervritti Yojna,State/UT,Himachal Pradesh,Directorate of Higher Education,Not specified in verified source,ST,inferred-name,Not specified in verified source,,,,category ST [inferred-name: curated: Himachal ST merit scheme] | education level: X ['Class XI-XII'],
MSM-0451,Financial Assistance to Children of Armed Forces Personnel Killed/Disabled in War/Operations - Himachal Pradesh,State/UT,Himachal Pradesh,Directorate of Higher Education,Not specified in verified source,,master,Not specified in verified source,,defence,,only for: defence,
MSM-0452,NDA Scholarship Scheme - Himachal Pradesh,State/UT,Himachal Pradesh,Directorate of Higher Education,Not specified in verified source,,master,Not specified in verified source,,school,,only for: school,
MSM-0453,Kalpana Chawla Chhatravriti Yojna,State/UT,Himachal Pradesh,Directorate of Higher Education,Not specified in verified source,,master,Not specified in verified source,Female,,,gender Female [name],
MSM-0456,Prize Money for Students Selected in NDA/IMA/OTA/IAF/INA - Uttarakhand,State/UT,Uttarakhand,Higher Education Department,Not specified in verified source,,master,Not specified in verified source,,school,,only for: school,
MSM-0466,Scholarship to Students with Disabilities - Uttarakhand,State/UT,Uttarakhand,Social Welfare Department,Not specified in verified source,,master,Not specified in verified source,,disability,,only for: disability,
MSM-0467,RIMC Scholarship - Uttarakhand,State/UT,Uttarakhand,School Education,Not specified in verified source,,master,Not specified in verified source,,school,,only for: school,
MSM-0470,Sainik School Ghorakhal Chhatravriti,State/UT,Uttarakhand,School Education,Not specified in verified source,,master,Not specified in verified source,,school,,only for: school,
MSM-0471,Financial Assistance for Educational Development of Bengali-Origin Students - Uttarakhand,State/UT,Uttarakhand,Social Welfare Department,Not specified in verified source,,master,Not specified in verified source,,other,,only for: other,
MSM-0483,Pre-Matric Scholarship for BC Students - Jharkhand,State/UT,Jharkhand,Welfare Department,Not specified in verified source,OBC,inferred-name,Not specified in verified source,,,,category OBC [inferred-name: OBC/BC/MBC/SEBC/SBC/VJNT/DNT/DNC/OEC],
MSM-0486,Post-Matric Scholarship for BC Students - Jharkhand,State/UT,Jharkhand,Welfare Department,Not specified in verified source,OBC,inferred-name,Not specified in verified source,,,,category OBC [inferred-name: OBC/BC/MBC/SEBC/SBC/VJNT/DNT/DNC/OEC],
MSM-0489,Savitribai Phule Kishori Samridhi Yojana,State/UT,Jharkhand,Women & Child Development / State,Not specified in verified source,,master,Not specified in verified source,Female,,,gender Female [name],
MSM-0492,Sainik School Scholarship - Manipur,State/UT,Manipur,Education / Welfare Departments,Not specified in verified source,,master,Not specified in verified source,,school,,only for: school,
MSM-0499,Award for Meritorious Students in HSSLC Science Stream - Meghalaya,State/UT,Meghalaya,DERT / Education,Not specified in verified source,,master,Not specified in verified source,,,,education level: X; XII ['Class XII'],
MSM-0503,Post-Matric Scholarship to Backward Classes Recognized Communities - Meghalaya,State/UT,Meghalaya,Higher & Technical Education,Not specified in verified source,OBC,inferred-name,Not specified in verified source,,,,category OBC [inferred-name: Backward Class / DNT / Nomadic / Kapu / Developing Castes],
MSM-0504,Border Area Scholarship - Meghalaya,State/UT,Meghalaya,Government of Meghalaya,Not specified in verified source,,master,Not specified in verified source,,other,,only for: other,
MSM-0507,Scholarship to Physically Handicapped Students - Meghalaya,State/UT,Meghalaya,Social Welfare,Not specified in verified source,,master,Not specified in verified source,,disability,,only for: disability,
MSM-0510,Scholarship for Sainik School Students - Mizoram,State/UT,Mizoram,Higher & Technical Education,Not specified in verified source,,master,Not specified in verified source,,school,,only for: school,
MSM-0511,Mizoram Research Fellowship,State/UT,Mizoram,Higher & Technical Education,Not specified in verified source,,master,Not specified in verified source,,,,education level: PG ['M.Phil / PhD'],
MSM-0513,Nagaland Government School Students' Meritorious Award,State/UT,Nagaland,School Education,Not specified in verified source,,master,Not specified in verified source,,school,,only for: school,
MSM-0515,State Research Scholarship - Nagaland,State/UT,Nagaland,Higher Education,Not specified in verified source,,master,Not specified in verified source,,,,education level: PG ['PhD'],
MSM-0517,State Disability Scholarship - Nagaland,State/UT,Nagaland,Social Welfare,Not specified in verified source,,master,Not specified in verified source,,disability,,only for: disability,
MSM-0526,Post-Matric Scholarship for EBC Students - Sikkim,State/UT,Sikkim,Social Welfare Department,Not specified in verified source,General,inferred-name,Not specified in verified source,,,,category General [inferred-name: EBC/EWS],
MSM-0532,Pre-Matric Scholarship Component II for Children in Unclean Occupations - Sikkim,State/UT,Sikkim,Social Welfare Department,Not specified in verified source,,master,Not specified in verified source,,workers,,only for: workers,
MSM-0536,Girls' Stipend for Class XI-XII - Tripura,State/UT,Tripura,School Education / Minority Welfare,Not specified in verified source,,master,Female,,,,education level: X ['Class XI-XII'],
MSM-0537,Tripura Government Merit-cum-Means Scholarship for Class XI-XII,State/UT,Tripura,School Education / Minority Welfare,Not specified in verified source,,master,Not specified in verified source,,,,education level: X ['Class XI-XII'],
